25,3,0,0,0,0,0,0,1,1,4,10,3,5,0,3,3,0,1,1,1,3,13,1,3,3,2,3,1,0,5,2,2,10,1,1,6,1,1,1,1,5,5,0,9,2,0,5,1,2,3,1,2,0,5,9,0,4,4,2,1,1,1,3,4,0,11,6,2,1,0,0,4,1,6,2,3,9,4,1,3,0,4,0,2,4,2,2,11,2,0,0,1,0,4,3,6,5,6,5
2,6,2,15,1,2,0,0,0,2,4,5,2,7,2,0,2,2,4,2,0,7,6,4,6,3,2,1,1,0,2,8,2,8,1,1,4,1,1,2,0,3,3,3,7,2,0,8,1,3,1,2,2,0,4,5,2,7,5,2,1,4,2,2,3,3,7,4,1,3,0,2,6,2,6,2,2,8,1,1,1,3,1,3,1,7,1,6,2,5,1,0,2,1,3,2,2,7,4,8
212,5,0,0,0,0,0,0,0,0,21,104,17,30,0,12,27,0,4,2,13,37,104,2,25,14,15,6,1,0,37,15,13,100,0,0,39,3,5,5,0,37,25,6,74,2,0,37,17,19,24,10,7,0,22,79,0,19,28,28,16,1,6,7,24,3,96,36,14,14,0,5,32,5,31,16,25,65,31,7,7,2,11,0,5,33,17,17,102,23,0,0,9,0,13,4,56,37,50,48
5,101,8,78,2,1,0,0,8,14,29,32,33,50,1,20,32,1,15,4,1,66,47,11,37,24,15,8,6,2,37,30,6,59,4,1,47,10,12,11,4,29,36,10,55,9,5,40,16,13,19,14,10,0,30,52,0,35,40,17,1,17,10,27,29,10,44,53,8,18,0,12,26,7,54,19,21,43,21,14,12,10,11,2,10,56,12,29,38,37,1,0,12,4,16,13,30,46,21,74
235,3,0,0,0,0,0,0,0,0,38,123,10,32,1,3,27,0,3,1,17,34,140,0,24,14,9,0,0,0,31,13,8,145,0,0,33,1,3,4,0,32,29,10,101,2,0,36,7,21,17,7,1,0,19,130,0,20,20,24,28,0,3,2,15,2,110,40,14,24,0,2,43,5,34,10,23,84,26,11,5,1,11,0,2,47,13,13,120,26,0,0,6,0,9,5,51,34,46,87
3,131,2,90,0,1,0,0,7,4,25,51,45,63,2,8,33,0,7,4,7,79,45,5,49,29,11,9,4,0,59,39,6,52,4,0,64,4,4,6,1,40,25,12,65,3,3,48,18,23,17,18,6,0,30,38,1,40,61,27,1,20,12,24,31,2,62,61,11,14,0,6,22,7,64,25,16,59,22,17,4,8,16,0,3,76,12,27,42,50,0,0,10,1,20,7,37,74,31,58
249,0,0,0,0,0,0,0,0,0,29,155,8,28,0,3,24,0,2,0,11,22,186,0,21,5,3,1,0,0,20,11,4,167,0,0,39,2,3,3,0,44,17,2,120,1,0,38,8,19,16,9,2,0,25,137,0,12,30,18,38,1,0,1,12,0,131,33,5,28,0,2,42,0,36,6,31,102,26,4,2,1,8,0,2,32,14,6,165,19,0,0,3,0,8,1,43,40,69,85
0,151,1,94,0,0,0,0,2,1,34,49,48,68,2,8,29,0,7,4,12,104,36,4,56,18,13,4,2,0,65,39,11,58,0,0,64,2,5,5,0,42,51,10,71,2,3,42,7,21,21,11,9,0,28,48,0,35,54,43,6,12,7,11,37,4,59,76,14,23,0,8,25,5,80,24,21,43,18,25,2,6,7,0,2,106,18,39,26,43,0,0,2,0,17,10,37,63,31,89
248,1,0,0,0,0,0,0,0,0,35,166,6,20,0,1,18,0,3,0,4,22,201,1,18,3,0,0,0,0,21,2,5,187,0,0,34,0,0,0,0,34,13,1,145,1,0,39,6,10,7,5,0,0,22,167,0,13,18,17,17,0,0,1,12,1,146,49,2,21,0,2,33,1,42,0,29,109,27,6,1,0,3,0,0,30,10,14,170,21,0,0,2,0,4,1,56,34,73,79
1,145,0,101,1,0,0,0,0,1,29,48,36,85,2,12,35,0,2,0,16,126,28,1,37,31,8,0,2,0,69,27,12,48,1,0,84,4,3,1,0,32,43,9,56,2,1,79,8,19,15,11,6,0,40,38,0,33,64,42,21,11,6,15,29,0,63,72,7,25,0,4,16,1,86,17,29,63,18,15,1,1,7,0,3,108,11,37,34,47,0,0,4,1,11,3,35,71,41,83
249,0,0,0,0,0,0,0,0,0,36,173,2,23,0,3,11,0,1,0,0,19,210,0,16,4,0,0,0,0,20,3,1,190,0,0,33,0,1,1,0,31,22,0,142,1,0,40,4,9,9,1,1,0,18,172,0,12,22,14,11,0,0,0,6,0,178,39,1,14,0,1,38,0,45,6,22,117,19,1,0,0,2,0,1,31,5,12,191,7,0,0,2,0,3,0,45,44,69,86
0,161,0,88,0,0,0,0,0,0,29,49,42,81,1,6,38,0,3,0,4,143,26,1,40,24,9,2,0,0,66,28,10,50,0,0,95,0,0,0,0,43,44,3,71,2,0,60,9,17,9,9,5,0,43,42,0,26,76,39,24,4,4,10,32,0,42,88,11,34,0,3,26,0,89,10,27,50,24,20,3,1,4,0,2,108,10,32,31,58,0,0,4,0,16,1,37,68,30,93
249,0,0,0,0,0,0,0,0,0,32,181,1,21,0,0,14,0,0,0,0,17,216,0,13,3,0,0,0,0,13,2,0,206,0,0,27,1,0,0,0,26,11,0,167,1,0,32,3,9,7,2,0,0,13,181,0,9,18,19,3,0,0,1,4,0,202,28,3,8,0,0,31,0,40,0,22,137,19,0,1,0,1,0,0,28,5,8,189,17,0,0,3,0,2,0,51,39,65,89
0,150,0,99,0,0,0,0,0,0,41,39,27,93,0,2,45,0,2,0,5,146,26,1,40,23,8,0,0,0,64,29,5,37,0,0,112,2,0,0,0,36,49,3,66,1,0,75,9,10,7,7,5,0,38,36,0,30,85,41,21,6,3,15,33,0,31,108,2,30,0,1,34,0,94,8,25,45,27,15,1,1,7,0,0,123,11,27,29,50,0,0,0,0,12,3,44,79,31,80
249,0,0,0,0,0,0,0,0,0,32,187,1,19,0,0,10,0,0,0,0,8,230,0,8,2,1,0,0,0,8,0,1,211,0,0,29,0,0,0,0,18,14,0,182,0,0,28,0,7,1,1,0,0,7,199,0,8,17,16,1,0,0,0,3,0,200,35,0,10,0,1,32,0,33,3,19,138,23,0,0,0,1,0,0,15,5,7,210,11,0,0,0,0,2,0,44,33,69,101
0,168,0,81,0,0,0,0,0,0,43,43,26,87,0,5,44,0,1,0,0,170,13,0,43,21,2,0,0,0,67,17,10,32,0,0,123,0,0,0,0,59,43,2,47,0,0,76,6,16,12,3,3,0,62,26,0,29,80,34,14,5,2,10,31,0,29,116,3,39,0,0,25,0,115,11,24,44,17,13,0,0,4,0,1,139,8,32,15,50,0,0,0,0,6,2,29,80,38,94
249,0,0,0,0,0,0,0,0,0,24,194,0,21,0,0,9,0,1,0,0,12,223,0,11,3,0,0,0,0,8,1,0,221,0,0,19,0,0,0,0,19,6,0,196,0,0,25,1,2,0,0,0,0,7,205,0,15,15,7,0,0,0,0,2,0,213,32,0,2,0,0,26,0,45,2,10,151,15,0,0,0,2,0,0,21,1,7,207,11,0,0,0,0,0,0,42,45,72,90
0,161,0,88,0,0,0,0,0,0,57,35,20,89,0,2,46,0,0,0,0,168,20,0,46,12,3,0,0,0,66,25,3,27,0,0,128,0,0,0,0,58,38,1,48,0,0,93,5,6,5,5,2,0,58,24,0,31,90,34,14,3,0,17,30,0,22,128,3,32,0,0,23,0,117,4,39,46,17,3,0,1,3,0,2,137,3,24,20,59,0,0,0,0,7,1,33,68,38,102
249,0,0,0,0,0,0,0,0,0,8,208,1,22,0,0,10,0,0,0,0,9,233,0,7,0,0,0,0,0,6,0,0,225,0,0,18,0,0,0,0,12,5,1,219,0,0,10,0,2,2,0,0,0,14,208,0,4,14,7,0,0,0,0,5,0,214,25,0,5,0,0,31,0,57,1,11,140,9,0,0,0,0,0,0,12,0,3,220,14,0,0,0,0,1,0,24,40,76,108
0,177,0,72,0,0,0,0,0,0,50,26,24,106,0,0,43,0,0,0,0,179,12,0,40,18,0,0,0,0,72,21,1,21,0,0,134,0,0,0,0,55,49,2,27,0,0,102,3,11,4,0,1,0,54,24,0,32,97,37,4,2,0,6,37,0,25,150,1,24,0,0,25,0,108,5,27,55,20,9,0,0,1,0,0,148,4,23,20,53,0,0,0,0,2,0,32,75,42,98
19,3,2,4,0,0,0,0,1,1,5,10,2,5,2,2,2,1,1,0,0,4,13,3,4,2,0,0,3,1,2,3,2,11,4,0,2,3,1,2,1,2,7,4,3,1,2,5,4,1,1,2,3,0,4,6,1,3,8,2,1,2,1,5,2,0,14,2,1,2,0,0,3,3,3,1,6,4,5,5,0,1,1,1,3,6,0,0,12,6,0,0,2,2,1,4,3,4,3,11
1,4,1,19,0,0,4,0,1,0,4,9,6,3,3,3,0,1,1,0,1,10,3,0,4,6,2,2,1,1,1,6,2,8,1,2,7,3,0,0,2,3,6,2,1,4,1,7,1,3,1,2,5,1,4,8,1,1,4,3,2,5,1,7,1,1,3,3,1,6,0,2,4,2,2,2,4,6,3,5,0,2,2,0,5,7,2,2,2,8,0,0,3,2,2,2,6,7,3,5
182,3,0,28,0,0,0,0,0,4,33,108,12,32,1,1,13,1,16,0,0,27,139,14,8,9,2,1,15,2,29,23,2,92,18,0,24,11,5,13,0,16,61,13,29,10,25,21,40,2,10,12,18,0,21,58,1,16,60,21,3,15,11,36,11,0,106,12,8,15,0,0,11,26,15,6,56,25,36,42,1,3,2,5,13,37,2,0,135,19,0,2,9,9,0,12,16,33,42,94
22,37,6,137,1,0,4,0,1,9,39,53,38,45,18,11,10,2,0,1,0,82,22,18,22,41,5,0,20,7,12,36,21,39,25,0,40,25,8,11,0,21,36,18,31,17,11,50,16,17,5,19,18,4,20,66,1,23,29,32,11,17,5,49,21,1,38,21,5,49,0,2,13,16,37,15,32,48,31,23,2,4,5,3,21,68,7,4,29,74,0,4,12,11,6,23,41,59,15,46
213,2,0,22,0,0,1,0,0,0,27,154,10,36,0,0,2,0,9,0,0,28,185,2,3,8,6,1,2,3,37,27,1,123,16,0,17,12,0,5,0,13,79,8,44,8,19,30,37,0,4,7,24,0,21,76,1,13,78,14,0,7,8,45,4,0,133,12,7,22,0,0,6,23,13,6,67,38,45,40,0,1,0,0,14,28,2,0,167,26,0,0,3,6,0,9,17,32,45,126
17,35,2,171,0,0,1,0,0,12,45,50,41,59,8,10,12,0,13,0,0,105,27,10,19,50,5,1,15,6,9,44,13,59,25,0,57,15,4,12,2,32,44,9,30,20,17,44,29,11,4,24,16,0,24,81,0,22,30,37,5,18,10,55,25,0,50,17,13,45,0,1,12,27,34,8,24,58,40,34,0,0,1,2,16,83,10,5,31,90,0,0,7,7,4,19,32,90,32,47
236,0,1,12,0,0,0,0,0,0,24,174,8,32,0,2,2,0,7,0,0,20,210,5,6,3,2,0,3,0,38,21,1,143,16,0,20,4,0,6,0,14,97,4,42,7,18,35,31,1,2,6,19,0,21,74,0,23,92,12,0,8,8,25,2,0,187,2,0,17,0,0,5,8,26,2,68,49,34,57,0,0,0,1,8,26,0,0,194,20,0,0,5,1,0,12,13,28,49,141
9,25,1,209,0,0,0,0,0,5,51,46,55,53,9,5,19,0,11,0,0,126,22,6,24,57,3,0,10,1,22,67,11,50,20,0,58,13,2,6,0,22,31,11,55,31,14,53,28,4,6,11,20,0,21,98,0,22,37,34,2,17,16,66,19,0,32,24,13,60,0,0,15,26,33,13,35,62,36,29,0,1,0,0,12,111,4,0,31,90,0,0,5,3,4,17,39,93,42,46
240,0,0,9,0,0,0,0,0,0,17,200,4,26,0,0,0,0,2,0,0,28,213,1,1,4,0,0,2,0,45,18,1,123,12,0,37,7,0,6,0,14,102,1,39,6,12,37,38,0,0,4,16,0,12,121,0,4,81,11,0,4,3,34,3,0,191,2,1,11,0,0,5,12,30,3,72,46,31,50,0,0,0,0,5,25,0,0,204,15,0,0,3,2,0,7,13,39,32,153
8,17,0,224,0,0,0,0,0,0,40,35,71,69,11,3,10,0,10,0,0,125,24,12,21,54,1,1,9,2,19,40,8,72,29,0,64,15,0,2,0,15,38,5,71,25,19,55,20,1,0,6,22,0,25,88,0,22,59,27,1,14,19,79,15,0,35,32,6,48,0,1,10,12,40,2,36,70,32,46,0,1,1,0,12,102,3,0,26,104,0,0,5,2,0,24,26,94,51,47
241,0,0,8,0,0,0,0,0,0,14,209,1,23,0,0,1,0,1,0,0,14,229,0,0,3,1,0,2,0,35,16,0,155,8,0,35,0,0,0,0,7,107,4,34,4,17,43,33,0,0,0,15,0,11,122,0,8,81,12,0,1,1,21,4,0,212,2,0,8,0,0,0,7,21,0,79,49,43,50,0,0,0,0,2,14,0,0,223,10,0,0,0,1,0,5,10,34,39,160
7,12,0,230,0,0,0,0,0,0,54,33,65,76,5,1,9,0,6,0,0,149,15,3,18,56,2,0,6,0,27,59,5,54,23,0,69,4,0,8,0,13,44,9,76,22,11,53,19,2,0,6,20,0,26,82,0,27,60,28,0,7,12,102,15,0,25,22,5,61,0,0,7,19,30,1,39,69,35,49,0,0,0,0,4,118,2,0,16,109,0,0,3,3,0,8,37,91,50,57
248,0,0,1,0,0,0,0,0,0,9,223,2,15,0,0,0,0,0,0,0,13,233,0,0,3,0,0,0,0,29,10,0,172,7,0,31,0,0,0,0,8,109,2,47,4,11,39,29,0,0,2,8,0,9,131,0,6,86,7,0,2,1,21,0,0,214,1,0,10,0,0,1,6,19,0,87,47,25,64,0,0,0,0,0,12,0,0,222,15,0,0,1,0,0,5,7,30,30,176
1,8,0,240,0,0,0,0,0,0,60,23,81,77,2,1,4,0,1,0,0,168,13,3,11,49,2,0,3,0,38,57,3,45,21,0,74,9,0,2,0,20,36,5,75,17,11,66,19,0,0,6,16,0,23,97,0,12,76,19,1,15,7,104,13,0,26,27,0,56,0,0,3,16,41,2,38,79,26,44,0,0,0,0,6,119,3,0,19,102,0,0,3,1,0,13,27,113,57,35
245,0,0,4,0,0,0,0,0,0,8,220,2,19,0,0,0,0,0,0,0,6,242,0,1,0,0,0,0,0,27,10,0,172,5,0,33,2,0,0,0,6,119,1,43,3,9,44,24,0,0,0,3,0,4,153,0,4,78,7,0,0,0,25,1,0,216,1,0,6,0,0,0,3,14,0,90,45,30,67,0,0,0,0,1,9,0,0,230,9,0,0,0,0,0,2,5,37,31,174
4,5,0,240,0,0,0,0,0,0,59,27,74,83,2,0,1,0,3,0,0,174,4,0,15,51,1,0,4,0,42,49,2,46,15,0,92,3,0,0,0,12,39,4,84,21,15,58,15,1,0,4,21,0,27,73,0,22,82,20,0,10,7,120,14,0,29,15,0,54,0,0,2,10,30,2,37,78,51,39,0,0,0,0,10,114,0,0,14,111,0,0,1,0,0,11,32,121,40,44
248,0,0,1,0,0,0,0,0,0,7,234,1,7,0,0,0,0,0,0,0,4,244,0,0,1,0,0,0,0,25,9,0,184,4,0,25,2,0,0,0,6,117,0,52,3,9,44,18,0,0,0,2,0,2,163,0,2,77,3,0,0,0,29,0,0,217,1,0,2,0,0,0,3,25,0,85,51,29,56,0,0,0,0,1,8,0,0,232,8,0,0,0,0,0,2,4,28,22,193
1,3,0,245,0,0,0,0,0,0,65,13,77,91,1,0,1,0,1,0,0,193,4,1,11,40,0,0,0,0,26,52,2,52,10,0,106,1,0,0,0,11,52,2,87,4,13,65,15,0,0,2,22,0,17,78,0,14,97,19,0,9,1,128,5,0,26,24,0,56,0,0,4,8,30,0,40,75,36,56,0,0,0,0,6,108,0,0,13,122,0,0,0,0,0,5,18,128,55,43
249,0,0,0,0,0,0,0,0,0,8,233,0,8,0,0,0,0,0,0,0,7,242,0,0,0,0,0,0,0,22,5,0,196,2,0,23,1,0,0,0,3,125,0,45,3,7,40,26,0,0,0,1,0,4,146,0,3,94,1,0,0,0,15,0,0,231,0,0,3,0,0,0,2,17,0,74,54,27,75,0,0,0,0,0,6,0,0,236,7,0,0,0,0,0,2,2,14,26,205
0,3,0,246,0,0,0,0,0,0,54,15,83,92,4,0,1,0,0,0,0,190,7,0,6,42,0,0,4,0,27,58,0,45,16,0,99,4,0,0,0,12,54,0,95,5,12,58,13,0,0,1,18,0,11,89,0,16,99,15,0,8,3,132,6,0,14,25,0,61,0,0,1,7,21,3,42,88,36,51,0,0,0,0,3,130,0,0,12,104,0,0,1,0,0,5,13,149,48,33
17,6,0,4,0,0,1,0,1,1,5,10,2,4,1,4,1,1,1,1,2,4,11,0,5,5,0,1,0,2,4,5,5,8,2,1,2,1,0,2,0,4,5,2,3,5,2,5,3,1,0,1,5,1,2,12,0,3,3,3,2,1,2,6,1,2,11,2,0,3,1,0,2,2,4,5,1,6,3,6,0,1,4,2,2,4,1,0,12,4,0,0,3,2,3,8,1,4,5,4
8,8,2,10,1,1,0,0,0,0,2,4,7,6,2,4,1,1,2,1,0,5,4,3,5,3,6,3,1,0,8,5,0,8,5,0,2,1,1,0,2,4,3,1,7,3,0,5,1,4,0,2,6,1,5,3,0,3,6,4,2,5,3,5,1,0,5,6,0,3,0,1,1,1,7,6,2,5,3,4,1,0,1,0,2,7,2,5,7,5,1,1,3,0,4,3,1,4,7,6
163,27,0,23,0,0,0,0,2,2,42,112,10,19,3,19,8,0,4,0,23,19,104,0,19,27,4,9,0,12,35,32,35,78,7,0,15,11,0,4,0,29,62,14,25,19,14,26,10,18,0,12,26,2,12,94,0,19,23,29,14,14,4,52,3,4,91,10,0,25,8,0,15,9,22,19,6,60,29,49,0,4,20,23,8,36,1,1,100,24,0,2,19,1,13,53,12,22,34,61
45,64,2,92,1,0,6,0,4,3,22,39,53,41,9,27,10,1,11,4,5,52,44,5,44,38,10,8,3,8,42,38,25,43,20,1,25,11,0,12,3,25,26,7,48,34,18,34,21,1,0,8,24,6,23,55,0,27,39,35,13,11,11,55,16,8,50,27,0,26,13,5,13,15,50,19,7,37,27,31,0,7,22,5,13,54,2,9,56,49,0,4,16,4,29,33,9,33,55,34
202,19,0,16,0,0,0,0,0,1,43,142,8,26,1,11,4,0,3,0,29,25,129,0,13,27,3,3,0,9,34,43,23,110,6,0,14,6,0,2,0,44,81,15,20,21,10,14,9,24,0,4,18,0,14,132,0,18,28,24,12,19,2,57,0,1,129,4,0,14,4,0,17,7,26,29,3,87,26,39,0,2,8,12,5,29,0,1,154,27,0,0,20,2,11,72,9,17,33,74
31,77,0,115,7,0,1,0,2,5,29,44,66,39,10,32,12,0,4,2,10,47,51,1,57,47,8,5,0,12,54,43,25,50,19,0,31,8,0,8,1,30,38,12,49,33,17,40,16,2,0,8,35,1,26,38,0,37,39,54,13,9,9,71,6,7,53,30,0,40,6,4,15,7,68,21,4,50,22,41,0,2,13,22,14,77,2,9,45,54,0,3,24,3,22,34,11,37,60,44
230,13,0,6,0,0,0,0,0,0,41,175,3,17,1,11,0,0,1,0,29,19,156,0,10,23,1,2,0,9,35,37,18,127,9,0,12,7,0,4,0,50,78,8,30,20,7,22,7,27,0,6,10,0,5,148,0,12,39,29,11,16,0,64,1,0,139,4,0,14,1,0,9,2,23,32,1,96,35,50,0,3,14,5,1,32,0,0,172,22,0,0,15,0,12,75,10,15,38,84
16,98,0,128,1,0,4,0,1,1,54,44,66,45,6,25,4,0,5,0,13,59,48,3,55,42,7,8,0,14,56,50,16,55,34,0,30,8,0,0,0,33,46,14,54,34,15,32,15,6,0,4,30,1,21,42,0,41,62,48,10,9,10,82,6,0,74,23,0,35,0,0,17,4,77,22,4,44,46,35,0,1,11,10,16,101,2,3,47,58,0,4,19,1,15,31,10,45,62,62
237,10,0,2,0,0,0,0,0,0,35,185,3,19,0,5,1,0,1,0,11,15,186,0,7,26,1,0,0,3,42,47,20,129,3,0,4,4,0,0,0,45,82,5,29,13,5,36,1,33,0,3,7,0,4,169,0,20,21,25,12,12,1,48,0,0,151,2,0,23,1,0,11,4,27,32,0,103,17,54,0,0,15,1,0,44,0,0,168,21,0,0,7,0,15,68,6,20,36,97
12,103,0,132,1,0,0,0,0,1,64,38,63,40,2,35,5,0,1,1,23,63,38,0,47,65,3,5,0,5,61,66,24,51,20,0,21,5,0,1,0,26,39,8,82,29,12,35,7,11,0,6,39,0,24,44,0,42,51,43,14,24,5,89,7,1,57,25,0,27,4,0,11,9,83,19,6,52,35,30,0,4,8,4,13,97,1,0,57,65,0,0,12,2,15,37,7,44,72,60
240,7,0,2,0,0,0,0,0,0,34,196,2,9,0,6,2,0,0,0,9,13,199,0,8,16,3,0,0,1,29,52,17,137,5,0,7,2,0,0,0,41,92,7,29,18,7,27,3,25,0,1,5,0,5,191,0,14,17,16,1,11,0,61,0,0,159,1,0,16,0,0,11,3,21,28,1,118,13,54,0,0,8,5,1,34,0,0,185,16,0,0,10,0,11,81,2,11,32,102
8,109,0,132,0,0,0,0,0,0,66,40,70,44,3,23,2,0,1,0,11,75,34,0,51,68,1,3,0,6,59,64,29,47,20,0,22,8,0,0,0,43,45,5,65,15,15,33,10,18,0,5,34,0,21,25,0,49,64,51,16,20,4,101,4,0,62,17,0,25,1,0,4,3,84,26,0,58,38,35,0,1,9,6,5,109,0,0,44,75,0,0,11,0,14,42,5,43,75,59
242,7,0,0,0,0,0,0,0,0,24,213,2,7,0,2,0,0,1,0,5,12,213,0,6,13,0,0,0,0,30,46,11,154,3,0,5,0,0,0,0,37,107,3,36,7,4,34,1,20,0,0,4,0,5,191,0,12,22,15,1,5,0,62,0,0,169,0,0,12,0,0,7,1,24,20,0,109,25,63,0,0,2,0,1,25,0,0,215,6,0,0,6,0,10,87,0,9,33,104
6,115,0,128,0,0,0,0,0,0,81,30,72,39,3,23,0,0,1,0,7,84,30,0,51,74,0,0,0,3,72,64,24,51,18,0,17,3,0,0,0,41,34,4,74,28,7,32,1,28,0,2,27,0,20,33,0,44,64,59,13,17,3,101,1,0,63,13,0,38,0,0,8,1,79,37,2,58,25,39,0,1,7,6,4,113,0,0,26,92,0,0,10,0,19,30,6,43,82,59
248,1,0,0,0,0,0,0,0,0,18,222,0,7,0,1,1,0,0,0,3,8,224,0,4,10,0,0,0,0,30,41,11,158,3,0,5,1,0,0,0,26,122,1,42,6,3,25,2,22,0,0,9,0,2,210,0,7,13,8,2,2,0,50,0,0,188,1,0,6,0,0,2,1,18,23,0,136,13,56,0,0,2,1,1,20,0,0,216,9,0,0,4,0,4,98,0,8,31,104
0,123,0,126,0,0,0,0,0,0,77,24,88,41,0,18,1,0,0,0,8,81,24,0,45,87,0,0,0,4,65,76,18,51,14,0,20,5,0,0,0,48,30,5,74,25,10,35,4,18,0,1,35,0,24,23,0,40,65,61,10,24,1,128,2,0,41,12,0,31,0,0,5,3,99,25,0,49,26,42,0,1,5,1,5,143,0,0,24,70,0,0,9,0,15,40,3,36,83,63
247,1,0,1,0,0,0,0,0,0,26,221,1,1,0,0,0,0,0,0,3,12,227,0,1,6,0,0,0,0,28,27,7,185,0,0,2,0,0,0,0,32,118,0,48,7,3,27,1,13,0,0,2,0,0,224,0,7,8,8,2,1,0,48,0,0,191,1,0,6,0,0,4,0,30,22,0,112,10,71,0,0,0,0,0,12,0,0,226,11,0,0,3,0,5,89,0,6,38,108
2,111,0,136,0,0,0,0,0,0,84,25,73,44,0,23,0,0,0,0,5,85,18,0,57,81,0,0,0,3,75,97,12,39,15,0,11,0,0,0,0,38,46,4,84,24,2,31,3,17,0,0,35,0,20,18,0,39,74,63,10,21,0,137,0,0,46,5,0,30,0,0,4,0,83,16,2,79,27,38,0,0,3,0,2,138,0,1,20,85,0,0,13,0,6,42,0,47,72,69
248,1,0,0,0,0,0,0,0,0,17,231,0,1,0,0,0,0,0,0,0,2,239,0,0,8,0,0,0,0,23,36,3,185,2,0,0,0,0,0,0,37,126,0,45,4,0,25,0,12,0,0,0,0,1,217,0,4,11,16,0,1,0,42,0,0,201,0,0,5,0,0,4,0,14,13,0,145,17,56,0,0,1,0,0,20,0,0,225,3,0,0,2,0,4,103,0,7,22,111
1,107,0,141,0,0,0,0,0,0,88,17,77,44,1,22,0,0,0,0,1,82,10,0,60,96,0,0,0,0,83,83,13,47,11,0,12,0,0,0,0,43,38,0,72,25,2,41,3,25,0,0,19,0,17,24,0,47,87,55,3,14,0,155,0,0,42,8,0,27,0,0,1,0,100,34,0,57,17,40,0,0,3,0,0,141,0,1,21,83,0,0,8,0,11,35,0,50,67,78
20,4,0,3,1,0,0,1,0,1,4,8,7,4,1,0,2,2,1,1,0,5,9,0,4,5,2,3,1,1,5,4,3,12,2,1,1,0,1,1,1,2,5,2,8,1,2,4,2,3,2,2,4,0,2,8,0,2,5,5,0,2,1,8,3,1,8,4,0,3,0,1,2,2,2,1,2,9,3,8,2,1,1,3,0,9,0,1,11,2,1,1,0,0,4,5,5,1,3,10
1,12,0,12,0,0,2,2,0,1,5,4,5,2,3,4,2,4,1,0,2,3,5,4,5,4,3,2,0,2,2,8,2,6,1,1,5,2,1,2,1,2,5,3,6,2,3,4,0,4,0,3,4,0,3,7,1,6,4,2,1,2,5,3,3,2,5,4,2,3,1,1,2,3,7,4,0,6,3,3,0,2,3,1,2,6,3,3,4,6,0,1,1,3,0,8,3,6,5,3
157,29,0,20,0,0,0,0,0,11,32,88,54,21,4,2,7,6,2,1,2,40,102,3,12,7,19,22,1,9,39,38,15,105,4,1,9,1,3,2,2,14,34,12,59,1,12,31,16,36,18,22,43,0,4,59,0,6,21,44,0,19,14,60,8,1,62,38,0,15,0,4,5,8,13,9,22,72,15,69,4,3,2,19,1,42,0,8,110,28,2,2,0,2,8,18,53,12,36,84
33,82,1,82,4,2,7,3,0,3,29,39,55,27,25,3,18,10,9,2,13,36,44,9,40,36,13,17,2,7,27,56,18,52,7,7,37,4,7,2,10,9,28,26,40,9,16,46,14,19,9,21,15,0,12,59,2,20,49,30,0,16,16,34,37,9,48,36,3,18,0,10,5,19,37,14,8,68,21,35,9,8,6,23,7,74,5,25,38,22,8,0,1,15,14,40,16,51,43,29
190,27,0,14,0,0,0,0,0,7,29,110,72,13,4,0,6,4,0,0,3,26,160,1,7,2,12,20,0,7,54,25,12,135,2,0,9,0,1,0,1,12,41,18,74,0,10,37,12,33,11,23,44,0,3,83,0,3,27,44,0,25,13,61,10,4,79,36,0,10,0,3,3,6,7,4,13,117,14,71,1,2,0,12,0,46,0,3,141,33,1,0,0,3,4,14,57,16,44,99
25,89,0,104,0,0,4,0,0,16,53,48,59,29,27,6,9,4,3,0,5,52,30,6,51,48,14,23,0,9,37,75,14,64,6,0,32,4,5,1,3,17,24,25,51,1,23,46,16,32,21,20,16,0,6,75,0,22,40,38,0,17,20,45,24,5,67,42,0,18,0,3,5,13,54,12,22,64,21,44,3,1,3,15,2,87,3,37,51,36,1,4,0,5,21,37,29,44,52,45
212,23,0,12,0,0,0,0,0,2,17,143,79,7,0,0,3,0,0,0,0,18,181,0,6,4,11,25,0,4,44,26,2,171,1,0,5,0,0,0,0,9,43,19,101,0,8,22,5,42,3,16,51,0,0,104,0,1,14,60,0,18,11,53,11,1,118,30,0,7,0,0,1,4,10,2,6,143,8,75,0,1,1,6,0,32,0,1,175,33,1,0,0,0,4,13,54,15,56,106
25,113,0,90,0,0,0,0,0,21,59,54,69,31,18,2,11,3,2,0,3,71,34,6,58,36,14,19,0,8,49,75,15,53,7,0,42,1,6,1,1,10,42,26,50,0,23,58,10,29,10,20,25,0,7,71,0,10,61,45,0,22,24,65,16,4,55,49,0,14,0,2,2,4,66,14,19,66,12,64,0,6,5,12,1,110,1,17,47,50,2,0,0,3,8,35,41,53,53,54
227,16,0,6,0,0,0,0,0,0,37,129,71,6,3,0,3,0,0,0,0,25,199,1,3,1,8,10,0,2,38,30,3,173,0,0,5,0,0,0,0,4,44,9,104,0,5,31,6,46,3,11,49,0,0,121,0,0,21,44,0,26,8,67,4,1,113,27,0,3,0,0,0,1,2,1,5,150,4,86,0,1,0,7,0,37,0,1,173,30,0,0,0,0,1,10,54,10,61,113
19,118,0,103,0,0,0,0,0,9,32,76,100,25,8,2,6,0,0,0,3,70,27,2,56,43,16,25,0,7,54,93,11,51,3,0,37,0,0,0,0,9,37,18,65,2,12,67,14,25,2,22,33,0,3,77,0,10,52,50,0,16,18,75,13,5,73,34,0,15,0,2,1,0,60,6,11,78,18,73,0,2,2,11,0,120,0,11,53,50,1,0,0,0,9,32,38,47,55,67
233,14,0,2,0,0,0,0,0,0,20,163,57,6,0,0,2,1,0,0,0,13,218,0,7,0,4,6,0,1,27,21,1,199,0,0,1,0,0,0,0,3,40,19,115,0,4,27,6,35,1,9,56,0,0,133,0,1,13,36,0,20,9,61,3,1,123,28,0,4,0,0,0,0,2,0,2,163,5,77,0,0,0,3,0,44,0,0,175,27,0,0,0,0,0,11,52,12,51,123
15,129,0,103,0,0,0,0,0,2,48,54,110,16,11,0,7,3,0,0,0,86,23,0,62,43,9,20,0,6,69,93,7,35,4,0,38,1,2,0,0,8,36,18,63,0,18,70,7,29,7,13,26,0,2,72,0,15,60,54,0,30,16,75,18,2,64,38,0,6,0,0,0,2,62,7,14,67,9,88,0,0,0,10,1,119,0,11,49,59,0,0,0,3,6,41,40,42,56,61
246,2,0,1,0,0,0,0,0,0,25,162,61,1,0,0,0,0,0,0,0,16,225,0,1,0,3,4,0,0,18,21,0,210,0,0,0,0,0,0,0,1,47,6,130,0,5,23,1,36,0,3,54,0,0,149,0,1,6,36,0,13,5,74,3,0,127,26,0,1,0,0,0,0,1,1,4,172,0,71,0,0,0,2,0,23,0,0,196,28,0,0,0,0,2,5,54,9,47,132
2,131,0,115,0,0,0,0,0,1,47,62,105,24,5,0,5,1,0,0,1,83,21,1,74,33,10,23,0,3,73,93,14,31,4,0,34,0,0,0,0,8,38,15,60,0,17,75,12,24,0,20,38,0,3,68,0,8,69,43,0,23,16,75,12,1,75,42,0,5,0,0,0,1,64,6,14,67,8,89,0,0,0,6,0,143,0,2,40,58,0,0,0,0,2,25,42,38,86,56
240,9,0,0,0,0,0,0,0,0,12,166,66,4,0,0,1,0,0,0,0,8,236,0,0,0,3,2,0,0,20,14,1,214,0,0,0,0,0,0,0,0,47,9,123,0,1,31,2,36,0,2,47,0,0,160,0,0,7,33,0,10,4,73,5,0,136,20,0,1,0,0,0,0,0,0,1,163,2,83,0,0,0,1,0,34,0,1,199,14,0,0,0,0,2,5,56,7,45,134
8,131,0,110,0,0,0,0,0,0,55,59,119,11,4,0,0,1,0,0,0,92,11,0,74,39,15,15,0,3,78,104,6,27,0,0,33,1,0,0,0,7,46,18,59,0,10,72,2,35,0,13,50,0,0,70,0,5,60,51,0,34,12,88,8,1,65,31,0,10,0,0,0,0,60,1,13,77,7,91,0,1,0,3,0,143,0,5,33,64,0,0,0,0,2,32,50,36,62,67
246,2,0,1,0,0,0,0,0,0,7,180,59,3,0,0,0,0,0,0,0,8,237,0,1,0,2,1,0,0,19,16,0,212,0,0,2,0,0,0,0,1,43,3,134,0,2,27,2,37,0,4,32,0,0,180,0,1,3,29,0,13,2,77,3,0,129,25,0,0,0,0,0,0,1,0,0,174,0,74,0,0,0,0,0,34,0,0,207,8,0,0,0,0,0,1,54,5,54,135
2,134,0,111,0,0,0,0,0,2,45,49,129,16,8,0,2,0,0,0,0,80,10,0,70,61,8,20,0,0,60,114,6,32,2,0,35,0,0,0,0,4,49,12,62,0,18,69,0,35,0,11,51,0,0,56,0,11,70,50,0,20,10,91,8,0,70,44,0,6,0,0,0,1,55,2,5,72,5,109,0,0,0,0,0,144,0,0,36,69,0,0,0,0,1,26,61,44,60,57
246,3,0,0,0,0,0,0,0,0,10,193,44,2,0,0,0,0,0,0,0,2,243,0,0,0,0,4,0,0,13,14,0,222,0,0,0,0,0,0,0,0,24,7,158,0,3,26,0,31,0,1,33,0,0,188,0,0,4,23,0,5,1,89,1,0,132,21,0,0,0,0,0,0,0,0,0,173,1,75,0,0,0,0,0,19,0,0,217,13,0,0,0,0,0,0,48,8,55,138
2,126,0,121,0,0,0,0,0,0,41,51,144,11,1,0,1,0,0,0,0,86,5,0,99,38,7,14,0,0,73,116,3,26,1,0,30,0,0,0,0,0,57,11,49,0,16,78,3,35,0,13,50,0,2,51,0,3,61,69,0,23,8,90,8,1,76,41,0,2,0,0,0,0,49,4,5,73,6,112,0,0,0,1,0,149,0,1,27,71,0,0,0,0,0,21,53,34,75,66
23,2,1,4,0,0,0,0,0,0,2,9,6,4,3,3,1,1,1,0,2,3,7,3,8,2,1,0,2,2,7,4,1,9,2,1,4,1,0,1,1,2,4,2,2,5,3,7,2,2,2,0,3,1,3,7,0,3,7,4,2,3,2,5,3,0,10,2,1,2,0,0,2,3,7,5,3,2,3,5,1,0,2,0,1,4,1,6,8,7,3,0,1,0,2,8,1,3,2,10
3,5,1,19,0,1,0,0,0,1,4,7,5,3,3,3,3,0,2,0,2,6,6,3,1,2,3,4,2,1,3,8,2,4,3,1,6,3,0,0,0,3,6,3,4,2,3,5,3,1,1,1,4,1,3,5,0,6,6,3,1,6,0,8,4,1,4,5,0,1,0,3,2,2,3,3,4,8,4,1,0,1,1,1,1,3,3,8,7,5,0,2,1,0,0,4,5,7,8,3
190,15,0,12,0,0,0,0,0,0,7,96,49,29,5,14,4,1,12,0,15,34,59,15,37,14,13,2,16,12,57,20,2,77,9,0,39,5,0,8,4,19,32,13,24,22,31,46,19,7,10,11,18,2,15,71,0,12,50,28,18,13,8,48,7,0,88,16,10,9,0,0,17,11,36,20,31,13,40,49,13,0,9,0,0,26,1,22,85,61,14,1,0,0,9,32,9,19,28,105
16,51,4,142,0,0,0,0,0,4,21,32,52,32,33,26,11,2,8,0,6,39,44,28,30,18,14,7,9,22,27,44,10,63,14,3,40,10,0,6,7,18,28,24,42,22,10,34,12,20,7,6,24,11,20,51,0,15,53,30,7,25,13,61,18,3,48,18,5,19,0,6,9,24,39,29,34,46,11,19,1,3,16,1,5,52,15,44,40,40,9,0,12,0,6,32,21,61,34,42
228,6,0,4,0,0,0,0,0,0,1,134,59,30,5,6,1,0,2,0,22,35,84,17,44,6,15,0,6,9,63,14,1,99,7,0,50,0,0,4,0,16,30,7,36,14,33,69,23,10,1,9,14,0,11,115,0,6,49,33,22,9,7,48,0,0,134,8,7,3,0,0,15,11,35,14,38,18,45,62,24,0,2,0,0,19,1,19,109,64,7,0,2,0,3,35,5,28,33,125
6,57,0,174,0,0,0,0,0,1,23,50,70,34,26,21,6,0,8,0,4,46,50,33,30,21,24,13,10,7,52,57,8,68,13,1,27,4,0,8,3,20,36,27,50,23,11,36,16,16,1,9,21,4,22,53,0,25,77,26,3,20,13,84,20,0,48,24,9,17,0,2,15,14,39,35,32,57,17,27,6,1,14,0,4,50,4,48,53,58,6,0,7,0,7,36,18,68,39,57
240,5,0,4,0,0,0,0,0,0,0,150,53,25,5,9,0,0,7,0,13,46,96,17,44,12,9,1,4,7,78,10,1,102,4,0,52,1,0,1,0,13,39,18,44,25,24,75,9,2,2,2,10,0,22,116,0,4,56,37,27,10,7,44,1,0,139,12,5,4,0,0,14,6,46,26,38,23,45,51,18,0,1,0,0,17,0,9,134,70,5,0,0,0,4,29,3,14,25,169
6,74,0,169,0,0,0,0,0,0,21,37,84,43,24,23,5,0,12,0,10,43,66,36,24,16,23,8,11,12,36,59,1,89,14,0,42,3,0,5,1,16,25,22,55,21,33,47,16,13,3,12,17,1,20,54,0,18,92,32,5,11,3,115,13,0,60,22,9,11,0,1,12,19,42,25,25,66,18,41,11,0,7,0,1,53,6,40,55,76,4,0,1,0,5,41,18,103,42,35
247,2,0,0,0,0,0,0,0,0,0,170,48,21,5,4,0,0,1,0,8,45,114,21,33,9,8,0,5,6,64,7,0,131,0,0,47,0,0,0,0,9,38,7,51,27,29,82,6,0,0,2,9,0,17,142,0,2,54,23,34,5,0,46,3,0,154,4,1,2,0,0,8,8,48,21,38,23,41,62,5,0,0,0,0,12,0,8,154,70,1,0,0,0,0,26,1,19,22,180
2,47,0,200,0,0,0,0,0,0,14,40,111,54,16,7,3,0,4,0,11,60,56,24,40,26,16,1,3,12,55,45,0,80,12,0,51,1,0,5,0,14,29,17,71,18,15,64,17,4,0,6,19,1,24,64,0,18,95,22,15,23,8,105,17,0,51,12,10,8,0,0,8,9,50,19,46,58,27,32,20,0,4,0,1,64,0,35,53,72,4,0,0,0,3,38,16,78,70,40
247,1,0,1,0,0,0,0,0,0,0,185,43,18,1,2,0,0,0,0,5,38,142,17,30,8,4,0,2,3,58,11,0,134,2,0,44,0,0,0,0,10,32,11,48,20,32,91,5,0,1,1,6,0,7,145,0,4,60,25,13,6,1,43,0,0,182,3,0,1,0,0,5,4,59,15,44,26,38,58,1,0,0,0,0,16,0,9,162,61,2,0,0,0,0,30,1,6,14,196
2,54,0,193,0,0,0,0,0,0,11,47,106,54,11,10,3,0,7,0,13,73,50,23,49,17,13,2,3,6,63,41,2,77,8,0,55,3,0,0,0,7,39,16,77,14,24,51,12,9,2,5,18,0,19,64,0,12,97,32,25,11,7,125,10,0,45,12,7,7,0,0,13,14,45,24,35,56,23,39,5,0,1,0,0,69,2,37,54,81,0,0,1,0,1,33,12,105,69,28
249,0,0,0,0,0,0,0,0,0,0,191,44,12,0,1,1,0,0,0,5,40,142,25,21,7,2,0,1,6,71,7,0,135,1,0,35,0,0,0,0,8,27,9,65,19,24,91,6,0,0,0,2,0,10,157,0,4,61,15,7,2,2,47,1,0,189,1,0,0,0,0,3,1,65,17,34,16,38,75,0,0,0,0,0,8,0,8,153,80,0,0,0,0,0,21,2,7,12,207
0,51,0,198,0,0,0,0,0,0,12,41,123,49,9,11,1,0,3,0,18,71,47,18,46,14,21,1,4,9,55,44,1,93,5,0,50,1,0,0,0,9,36,13,83,21,24,49,10,4,0,3,8,0,18,63,0,7,114,36,22,21,2,136,5,0,43,13,2,5,0,0,6,10,49,32,29,75,19,29,1,0,0,0,0,73,1,32,63,79,1,0,0,0,0,35,14,119,53,27
249,0,0,0,0,0,0,0,0,0,0,199,41,8,0,1,0,0,0,0,3,37,155,11,29,6,3,0,1,4,66,4,0,158,0,0,21,0,0,0,0,9,23,3,63,16,23,107,5,0,0,0,4,0,3,169,0,3,57,13,8,1,1,43,0,0,195,1,0,0,0,0,3,0,67,11,48,25,32,63,0,0,0,0,0,7,0,6,171,65,0,0,0,0,0,28,0,3,15,203
0,42,0,207,0,0,0,0,0,0,14,37,125,59,7,6,1,0,0,0,5,77,50,28,50,13,15,0,4,7,68,38,0,75,8,0,59,1,0,0,0,7,31,10,91,17,21,58,8,6,1,3,11,0,22,51,0,9,121,31,13,14,4,158,9,0,36,13,0,2,0,0,11,8,49,31,23,67,24,36,0,0,1,0,0,80,0,23,56,89,1,0,0,0,0,29,11,126,52,30
249,0,0,0,0,0,0,0,0,0,0,212,23,14,0,0,0,0,0,0,0,39,169,6,27,1,2,0,0,5,55,3,0,156,0,0,35,0,0,0,0,5,17,5,77,16,19,109,1,0,0,0,0,0,2,180,0,1,53,13,2,1,0,34,0,0,211,1,0,0,0,0,1,1,63,17,37,27,30,73,0,0,0,0,0,3,0,8,169,69,0,0,0,0,0,16,0,6,8,219
0,40,0,209,0,0,0,0,0,0,5,30,139,63,8,4,0,0,0,0,5,93,45,25,45,16,12,1,3,4,90,37,0,70,2,0,50,0,0,0,0,11,26,5,86,25,21,63,10,2,0,0,8,0,13,54,0,7,143,24,10,12,3,168,4,0,34,15,0,3,0,0,5,2,59,19,35,69,25,35,0,0,0,0,0,69,0,29,55,96,1,0,0,0,0,37,6,127,59,19
249,0,0,0,0,0,0,0,0,0,0,228,18,1,2,0,0,0,0,0,0,40,173,5,24,2,2,0,1,2,64,4,0,157,1,0,23,0,0,0,0,3,30,3,73,15,15,105,5,0,0,0,1,0,1,183,0,0,56,8,2,1,0,35,0,0,211,0,0,0,0,0,2,1,80,9,39,33,21,64,0,0,0,0,0,6,0,2,168,73,0,0,0,0,0,12,0,3,5,229
0,36,0,213,0,0,0,0,0,0,3,17,164,54,4,7,0,0,0,0,0,117,52,13,43,11,9,0,2,2,78,26,0,74,2,0,69,0,0,0,0,12,33,13,92,19,20,53,5,2,0,2,6,0,14,54,0,7,142,24,6,11,0,176,6,0,33,12,1,4,0,0,0,1,50,19,33,82,13,51,0,0,0,0,0,55,0,26,72,96,0,0,0,0,0,32,9,151,42,15
16,3,0,4,1,3,1,0,0,2,4,9,7,3,2,2,3,0,0,0,1,3,10,3,5,3,1,2,1,1,5,1,6,7,5,0,3,1,0,2,1,2,3,2,5,3,2,9,2,1,0,1,5,0,6,8,0,1,9,0,0,2,1,3,5,2,10,5,2,0,1,0,3,1,2,5,6,7,2,3,1,0,4,2,3,8,2,1,6,3,0,2,1,1,2,4,2,3,1,14
5,8,1,11,2,1,0,1,1,0,3,7,7,4,4,1,2,1,1,0,2,10,4,0,6,2,1,2,2,1,1,4,3,10,2,0,6,4,0,0,1,2,7,0,8,3,1,5,1,2,0,3,4,1,3,4,1,2,5,7,1,0,5,6,1,2,4,5,0,6,0,3,1,1,4,8,3,4,1,5,1,1,1,1,6,5,1,3,4,7,0,1,2,0,2,2,5,7,5,6
163,13,1,28,5,5,1,0,0,1,28,96,40,14,7,12,19,0,0,1,1,26,106,16,18,17,9,4,19,1,51,3,25,77,28,0,17,7,0,9,0,25,19,18,52,14,26,48,11,4,0,9,22,0,22,67,2,4,85,6,1,19,0,31,20,6,93,22,16,9,6,0,21,1,15,25,29,59,13,48,14,1,23,5,11,48,6,7,82,20,1,2,7,3,3,19,8,17,0,157
21,52,2,109,3,9,4,1,3,13,27,62,55,25,16,10,18,1,2,1,2,51,42,16,43,23,15,15,6,4,5,16,31,61,40,0,42,8,0,14,0,19,28,16,59,21,7,43,17,7,0,18,27,0,38,50,4,15,40,25,10,8,9,32,23,11,43,57,1,23,5,6,11,11,34,28,33,48,11,30,3,6,20,11,21,60,14,13,32,37,1,10,9,5,11,18,23,71,41,28
198,11,0,23,0,4,1,0,0,1,28,135,40,5,3,13,14,0,0,0,0,20,155,14,17,15,8,2,6,1,76,4,24,90,23,0,15,1,0,5,0,22,26,6,64,21,32,55,8,4,0,4,31,0,21,80,0,4,97,1,0,12,0,23,16,8,113,32,26,8,0,1,18,0,12,25,29,75,12,66,13,0,21,5,7,66,4,4,96,22,0,3,5,0,0,6,4,17,0,203
19,46,1,145,7,15,1,0,3,1,31,65,81,17,8,13,23,0,0,0,1,62,41,16,61,32,11,8,5,1,17,26,40,66,38,0,33,7,0,11,0,15,40,16,79,16,16,38,13,5,0,16,32,0,37,65,2,10,48,28,2,22,6,54,30,5,44,46,3,26,2,1,19,5,37,29,28,59,24,34,10,2,19,11,18,58,9,5,59,47,1,5,15,2,9,32,29,84,44,17
221,4,0,21,0,2,1,0,0,0,19,159,51,2,0,7,11,0,0,0,0,23,179,11,15,13,4,1,3,0,80,1,18,114,19,0,14,1,0,2,0,22,14,8,84,19,29,67,4,2,0,0,24,0,17,93,0,2,110,3,0,6,0,27,16,3,139,34,20,4,0,0,20,0,9,16,31,84,9,80,7,1,10,2,8,88,2,1,109,21,1,0,3,0,1,4,3,3,0,234
15,46,0,173,3,11,0,0,0,1,34,65,79,13,8,28,22,0,0,0,0,68,40,18,68,30,12,5,7,1,35,13,26,84,33,0,46,3,0,9,0,15,40,7,77,22,17,56,6,9,0,20,32,0,48,65,0,8,46,30,0,13,2,55,29,3,48,64,17,18,0,1,17,4,34,38,47,61,16,31,17,0,20,5,7,70,4,3,70,53,0,3,15,3,8,29,26,109,47,9
227,1,0,19,0,2,0,0,0,0,14,170,50,1,1,2,11,0,0,0,0,14,205,6,10,11,1,0,2,0,65,4,11,128,25,0,14,1,0,1,0,14,19,4,124,11,15,58,3,1,0,0,13,0,13,107,0,0,116,0,0,3,0,37,14,2,158,26,6,3,0,0,17,1,3,27,30,72,15,84,6,0,16,0,7,88,1,3,107,21,0,0,0,0,0,1,2,8,0,238
15,44,0,182,2,5,0,0,0,1,37,61,92,17,9,14,19,0,0,0,0,87,26,21,74,19,12,4,6,0,39,18,34,70,35,0,46,6,0,1,0,10,42,13,80,12,17,66,4,5,0,9,23,0,37,85,0,9,73,13,1,6,0,65,24,8,47,66,12,20,0,0,13,2,38,30,32,77,14,43,8,0,12,3,19,72,12,4,74,45,0,0,13,0,4,40,19,128,36,9
240,0,0,9,0,0,0,0,0,0,11,182,47,0,1,2,6,0,0,0,0,14,213,6,9,3,1,0,3,0,60,0,18,128,28,0,13,1,0,1,0,17,9,1,127,10,15,67,3,0,0,2,15,0,14,110,0,2,103,3,0,5,1,28,14,1,169,28,1,2,0,0,9,0,10,21,28,99,5,77,3,0,10,1,4,102,3,0,105,21,0,0,0,0,0,0,1,5,0,243
8,40,0,197,1,3,0,0,0,0,31,53,106,15,6,22,16,0,0,0,0,94,25,13,80,24,8,3,2,0,46,8,35,79,36,0,40,1,0,4,0,10,46,4,84,20,10,67,5,3,0,5,25,0,29,86,0,4,82,18,0,8,1,78,16,2,42,76,9,17,0,0,14,0,33,31,36,61,18,56,6,0,9,2,24,68,3,4,86,47,0,0,8,0,3,45,21,134,34,4
233,5,0,11,0,0,0,0,0,0,10,178,55,2,0,2,2,0,0,0,0,9,228,2,3,5,0,0,2,0,59,0,10,142,25,0,13,0,0,0,0,12,9,0,148,10,6,64,0,0,0,0,12,0,10,111,0,1,115,0,0,4,0,26,6,1,185,19,1,7,0,0,9,0,14,24,21,86,3,92,4,0,7,0,6,112,0,0,102,18,0,0,0,0,0,0,0,4,0,245
11,27,0,208,0,3,0,0,0,0,41,57,108,9,1,14,19,0,0,0,0,99,16,11,83,29,7,2,2,0,47,11,27,72,34,0,55,2,0,1,0,7,47,4,69,14,17,86,3,2,0,2,20,0,32,98,0,0,83,14,0,11,1,89,16,1,34,74,3,20,0,0,13,0,28,30,34,77,16,51,1,0,15,0,16,78,2,7,100,30,0,0,2,0,1,37,18,152,35,4
243,1,0,5,0,0,0,0,0,0,8,195,42,0,0,0,4,0,0,0,0,7,233,0,5,3,0,0,1,0,47,0,11,165,18,0,8,0,0,0,0,3,3,2,153,9,7,71,1,0,0,0,6,0,4,120,0,0,119,0,0,1,0,25,11,1,190,19,0,2,0,0,15,0,8,18,21,96,9,82,3,0,5,0,3,104,0,0,114,20,0,0,0,0,0,1,0,2,0,246
5,26,0,217,0,1,0,0,0,0,33,47,130,10,5,7,17,0,0,0,0,96,14,4,106,20,6,1,2,0,41,13,41,56,35,0,63,0,0,0,0,9,45,3,75,13,12,90,2,0,0,1,16,0,35,100,0,0,89,8,0,4,0,88,20,1,37,80,1,18,0,0,10,0,27,27,34,75,11,65,4,0,14,1,7,86,0,4,93,40,0,0,5,0,0,31,8,165,37,3
245,1,0,3,0,0,0,0,0,0,6,203,37,1,0,1,1,0,0,0,0,6,240,0,2,1,0,0,0,0,46,0,16,168,14,0,5,0,0,0,0,6,4,0,173,3,4,59,0,0,0,0,3,0,4,115,0,0,127,0,0,0,0,30,3,0,197,18,0,1,0,0,4,0,8,16,16,109,4,92,0,0,10,0,1,104,1,1,121,11,0,0,0,0,0,0,0,1,0,248
3,18,0,227,0,1,0,0,0,0,37,43,135,12,1,5,16,0,0,0,0,94,6,9,110,25,3,1,1,0,55,11,20,62,35,0,66,0,0,0,0,11,41,2,65,12,17,101,0,0,0,0,14,0,30,102,0,1,95,7,0,1,0,88,20,0,39,87,1,13,0,0,11,0,37,30,32,79,8,52,1,0,9,0,10,89,0,1,97,42,0,0,3,0,1,35,11,174,24,1
247,0,0,2,0,0,0,0,0,0,2,211,33,0,0,0,3,0,0,0,0,1,246,0,2,0,0,0,0,0,51,0,3,175,16,0,4,0,0,0,0,4,3,0,183,2,4,53,0,0,0,0,3,0,4,104,0,0,138,0,0,0,0,18,4,0,207,18,0,2,0,0,8,0,6,8,20,108,3,96,0,0,1,0,2,112,0,1,121,12,0,0,0,0,0,0,0,1,0,248
2,14,0,233,0,0,0,0,0,0,35,36,153,10,2,1,12,0,0,0,0,100,3,3,117,24,2,0,0,0,70,7,22,55,36,0,59,0,0,0,0,8,44,1,61,12,11,111,1,0,0,0,15,0,24,119,0,0,87,4,0,1,0,95,17,0,29,97,1,9,0,0,6,0,36,34,29,70,9,65,0,0,4,0,6,109,0,2,99,29,0,0,2,0,0,33,6,180,27,1
18,2,1,5,1,1,0,0,0,2,5,10,3,3,2,2,1,2,2,0,1,7,12,3,2,3,0,1,0,1,3,0,7,8,7,0,2,1,0,2,1,5,8,3,2,1,5,3,1,1,0,3,5,0,1,9,0,5,4,3,0,0,3,8,1,0,13,4,0,1,1,0,2,2,6,3,1,8,3,4,1,1,2,1,2,2,1,4,12,4,1,1,2,1,3,3,1,4,3,11
6,2,1,16,0,1,1,1,2,0,3,5,4,5,3,5,3,1,1,0,2,10,7,1,2,2,3,1,0,2,3,3,5,5,3,1,7,2,0,1,1,3,4,0,8,5,2,3,1,3,0,2,5,0,2,7,2,4,8,0,1,3,2,6,4,3,4,6,1,0,1,1,1,2,7,2,2,10,1,3,1,0,1,2,3,10,3,2,1,7,1,1,1,0,2,4,4,7,4,6
171,4,1,25,1,1,0,0,0,14,43,107,20,16,6,6,4,2,13,0,13,72,88,19,8,9,3,2,2,1,37,6,27,75,27,0,29,2,0,14,4,12,44,38,24,16,46,22,8,3,0,25,19,0,2,73,1,33,41,23,0,1,33,45,7,0,122,7,0,2,0,3,6,11,57,11,8,71,16,34,8,3,9,9,8,5,6,17,123,29,6,2,14,2,9,21,11,25,13,114
23,21,7,128,8,11,0,3,1,15,19,46,38,44,13,18,19,5,15,0,1,80,63,17,17,23,8,1,0,7,15,20,33,42,33,2,59,5,0,8,16,34,34,6,40,16,26,25,9,11,0,14,28,0,12,61,5,20,48,29,0,8,5,71,37,2,43,47,0,4,1,2,7,18,72,16,12,57,16,16,8,5,10,13,18,56,10,26,22,49,7,5,10,5,15,40,16,46,42,31
210,1,0,19,0,2,0,0,0,6,44,137,10,18,8,5,6,2,8,0,11,78,120,10,10,8,1,0,0,0,55,4,28,91,18,0,37,0,0,5,3,13,52,38,27,25,44,24,6,6,0,24,8,0,1,105,0,35,44,21,0,1,18,57,7,0,149,5,0,1,0,0,4,6,63,5,10,107,7,36,3,0,6,4,10,4,5,8,165,33,0,0,10,0,5,22,13,25,14,149
16,9,4,172,6,2,0,3,1,25,28,47,55,55,15,10,14,3,11,0,3,101,69,17,23,15,6,1,1,2,9,20,34,68,29,0,65,1,0,12,9,44,28,19,55,13,30,28,4,8,0,16,16,0,6,64,0,31,77,28,0,5,24,88,23,0,52,41,0,5,0,1,6,10,91,11,12,66,13,28,16,1,10,7,17,74,11,29,29,44,5,2,8,1,11,44,20,57,52,38
235,0,0,8,0,0,0,0,0,6,29,179,13,14,6,1,0,0,7,0,11,82,133,8,6,7,2,0,0,0,55,1,26,99,24,0,38,0,0,6,0,16,59,33,33,29,57,20,0,2,0,28,10,0,0,124,0,25,44,18,0,0,16,55,6,0,166,6,0,0,0,1,0,4,86,5,9,108,5,31,1,0,3,2,9,1,3,13,178,39,0,0,7,0,5,18,8,19,5,187
9,2,1,218,1,3,0,0,1,14,52,47,41,57,22,10,11,0,9,0,9,121,69,12,20,12,5,0,0,1,13,16,44,70,44,1,54,1,0,6,9,32,40,26,61,14,34,19,3,11,0,26,24,0,5,66,1,26,73,28,0,1,30,99,22,0,61,34,0,2,0,0,2,8,99,15,12,79,12,22,6,0,7,4,18,64,10,16,50,74,1,3,17,0,8,53,18,60,62,27
241,0,0,6,0,0,0,0,0,2,31,190,7,16,3,1,0,0,1,0,3,81,156,5,1,2,1,0,0,0,60,2,25,114,16,0,29,0,0,3,0,17,66,33,37,25,51,16,0,4,0,14,11,0,0,136,0,28,51,9,0,0,6,51,1,0,189,2,0,0,0,0,0,1,80,4,2,133,1,28,0,0,1,1,7,1,2,9,194,34,0,0,3,0,3,17,7,17,2,200
5,9,1,224,1,1,0,0,0,8,40,41,52,68,18,12,13,0,5,0,12,135,73,9,9,11,0,0,0,0,33,15,30,46,50,0,73,0,0,2,6,33,45,27,60,19,30,22,1,6,0,18,25,0,4,70,0,34,78,20,0,1,23,126,25,0,47,27,0,0,0,0,3,6,111,13,4,75,12,25,2,0,4,7,10,63,9,31,27,96,0,0,7,0,9,61,14,68,66,24
243,0,0,5,0,0,0,0,0,1,32,202,6,6,1,0,0,0,2,0,1,88,150,7,2,1,0,0,0,0,58,0,14,122,13,0,39,0,0,3,0,22,61,25,44,27,45,23,0,2,0,18,6,0,1,158,0,20,40,6,0,0,2,45,0,0,201,1,0,0,0,0,0,1,78,3,4,126,4,33,0,0,1,0,3,0,0,6,207,32,0,0,5,0,1,18,0,11,3,211
6,7,0,226,0,1,0,0,0,9,50,38,48,71,18,12,9,0,3,0,6,143,73,11,5,11,0,0,0,0,27,7,37,73,37,0,64,1,0,3,6,29,36,16,64,16,53,23,1,5,0,15,19,0,1,63,0,36,93,22,0,0,28,124,25,0,41,31,0,0,0,0,2,1,109,7,7,96,4,23,2,0,0,1,11,74,2,38,28,93,0,0,9,0,11,56,9,82,61,21
249,0,0,0,0,0,0,0,0,0,24,218,1,4,2,0,0,0,0,0,0,91,156,2,0,0,0,0,0,0,48,0,17,137,16,0,31,0,0,0,0,9,56,31,43,27,61,22,0,0,0,7,9,0,0,182,0,10,35,6,0,0,3,27,1,0,218,0,0,0,0,0,0,1,88,0,0,134,2,24,0,0,0,0,1,0,0,5,211,32,0,0,2,0,2,11,0,13,3,218
0,2,0,242,0,0,0,0,0,5,60,27,62,69,13,9,6,0,3,0,6,141,83,1,11,7,0,0,0,0,31,6,35,63,36,0,77,0,0,1,1,28,55,11,75,19,38,20,0,2,0,19,19,0,1,46,0,40,106,18,0,1,21,148,23,0,27,29,0,0,0,0,3,1,120,3,2,90,1,29,0,0,1,2,11,69,0,31,28,107,0,0,7,0,2,64,8,85,62,21
249,0,0,0,0,0,0,0,0,0,16,229,0,0,4,0,0,0,0,0,0,84,165,0,0,0,0,0,0,0,39,0,15,147,12,0,36,0,0,0,0,13,66,25,46,23,54,21,0,1,0,3,5,0,0,190,0,14,32,5,0,0,6,23,0,0,220,0,0,0,0,0,0,0,84,1,2,146,0,16,0,0,0,1,3,0,0,4,214,27,0,0,0,0,2,9,2,10,2,224
0,0,0,244,0,0,0,0,0,5,71,16,57,74,15,9,6,0,1,0,1,156,80,3,6,3,0,0,0,0,37,4,32,61,36,0,79,0,0,0,0,24,49,15,71,20,35,32,0,3,0,17,19,0,0,53,0,38,105,17,0,0,16,163,13,0,25,32,0,0,0,0,1,1,124,4,4,85,1,29,0,0,0,1,7,66,0,26,34,115,0,0,5,0,6,64,6,85,63,20
248,0,0,1,0,0,0,0,0,0,11,236,0,2,0,0,0,0,0,0,0,90,159,0,0,0,0,0,0,0,46,0,13,154,9,0,27,0,0,0,0,7,62,27,39,21,79,14,0,0,0,1,0,0,0,208,0,11,26,3,0,0,0,15,0,0,234,0,0,0,0,0,0,0,92,0,0,138,0,19,0,0,0,0,0,0,0,3,230,16,0,0,0,0,0,4,0,2,0,243
1,0,0,246,0,0,0,0,0,2,72,13,58,76,15,8,7,0,0,0,2,154,86,2,1,4,0,0,0,0,43,2,24,54,34,0,92,0,0,0,0,25,43,21,83,19,39,18,0,1,0,20,17,0,2,32,0,43,122,13,0,0,15,162,28,0,15,29,0,0,0,0,0,1,125,1,2,96,0,24,0,0,1,0,5,77,0,25,17,124,0,0,2,0,0,69,7,98,69,4
249,0,0,0,0,0,0,0,0,0,12,237,0,0,0,0,0,0,0,0,0,76,173,0,0,0,0,0,0,0,52,0,12,148,9,0,28,0,0,0,0,7,66,21,46,26,70,12,0,1,0,7,1,0,0,203,0,4,31,3,0,0,1,15,0,0,233,0,0,0,0,0,0,0,94,0,0,140,0,15,0,0,0,0,0,0,0,1,229,19,0,0,1,0,0,0,1,4,0,243
0,0,0,249,0,0,0,0,0,0,76,12,68,58,24,4,6,0,1,0,0,167,74,2,1,5,0,0,0,0,43,2,27,64,28,0,85,0,0,0,0,24,42,20,76,23,46,17,0,1,0,10,17,0,0,34,0,32,143,13,0,0,26,175,15,0,16,17,0,0,0,0,0,0,122,0,0,104,1,22,0,0,0,0,3,60,0,28,18,140,0,0,2,0,2,85,8,93,55,4
19,5,0,2,1,0,0,1,0,2,3,6,4,4,2,3,3,2,1,2,1,8,3,0,4,4,2,6,1,1,5,5,4,8,2,0,3,1,1,1,1,3,3,5,5,4,1,5,2,1,0,2,3,0,3,8,0,2,4,8,0,2,4,2,4,2,14,0,1,1,1,0,2,0,2,1,3,12,4,5,0,2,0,0,2,6,1,4,13,2,0,1,0,0,2,7,0,5,6,9
4,8,3,12,1,0,1,1,0,0,3,5,5,2,4,1,2,5,2,1,1,1,10,3,7,3,2,2,0,1,3,4,1,12,4,1,4,0,0,1,1,4,5,0,8,3,5,2,2,0,0,0,2,1,4,8,0,5,5,5,0,7,4,7,0,3,1,3,1,4,1,0,2,1,5,3,3,13,1,1,1,0,0,0,4,6,1,4,7,7,0,0,7,0,2,3,1,8,4,5
172,34,0,7,1,0,0,1,0,2,8,63,35,39,8,14,17,12,4,17,16,62,44,0,31,24,6,21,4,9,49,27,15,79,8,0,25,3,10,1,8,17,35,39,29,19,12,33,13,12,0,21,15,0,8,68,0,17,26,62,0,14,5,15,15,15,128,5,9,11,0,0,2,1,26,4,8,119,17,40,0,3,0,0,6,31,1,27,137,12,0,3,6,0,10,35,2,27,42,92
28,83,7,85,0,0,3,3,0,8,5,33,43,37,25,8,23,28,7,8,0,41,68,6,33,18,16,19,11,5,10,35,21,84,14,0,36,8,4,5,9,25,20,25,53,23,22,21,17,2,0,6,14,0,23,53,0,33,40,48,0,18,16,62,27,16,25,23,8,22,0,0,3,6,69,19,15,67,24,14,0,8,2,0,16,60,2,25,34,70,0,2,20,0,15,27,8,79,36,30
208,25,0,2,0,0,0,3,0,0,6,85,45,35,8,11,20,8,2,18,26,79,58,0,25,21,4,18,3,4,53,24,14,106,2,0,33,4,2,0,3,24,49,50,32,13,2,44,12,9,0,18,8,0,6,89,0,12,31,74,0,17,4,16,24,8,148,3,5,13,0,0,1,0,27,3,3,149,10,45,0,1,0,0,4,27,0,16,180,10,0,1,8,0,8,37,0,20,53,111
22,110,3,93,0,0,2,3,0,5,13,35,44,46,19,8,26,26,4,17,2,41,88,4,39,21,13,14,7,9,21,46,17,87,17,0,34,5,7,4,8,24,21,25,75,26,13,24,11,11,0,17,17,0,21,60,0,39,42,42,0,13,20,73,24,16,28,23,12,29,0,0,2,2,89,7,14,70,17,37,0,6,1,0,9,74,0,31,33,84,0,4,16,0,13,34,8,96,35,32
232,16,0,1,0,0,0,0,0,0,9,114,35,37,6,10,11,11,1,15,20,67,87,0,29,26,4,13,1,2,62,17,10,123,2,0,34,1,0,0,0,26,46,47,51,18,2,40,13,6,0,5,6,0,1,110,0,8,37,82,0,7,5,10,8,5,204,3,2,5,0,0,0,0,23,3,3,168,4,48,0,2,0,0,3,20,0,15,202,7,0,0,2,0,4,35,0,28,64,116
15,129,0,101,1,0,0,1,0,2,7,44,52,47,22,16,33,10,2,16,8,57,76,2,46,25,9,15,5,6,26,62,12,83,7,0,50,4,4,1,3,23,35,22,65,29,16,25,16,15,0,20,10,0,13,55,0,35,64,52,0,24,12,77,48,7,17,19,9,36,0,0,1,1,98,13,8,67,17,44,0,1,0,0,11,84,0,39,30,84,0,0,14,0,3,28,4,94,59,47
238,9,0,2,0,0,0,0,0,0,2,125,35,41,7,9,9,12,1,8,10,78,85,0,33,21,5,15,1,1,65,7,3,146,1,0,27,0,0,0,0,21,38,48,62,23,3,45,7,2,0,7,6,0,0,143,0,4,19,70,0,11,3,9,14,3,200,0,0,9,0,0,0,0,17,1,0,199,5,27,0,0,0,0,0,12,0,12,219,6,0,0,3,0,3,25,0,40,52,126
11,151,0,86,1,0,0,0,0,0,10,44,50,59,18,21,24,13,3,7,23,49,92,1,41,22,3,11,3,4,44,49,9,82,10,0,54,1,0,0,3,18,39,32,77,26,12,25,11,6,0,10,13,0,26,55,0,27,57,61,0,36,13,101,25,3,23,17,9,22,0,0,0,0,128,14,7,42,14,44,0,0,0,0,5,96,0,31,23,94,0,0,12,0,4,39,1,96,56,41
244,4,0,1,0,0,0,0,0,0,1,131,35,39,8,7,17,8,0,3,2,84,95,0,44,15,1,8,0,0,52,11,4,159,0,0,23,0,0,0,0,18,36,56,61,22,2,45,8,1,0,8,2,0,1,131,0,5,23,79,0,12,1,3,11,2,216,1,1,2,0,0,0,0,21,1,1,200,1,25,0,0,0,0,1,12,0,7,227,2,0,0,2,0,0,22,0,31,44,150
5,156,0,88,0,0,0,0,0,0,7,55,62,61,11,16,16,12,0,9,15,52,97,0,33,27,5,16,3,1,49,58,14,65,6,0,55,2,0,0,1,14,32,26,89,21,15,37,11,3,0,8,6,0,19,65,0,32,69,50,0,28,8,115,36,6,17,13,2,24,0,0,0,0,125,7,7,47,8,55,0,0,0,0,1,108,0,44,16,80,0,0,14,0,3,28,2,113,46,43
244,5,0,0,0,0,0,0,0,0,0,144,40,37,4,2,14,4,0,4,0,89,104,0,37,15,0,4,0,0,55,7,1,168,0,0,18,0,0,0,0,17,40,53,74,14,3,40,8,0,0,1,1,0,0,137,0,2,27,81,0,4,0,1,5,1,235,0,0,3,0,0,0,0,13,0,0,212,1,23,0,0,0,0,0,7,0,7,235,0,0,0,1,0,0,26,0,37,41,144
5,164,0,80,0,0,0,0,0,0,3,44,68,67,15,14,22,14,0,2,9,54,104,0,42,26,5,8,1,0,47,48,8,71,7,0,68,0,0,0,0,22,36,30,84,24,13,31,8,1,0,11,4,0,17,62,0,37,56,62,0,25,5,104,48,7,10,10,0,40,0,0,0,0,146,4,2,35,9,53,0,0,0,0,2,119,0,30,13,85,0,0,4,0,5,32,0,113,50,45
249,0,0,0,0,0,0,0,0,0,1,143,43,33,5,4,14,5,0,1,0,87,110,0,35,11,0,6,0,0,46,8,2,179,0,0,14,0,0,0,0,16,42,49,83,11,0,46,2,0,0,0,0,0,0,155,0,6,23,65,0,7,0,2,4,1,232,0,1,2,0,0,0,0,12,0,0,223,0,14,0,0,0,0,0,3,0,2,242,2,0,0,0,0,0,34,0,31,37,147
0,182,0,67,0,0,0,0,0,0,2,53,74,63,11,7,21,15,0,3,2,62,104,0,44,26,2,9,0,0,55,57,6,58,4,0,68,1,0,0,0,25,40,30,86,20,5,35,8,0,0,4,9,0,19,56,0,28,48,85,0,22,4,122,48,3,8,12,1,29,0,0,0,0,161,3,2,26,8,49,0,0,0,0,0,121,0,32,6,90,0,0,4,0,5,25,0,125,48,42
247,2,0,0,0,0,0,0,0,0,0,153,34,35,2,1,14,10,0,0,0,88,123,0,26,10,0,2,0,0,41,4,0,189,0,0,15,0,0,0,0,10,34,53,87,15,0,49,1,0,0,1,0,0,0,147,0,4,15,82,0,4,0,1,1,0,243,0,0,0,0,0,0,0,7,0,0,230,0,12,0,0,0,0,0,3,0,1,245,0,0,0,0,0,0,19,0,26,46,158
2,189,0,58,0,0,0,0,0,0,1,45,75,86,12,4,10,8,0,8,1,63,103,1,45,30,1,5,0,0,51,49,5,55,8,0,81,0,0,0,0,22,30,34,99,22,2,32,8,0,0,3,5,0,17,54,0,25,69,76,0,26,3,120,49,7,4,9,0,31,0,0,0,0,159,1,2,19,5,63,0,0,0,0,1,115,0,31,4,98,0,0,2,0,2,25,0,126,49,45
249,0,0,0,0,0,0,0,0,0,0,178,21,36,1,1,5,7,0,0,0,81,132,0,30,2,0,4,0,0,38,5,0,194,0,0,12,0,0,0,0,4,45,53,91,13,0,40,3,0,0,0,1,0,0,153,0,0,15,80,0,0,1,1,2,0,245,0,0,0,0,0,0,0,0,0,0,236,0,13,0,0,0,0,0,4,0,1,244,0,0,0,0,0,0,21,0,22,41,165
0,188,0,61,0,0,0,0,0,0,0,42,89,69,17,1,24,6,0,1,0,67,95,0,56,25,0,6,0,0,59,57,8,53,4,0,68,0,0,0,0,24,36,32,90,27,5,30,5,0,0,6,3,0,11,60,0,15,66,88,0,22,4,132,49,1,3,7,0,31,0,0,0,0,178,1,2,13,3,52,0,0,0,0,0,127,0,35,4,83,0,0,1,0,1,21,0,121,57,48
17,4,1,4,0,1,1,0,0,2,2,10,5,4,4,2,2,1,0,0,0,10,7,0,1,6,3,1,2,0,4,2,0,9,7,1,5,1,0,1,0,3,5,1,4,6,2,6,3,0,0,2,7,1,3,9,0,1,6,1,1,3,1,4,6,1,10,3,0,1,1,0,5,4,6,0,1,6,3,4,1,1,3,2,3,3,0,2,10,5,0,3,3,0,4,0,5,3,3,9
5,5,2,14,0,0,0,0,2,2,1,6,5,5,6,3,3,0,0,1,1,3,6,4,3,3,2,3,2,3,2,3,2,7,6,0,7,1,1,1,0,2,4,1,6,5,4,3,3,2,1,2,2,0,5,9,2,2,3,4,2,3,4,5,2,1,5,6,0,2,1,3,0,1,6,0,7,7,2,3,2,0,1,1,3,9,1,5,3,5,0,1,2,0,1,3,4,4,5,10
163,16,4,26,0,3,0,0,1,4,23,95,28,25,15,5,26,0,0,0,0,93,66,1,13,18,10,5,8,3,11,15,4,118,25,0,27,9,3,5,0,29,29,9,21,39,7,62,20,1,0,18,64,1,13,55,2,6,56,2,16,8,1,30,20,9,115,14,1,3,0,1,18,20,43,1,12,35,41,46,16,10,13,5,10,12,1,7,123,20,0,0,19,0,16,2,37,29,22,92
16,41,10,112,0,10,8,6,2,12,16,61,34,39,27,15,24,1,0,0,1,31,57,21,15,43,17,13,11,8,14,47,9,37,22,6,66,9,3,4,0,20,19,11,47,31,22,25,29,13,0,16,36,5,26,82,1,13,27,11,9,22,3,46,35,4,49,25,3,21,1,2,10,25,34,6,27,81,10,21,2,6,8,13,22,65,3,14,35,49,0,8,9,6,16,1,37,52,31,57
198,13,1,25,0,0,0,0,1,0,19,117,42,18,11,1,30,0,0,0,0,110,79,3,11,14,4,7,7,3,11,7,3,152,21,1,32,9,0,2,0,31,24,5,22,46,9,81,19,1,0,13,66,1,12,74,0,4,67,1,22,3,2,25,14,2,155,13,0,2,0,0,11,21,39,0,13,54,52,48,16,2,9,0,8,9,1,2,174,17,0,1,16,0,9,1,36,30,24,121
29,53,8,132,0,5,2,2,1,6,27,65,28,55,23,9,30,0,0,1,0,56,73,11,22,36,13,14,8,5,9,41,7,37,32,3,93,10,2,4,0,20,21,8,59,45,12,31,38,4,0,24,39,1,22,95,1,15,34,7,4,26,6,58,43,4,41,42,0,14,0,1,20,14,45,0,27,83,12,36,8,10,13,5,10,77,0,20,29,66,0,1,17,1,18,2,53,54,33,59
217,8,0,21,0,0,0,1,0,2,11,135,47,13,13,3,27,0,0,0,0,130,92,1,10,9,3,1,3,0,3,12,0,189,19,0,24,2,0,0,0,26,20,6,25,45,11,91,23,2,0,12,70,0,8,84,0,2,73,0,24,3,0,22,11,0,186,3,0,0,0,0,8,18,40,0,12,66,57,48,11,1,6,3,4,12,0,0,203,9,0,1,10,0,3,0,35,17,28,155
23,49,5,167,0,2,0,0,0,3,27,67,40,51,20,8,36,0,0,0,0,48,88,8,28,48,12,6,9,2,13,59,1,23,30,3,114,6,0,0,0,22,23,2,59,45,17,46,32,3,0,18,41,0,30,99,0,7,50,4,9,14,3,71,49,1,41,38,1,22,0,0,11,17,45,1,19,96,13,47,21,4,10,1,6,100,1,27,20,59,0,1,14,0,12,0,68,60,38,56
228,7,0,14,0,0,0,0,0,0,10,154,33,11,8,1,32,0,0,0,0,116,105,0,6,11,5,2,4,0,0,6,0,200,16,0,25,2,0,0,0,30,18,2,31,56,5,94,13,0,0,7,62,0,4,118,0,0,58,0,18,0,0,21,4,0,203,2,0,1,0,0,6,15,43,0,11,63,48,63,9,0,4,0,3,13,0,2,213,5,0,0,7,0,6,0,34,23,23,156
12,42,1,193,0,0,0,0,0,1,20,52,52,62,23,4,36,0,0,0,0,64,93,9,20,43,9,5,5,1,10,50,3,27,25,1,121,9,1,2,0,18,27,1,64,32,20,46,40,1,0,16,60,0,15,92,0,5,58,3,31,12,0,75,53,0,28,36,0,14,0,0,10,14,42,1,27,89,18,48,14,4,8,2,12,112,1,18,18,60,0,0,10,0,17,1,56,75,34,56
240,4,0,4,0,0,0,0,0,1,9,158,37,9,11,3,22,0,0,0,0,126,110,0,4,5,1,1,2,0,0,4,0,218,5,0,21,0,0,1,0,22,15,0,32,59,5,99,16,1,0,3,72,0,2,117,0,2,53,0,15,0,0,14,8,0,211,1,0,0,0,0,1,10,50,0,14,68,44,62,10,0,0,0,3,9,0,0,224,3,0,0,2,0,7,0,27,25,18,170
6,50,1,190,0,0,0,0,1,1,21,60,48,61,12,7,40,0,0,0,0,62,101,3,26,40,7,5,5,0,6,54,1,22,30,0,133,3,0,0,0,15,19,0,70,44,13,54,33,1,0,20,62,0,7,91,0,5,62,2,26,12,0,89,47,0,24,38,0,13,0,0,6,9,41,0,18,100,28,47,17,2,3,1,11,119,0,18,13,65,0,0,7,0,8,1,64,71,46,52
242,0,0,7,0,0,0,0,0,0,4,186,26,12,3,0,18,0,0,0,0,112,123,0,5,7,1,0,1,0,0,1,0,225,6,0,16,0,0,1,0,23,15,0,32,60,2,100,17,0,0,1,67,0,0,124,0,0,57,0,4,0,0,14,2,0,229,0,0,0,0,0,5,9,54,0,10,70,36,65,3,0,0,0,3,10,0,0,229,4,0,0,2,0,7,0,22,21,12,185
5,35,1,207,0,0,0,0,0,1,14,46,57,77,11,4,40,0,0,0,0,72,98,2,21,44,5,2,2,3,3,55,0,17,32,0,136,6,0,0,0,24,22,0,66,48,12,49,28,0,0,15,65,0,12,85,0,3,68,1,19,10,0,108,59,0,16,33,0,4,0,0,5,17,39,0,16,94,30,48,14,0,4,0,3,138,0,14,13,63,0,0,1,0,10,0,80,61,57,40
242,1,0,6,0,0,0,0,0,0,0,198,24,10,5,0,12,0,0,0,0,124,111,0,4,7,1,0,2,0,0,1,0,226,4,0,18,0,0,0,0,15,18,0,33,58,2,108,15,0,0,1,60,0,1,130,0,0,57,0,1,0,0,11,1,0,236,0,0,0,0,0,1,10,52,0,14,80,28,64,1,0,0,0,1,1,0,0,242,4,0,0,1,0,4,0,19,17,15,193
6,41,0,202,0,0,0,0,0,0,14,41,70,72,10,0,42,0,0,0,0,83,104,4,10,32,10,2,4,0,1,41,0,18,22,0,167,0,0,0,0,16,19,1,82,51,6,48,26,0,0,10,69,0,7,97,0,3,63,0,14,9,0,120,56,0,8,31,0,11,0,0,4,11,38,0,18,99,20,59,3,0,1,0,2,151,0,12,4,76,0,0,5,0,12,0,67,64,55,46
247,0,0,2,0,0,0,0,0,0,2,214,12,6,2,0,13,0,0,0,0,128,112,0,0,7,2,0,0,0,0,0,0,233,8,0,8,0,0,0,0,18,6,0,31,50,0,129,15,0,0,0,66,0,0,138,0,0,45,0,0,0,0,7,1,0,241,0,0,0,0,0,1,8,46,0,7,91,37,59,0,0,0,0,0,4,0,0,244,1,0,0,1,0,2,0,12,7,10,217
2,33,0,214,0,0,0,0,0,0,13,22,80,82,14,2,36,0,0,0,0,84,115,1,15,24,4,5,1,0,1,39,0,14,17,0,178,0,0,0,0,18,25,1,73,53,8,43,28,0,0,6,73,0,8,94,0,1,67,0,8,10,0,127,63,0,6,29,0,6,0,0,1,8,43,0,18,98,18,63,3,0,0,0,1,158,0,11,5,71,0,0,2,0,5,0,85,77,58,22
248,0,0,1,0,0,0,0,0,0,0,219,13,2,1,0,14,0,0,0,0,119,127,0,0,3,0,0,0,0,0,1,0,237,3,0,8,0,0,0,0,15,9,0,23,56,0,133,13,0,0,0,55,0,0,139,0,0,55,0,0,0,0,6,0,0,243,0,0,0,0,0,0,6,37,0,6,97,32,71,0,0,0,0,1,4,0,0,243,1,0,0,0,0,0,0,14,11,12,212
1,23,0,225,0,0,0,0,0,0,13,22,71,75,20,1,47,0,0,0,0,97,103,2,17,23,4,0,3,0,1,38,0,10,18,0,182,0,0,0,0,13,18,0,101,44,3,43,26,1,0,3,77,0,4,83,0,0,82,0,1,4,0,146,62,0,5,28,0,3,0,0,4,6,46,0,13,93,23,64,1,0,0,0,1,180,0,6,3,58,0,0,0,0,5,0,73,77,68,26
17,4,1,7,1,0,0,0,0,0,0,11,3,4,4,3,1,2,1,1,0,5,11,3,1,3,2,1,2,2,4,7,1,10,2,0,3,0,0,3,0,2,6,2,4,3,3,7,1,2,2,3,1,1,3,8,0,4,6,2,0,4,1,8,5,2,5,2,1,2,3,2,1,1,4,3,1,6,3,6,1,1,0,0,3,9,2,2,9,3,1,2,0,0,4,8,1,4,3,7
6,6,4,10,1,0,2,0,0,1,3,4,5,5,5,2,2,0,2,2,0,7,6,2,5,3,2,3,2,0,5,2,2,9,4,1,4,3,0,0,0,3,3,1,6,1,5,5,2,4,2,0,1,1,4,11,1,2,7,1,2,2,0,5,8,1,4,3,1,4,0,3,1,3,3,2,4,8,4,2,0,0,0,1,0,10,2,3,12,2,0,1,1,0,2,8,2,4,7,5
156,29,0,29,2,0,1,0,0,0,1,121,16,29,9,12,8,8,10,3,0,54,92,3,16,13,5,6,17,11,47,17,5,107,5,0,21,0,1,14,1,6,19,7,63,27,23,53,12,6,15,31,5,1,5,75,2,13,65,5,0,35,1,67,29,0,47,17,0,21,6,6,7,8,15,21,22,58,31,43,2,0,0,0,6,59,4,15,107,24,1,6,0,0,7,49,12,27,20,95
26,69,8,103,5,0,6,0,0,0,6,43,53,38,27,16,10,9,7,8,1,40,55,15,29,42,11,6,8,10,48,36,7,58,18,0,31,3,4,12,8,15,26,14,54,7,22,33,8,30,12,15,2,3,14,85,7,25,44,10,2,24,4,50,34,1,65,23,5,9,8,15,8,8,31,20,17,59,17,34,14,6,1,2,15,53,2,24,50,50,1,6,1,0,20,28,8,33,73,47
195,32,0,11,0,0,0,0,0,0,1,179,10,17,10,11,6,2,2,0,0,53,142,1,6,15,1,2,11,7,50,22,1,134,0,0,20,0,0,11,0,5,13,6,76,30,26,60,13,9,13,26,2,0,4,106,2,6,78,1,0,43,0,83,17,0,73,8,0,14,3,7,8,10,14,21,22,77,33,43,1,4,0,0,9,60,0,10,133,21,0,1,0,0,7,45,8,24,26,127
23,84,4,122,4,0,1,0,0,0,7,20,73,55,27,13,17,9,14,3,0,55,58,3,44,46,1,5,16,10,57,36,7,67,19,0,38,1,1,12,4,10,34,6,59,13,35,45,13,19,12,16,6,0,9,94,4,18,73,6,0,27,0,59,48,0,71,16,1,16,1,10,4,7,34,23,19,74,14,52,5,0,0,0,5,81,0,26,57,64,1,3,2,0,13,40,12,36,75,56
210,22,0,17,0,0,0,0,0,0,0,197,8,14,8,9,8,1,2,2,0,56,147,1,14,14,3,0,11,3,33,12,1,184,0,0,16,0,0,3,0,4,9,4,93,18,26,81,7,7,7,31,0,1,3,122,2,6,77,0,0,33,0,95,32,0,69,9,0,11,0,4,1,2,10,18,19,112,32,51,2,0,0,0,1,50,0,10,159,27,0,1,0,0,8,32,4,24,25,155
25,91,1,132,0,0,0,0,0,0,3,29,91,71,21,8,8,4,7,7,0,78,68,1,29,39,2,5,16,11,82,48,1,39,11,0,65,1,0,2,0,11,29,5,74,19,27,53,6,25,10,21,2,2,7,95,0,21,87,4,0,33,0,65,47,0,79,17,1,7,1,6,8,9,38,31,30,64,24,38,3,0,0,0,2,95,2,22,55,70,0,1,0,0,18,38,8,56,82,46
229,12,0,8,0,0,0,0,0,0,0,212,6,10,9,5,3,1,3,0,0,59,157,0,8,7,3,2,10,3,51,17,0,172,1,0,7,0,0,1,0,4,7,1,125,17,15,64,7,9,3,25,0,0,2,124,1,6,88,0,0,39,0,95,27,0,64,12,0,12,2,3,1,6,8,18,16,129,29,37,1,0,0,0,2,38,0,5,184,19,0,1,0,0,2,51,6,21,28,140
18,101,0,130,0,0,0,0,0,0,0,18,107,60,28,22,7,4,2,1,0,78,63,4,38,44,6,2,10,4,91,46,1,57,2,0,48,1,0,3,0,8,39,8,64,20,29,56,12,13,4,27,0,0,4,105,1,13,92,3,0,39,0,70,40,0,78,13,0,9,1,4,6,4,39,24,33,58,32,48,0,1,0,0,3,102,0,20,48,75,0,1,0,0,11,39,7,47,87,57
229,15,0,5,0,0,0,0,0,0,0,232,3,5,4,2,2,1,0,0,0,48,182,0,3,10,0,0,5,1,31,5,0,204,2,0,7,0,0,0,0,1,5,2,123,17,19,74,3,5,2,12,0,0,0,136,0,4,95,0,0,38,0,109,25,0,65,9,0,3,0,0,0,2,9,13,20,136,34,35,0,0,0,0,2,40,0,4,189,14,0,0,0,0,3,46,1,16,17,166
17,94,0,138,0,0,0,0,0,0,0,10,102,82,32,14,5,1,3,0,0,97,49,3,39,40,1,1,18,1,101,45,0,38,6,0,56,0,0,3,0,8,28,2,82,15,40,58,6,10,3,22,1,0,6,102,1,12,101,1,0,34,0,61,40,0,93,14,0,7,0,4,1,3,40,21,26,73,20,61,0,0,0,0,0,109,0,24,43,73,0,0,0,0,8,42,6,48,87,58
236,6,0,7,0,0,0,0,0,0,0,238,1,5,2,0,3,0,0,0,0,54,186,0,4,2,0,0,3,0,22,16,0,205,0,0,5,0,0,1,0,0,2,0,153,16,19,53,2,4,1,9,0,0,0,156,0,0,83,0,0,32,0,107,31,0,67,5,0,7,0,0,1,3,6,8,19,143,27,42,0,0,0,0,0,41,0,1,196,11,0,0,0,0,1,35,0,20,30,163
9,98,0,142,0,0,0,0,0,0,0,5,108,83,33,18,0,1,0,1,0,89,54,1,51,43,1,0,7,3,111,38,2,33,6,0,59,0,0,0,0,2,25,4,62,22,34,87,6,7,3,26,0,0,2,87,0,6,125,0,0,34,0,59,40,0,96,12,0,8,0,1,3,0,30,25,37,63,29,61,0,0,0,0,3,127,0,11,37,71,0,0,0,0,7,55,6,36,91,54
247,2,0,0,0,0,0,0,0,0,0,235,4,7,1,2,0,0,0,0,0,44,192,0,4,5,0,0,4,0,20,8,0,216,0,0,5,0,0,0,0,0,0,0,166,10,11,53,1,8,1,8,0,0,0,157,0,2,81,0,0,20,0,113,33,0,76,6,0,1,0,1,0,1,4,7,14,155,24,43,0,0,0,0,0,40,0,0,206,3,0,0,0,0,1,27,0,16,17,188
2,110,0,137,0,0,0,0,0,0,1,14,107,89,25,13,0,0,0,0,0,107,48,0,38,43,2,2,7,2,120,42,0,26,3,0,57,0,0,1,0,7,48,2,54,10,32,89,3,4,1,20,0,0,4,80,0,14,130,0,0,31,0,59,36,0,100,18,0,5,0,1,0,2,35,22,27,70,25,67,0,0,0,0,0,122,0,16,37,74,0,0,0,0,1,60,0,48,100,40
247,1,0,1,0,0,0,0,0,0,0,243,3,1,2,0,0,0,0,0,0,39,207,0,1,1,0,0,0,1,15,6,0,227,0,0,1,0,0,0,0,0,0,0,175,5,13,54,1,1,0,5,0,0,1,173,0,0,70,0,0,29,0,111,38,0,68,3,0,0,0,0,0,0,2,4,13,156,20,54,0,0,0,0,0,25,0,0,213,11,0,0,0,0,1,34,0,4,10,200
2,103,0,144,0,0,0,0,0,0,0,5,108,89,24,19,4,0,0,0,0,118,40,0,38,48,0,0,4,1,128,33,0,19,2,0,64,0,0,3,0,2,41,1,54,14,36,90,3,8,1,13,0,0,0,75,0,5,155,0,0,31,0,63,29,0,111,8,0,7,0,4,0,1,38,21,28,65,23,69,0,0,0,0,0,133,0,8,28,80,0,0,0,0,1,50,0,58,111,29
247,2,0,0,0,0,0,0,0,0,0,242,2,2,3,0,0,0,0,0,0,27,219,0,1,1,0,1,0,0,9,4,0,235,0,0,1,0,0,0,0,0,2,0,166,6,8,65,0,2,0,8,0,0,0,165,0,0,76,0,0,31,0,113,30,0,72,3,0,0,0,0,0,0,1,4,5,193,7,39,0,0,0,0,0,21,0,0,225,3,0,0,0,0,0,24,0,7,8,210
2,116,0,131,0,0,0,0,0,0,1,5,117,95,24,7,0,0,0,0,0,134,29,0,27,51,0,3,5,0,153,34,0,14,1,0,47,0,0,0,0,3,36,0,67,16,35,86,0,6,1,13,0,0,1,83,0,4,147,0,0,30,0,67,48,0,96,6,0,2,0,0,0,0,34,17,27,45,30,96,0,0,0,0,0,135,0,8,23,83,0,0,0,0,2,56,1,49,113,28
19,2,0,4,0,2,1,1,0,1,3,9,6,6,2,2,0,2,0,0,1,7,5,3,7,1,2,1,1,2,4,2,8,6,4,3,3,0,0,0,2,6,3,1,4,3,2,4,3,2,1,3,9,1,1,7,0,1,5,2,0,3,3,3,3,2,11,2,0,3,0,1,0,2,6,7,2,6,3,3,0,2,1,1,1,8,4,1,8,4,1,0,1,2,3,5,2,3,4,9
5,6,0,14,0,2,2,1,0,0,1,12,4,4,4,1,3,1,0,0,3,7,4,3,3,0,7,2,1,0,2,4,1,10,2,0,4,3,3,1,1,2,4,1,5,6,4,5,0,2,0,3,5,1,4,4,1,7,4,1,0,3,2,5,5,1,7,4,0,3,0,1,4,3,9,3,2,5,2,1,1,1,4,1,4,6,3,4,2,4,2,3,1,0,0,8,0,7,6,3
163,12,2,33,0,3,1,1,0,2,39,79,35,40,9,9,0,6,0,0,4,84,34,13,35,0,21,2,11,13,40,13,35,73,20,9,26,1,0,0,1,48,25,5,30,8,19,33,30,18,8,7,43,4,8,75,1,13,41,17,0,15,18,18,22,0,98,12,0,34,0,1,5,2,42,43,23,49,18,34,0,6,5,7,12,61,13,8,72,33,0,0,10,3,12,18,17,17,41,99
26,51,4,110,0,8,6,5,0,7,12,74,51,47,14,8,3,8,0,0,10,41,58,17,35,1,31,7,6,11,14,47,20,56,23,10,35,7,5,0,6,31,29,17,41,21,16,38,13,5,6,15,17,11,31,55,4,33,29,16,0,22,19,37,30,5,62,26,5,11,0,0,14,11,56,36,15,53,18,14,0,9,14,11,6,50,10,28,53,36,2,2,4,6,10,49,11,44,44,45
198,6,0,33,0,0,0,1,0,0,42,110,35,32,13,6,0,0,0,0,2,112,41,11,31,1,23,4,5,8,47,27,28,87,17,3,28,0,1,0,1,55,27,7,38,2,21,39,17,31,2,5,33,6,10,90,2,19,54,17,0,11,7,12,16,0,138,10,0,44,0,0,1,1,50,54,21,52,18,41,0,2,4,6,9,65,9,4,117,22,0,0,9,1,4,21,21,16,47,119
26,54,3,142,1,4,4,0,0,4,20,83,57,45,17,8,0,8,0,0,8,40,69,24,36,0,38,8,8,7,16,37,39,61,27,8,48,2,0,0,0,31,34,17,53,11,15,52,20,5,11,15,40,5,26,62,0,30,33,16,0,24,19,53,47,1,60,19,0,15,0,0,14,6,56,51,11,66,13,21,0,4,8,6,16,61,11,19,60,53,0,1,14,2,11,55,13,41,58,43
219,3,0,27,0,0,0,0,0,0,41,130,39,28,6,3,0,2,0,0,4,127,48,7,36,0,18,2,4,3,46,14,32,122,5,3,27,0,0,0,0,68,32,3,39,4,19,52,12,20,0,6,40,2,4,116,0,13,57,11,0,5,9,9,18,0,160,4,0,44,0,0,2,0,56,49,27,73,6,36,0,1,4,3,6,83,11,1,110,30,0,0,4,0,4,12,16,18,70,125
22,51,0,171,0,1,3,1,0,0,20,87,52,60,15,9,0,6,0,0,7,38,81,25,46,0,35,4,5,8,25,43,36,63,26,3,50,2,1,0,1,30,41,14,73,8,17,43,16,6,0,6,41,3,27,75,2,29,50,16,0,18,20,56,53,0,58,26,0,18,0,1,10,2,67,37,19,64,17,32,0,2,13,3,10,73,11,15,78,44,0,0,10,2,23,42,14,49,48,61
231,3,0,15,0,0,0,0,0,0,25,171,27,25,1,0,0,0,0,0,1,151,38,8,29,0,18,1,0,3,52,13,18,122,12,3,29,0,0,0,0,62,29,2,56,3,12,52,15,18,0,4,30,0,4,151,0,15,40,5,0,6,5,6,10,0,177,3,0,42,0,0,3,0,52,40,30,74,5,45,0,3,5,1,6,78,1,2,132,21,0,0,1,0,7,14,6,10,45,166
15,44,0,189,0,1,0,0,0,0,36,62,65,67,17,1,0,1,0,0,5,45,82,20,57,0,35,0,3,2,9,60,40,60,12,4,63,1,0,0,0,30,36,12,68,16,13,54,9,11,0,4,58,0,31,52,0,27,57,20,0,30,9,50,49,0,55,23,0,33,0,0,7,4,72,34,10,85,15,22,0,3,5,3,5,76,5,13,71,68,0,1,6,1,12,39,11,53,82,44
236,1,0,12,0,0,0,0,0,0,29,177,16,24,3,0,0,0,0,0,1,171,28,7,27,0,12,2,0,1,40,14,22,127,20,1,25,0,0,0,0,68,29,0,51,6,12,54,12,17,0,1,23,0,3,147,0,17,54,4,0,5,0,5,12,0,190,3,0,34,0,0,1,0,61,48,18,77,5,39,0,3,1,0,2,73,1,0,149,20,0,0,0,0,1,7,3,16,44,178
11,45,0,192,0,0,1,0,0,0,45,61,63,65,14,1,0,0,0,0,2,31,105,13,61,0,32,2,1,2,15,54,17,83,11,1,67,1,0,0,0,39,33,8,71,15,8,52,6,17,0,7,49,2,23,56,0,31,66,15,0,21,9,63,44,0,42,21,0,49,0,0,1,0,59,43,16,95,2,33,0,0,4,0,9,97,6,15,64,54,0,0,1,0,10,54,8,41,93,42
242,0,0,7,0,0,0,0,0,0,19,195,12,22,1,0,0,0,0,0,0,163,46,6,23,0,11,0,0,0,43,12,17,151,11,1,14,0,0,0,0,65,27,3,58,2,9,61,7,17,0,2,16,0,4,155,0,9,62,1,0,0,2,5,8,0,186,3,0,45,0,0,1,0,59,50,14,105,0,20,0,0,1,0,0,76,2,3,148,19,0,0,0,0,0,11,0,8,43,187
6,25,0,218,0,0,0,0,0,0,44,44,85,66,8,1,0,1,0,0,0,53,91,10,58,0,31,2,1,3,29,50,27,48,17,1,75,2,0,0,0,34,34,3,68,11,13,62,8,16,0,1,43,1,15,67,0,41,63,18,0,12,8,63,41,0,54,12,0,59,0,0,4,1,66,39,8,79,9,43,0,2,5,0,3,96,3,14,67,59,0,0,2,1,9,57,4,47,91,38
242,0,0,7,0,0,0,0,0,0,18,204,9,18,0,0,0,0,0,0,0,181,31,5,21,0,10,0,0,1,31,13,13,165,11,0,16,0,0,0,0,69,30,0,60,4,10,65,4,7,0,0,20,0,4,157,0,17,48,3,0,2,2,4,5,0,212,1,0,23,0,0,0,0,51,58,11,89,3,37,0,0,0,0,0,70,1,1,160,17,0,0,0,0,0,13,1,7,37,191
7,32,0,210,0,0,0,0,0,0,34,37,87,81,10,0,0,0,0,0,0,35,106,10,56,0,36,1,0,5,27,63,26,53,18,0,61,1,0,0,0,20,37,2,89,7,16,49,6,23,0,2,52,0,21,63,0,33,65,13,0,14,7,71,53,0,30,11,0,63,0,0,0,0,71,37,8,93,6,34,0,0,1,0,7,117,4,7,71,42,0,0,0,0,10,38,7,43,107,44
245,0,0,4,0,0,0,0,0,0,18,211,7,13,0,0,0,0,0,0,0,187,30,3,22,0,7,0,0,0,43,5,12,169,9,0,11,0,0,0,0,67,25,0,75,0,7,67,3,5,0,0,15,0,2,173,0,11,45,3,0,0,0,1,0,0,222,0,0,26,0,0,0,0,54,61,7,105,0,22,0,0,0,0,0,56,0,0,180,13,0,0,0,0,0,4,0,4,37,204
4,15,0,230,0,0,0,0,0,0,35,36,96,78,4,0,0,0,0,0,0,33,117,13,51,0,34,1,0,0,33,56,20,55,13,2,70,0,0,0,0,24,38,3,73,9,9,67,6,20,0,1,49,0,23,55,0,25,83,13,0,15,3,72,53,0,26,9,0,71,0,0,0,0,74,25,19,85,5,41,0,0,0,0,1,133,0,4,60,51,0,0,1,0,1,59,2,54,105,27
248,0,0,1,0,0,0,0,0,0,10,216,10,13,0,0,0,0,0,0,0,179,37,0,31,0,2,0,0,0,24,9,10,192,4,0,10,0,0,0,0,59,22,0,74,2,7,79,4,2,0,0,15,0,0,179,0,6,49,0,0,0,0,1,4,0,216,0,0,28,0,0,0,0,61,39,6,111,1,31,0,0,0,0,0,57,0,0,181,11,0,0,0,0,0,7,1,6,33,202
1,18,0,230,0,0,0,0,0,0,44,31,87,85,2,0,0,0,0,0,0,49,119,8,50,0,23,0,0,0,34,54,29,40,9,0,83,0,0,0,0,39,33,2,89,3,12,58,8,5,0,0,51,0,21,52,0,34,85,6,0,9,6,71,60,0,30,15,0,58,0,0,0,0,76,44,13,80,3,33,0,1,0,0,2,130,1,7,61,47,0,0,0,0,2,42,2,64,103,36
22,0,2,4,0,0,0,0,0,2,0,7,10,6,3,1,2,0,0,1,0,6,10,0,5,1,2,2,2,2,3,7,4,7,5,0,1,1,2,0,2,4,3,3,8,1,1,3,3,2,1,2,4,0,4,11,2,1,3,2,2,2,3,3,1,0,10,5,0,4,3,1,3,1,1,4,1,7,5,4,1,2,4,1,1,6,1,2,7,5,1,0,2,1,2,3,2,9,3,7
0,9,1,16,0,0,2,2,0,0,2,4,6,5,5,1,2,2,1,2,2,6,5,1,6,5,2,2,0,1,3,3,4,8,6,1,5,0,0,0,1,2,3,2,2,5,6,5,3,1,0,1,6,2,2,3,1,2,6,7,0,3,1,10,4,2,4,6,0,0,0,3,1,2,5,2,3,5,0,9,2,1,3,0,2,6,2,4,5,5,0,0,2,1,3,4,3,7,3,7
189,0,0,21,0,0,0,0,0,7,0,108,53,26,13,1,12,0,1,3,0,46,95,1,44,5,4,1,9,12,22,65,17,75,21,1,11,1,4,0,18,25,21,22,38,8,16,27,27,15,10,13,26,0,20,68,21,3,39,17,23,13,7,15,14,0,102,14,3,26,14,2,19,5,8,10,8,62,50,39,6,5,7,9,7,49,3,8,94,29,0,0,22,3,8,9,4,48,30,93
13,44,10,128,1,0,8,3,0,10,7,48,55,46,38,1,15,2,1,4,1,42,51,4,41,21,16,12,13,16,15,38,24,53,26,4,38,4,14,1,7,19,20,19,53,24,23,31,12,9,5,14,17,2,22,56,6,20,39,36,3,18,21,66,25,2,35,31,3,13,4,7,12,7,35,18,19,50,18,47,8,10,17,5,9,62,1,18,43,44,0,3,10,4,20,22,13,74,27,44
219,0,0,18,0,0,0,0,0,1,0,132,49,31,15,0,9,0,0,2,0,43,130,0,42,2,11,2,3,5,16,77,12,94,20,0,14,0,5,0,23,27,22,14,59,3,18,40,18,14,0,4,23,0,18,98,10,12,56,17,27,13,4,13,10,0,127,15,0,29,12,4,19,5,9,6,7,82,50,44,1,4,4,2,3,62,0,11,114,37,1,0,13,0,10,10,2,62,23,117
11,42,5,164,0,0,3,0,0,13,1,47,83,51,35,2,17,0,1,1,0,72,57,0,49,22,10,8,6,14,28,40,22,60,34,1,37,2,14,0,6,22,14,21,56,21,19,40,25,14,5,12,34,1,22,45,21,16,43,39,10,12,10,80,35,2,46,20,2,21,14,8,10,6,36,16,14,51,15,68,4,4,12,5,6,81,3,14,59,50,0,1,19,3,15,16,11,80,38,55
244,0,0,5,0,0,0,0,0,0,0,164,40,31,11,0,3,0,0,0,0,68,140,0,33,0,3,1,1,3,9,87,12,116,16,0,7,1,1,0,11,29,18,18,76,6,16,42,24,9,0,2,25,0,21,108,12,2,58,21,23,11,3,15,7,0,167,5,0,18,6,0,10,2,6,5,4,116,54,46,0,1,2,0,2,64,0,3,146,31,0,0,5,0,4,7,3,75,24,131
3,48,0,181,0,0,5,0,0,12,1,46,88,58,37,0,19,0,0,0,0,82,64,1,64,13,7,4,4,10,27,55,26,61,22,3,51,0,4,0,22,15,11,17,49,24,33,48,17,13,2,9,19,1,41,51,14,21,53,38,25,24,9,75,30,0,36,28,1,21,5,6,13,8,36,16,13,58,29,65,2,3,12,1,4,97,0,13,65,52,0,0,19,1,16,17,4,103,41,48
244,0,0,5,0,0,0,0,0,0,0,161,53,23,12,0,0,0,0,0,0,49,160,0,33,2,1,0,1,3,8,88,9,124,12,0,8,0,0,0,14,30,18,19,76,5,15,42,22,8,0,2,13,0,20,128,5,6,48,27,13,4,2,14,2,0,192,3,0,19,4,1,4,4,7,3,3,101,79,43,0,3,3,0,2,65,0,1,146,29,0,0,3,0,3,11,0,69,16,147
5,21,1,210,0,0,0,0,0,12,1,62,82,66,31,0,6,0,0,1,0,92,58,0,67,7,10,7,6,2,30,61,26,60,29,0,41,0,2,0,9,20,19,24,60,15,23,50,14,15,0,6,25,0,25,50,10,14,71,48,16,19,7,90,30,0,35,28,0,24,4,1,9,7,27,16,10,85,23,67,3,6,5,0,4,100,0,10,72,49,0,0,7,1,14,12,6,117,34,58
247,0,0,2,0,0,0,0,0,0,0,179,37,27,6,0,0,0,0,0,0,52,159,0,37,0,0,0,0,1,6,81,5,134,14,0,8,0,1,0,10,28,11,12,103,5,18,45,16,1,0,0,16,0,14,123,6,4,63,23,17,3,0,8,4,0,202,4,0,11,1,0,5,1,4,3,2,104,74,55,0,0,2,0,0,75,0,0,156,16,0,0,3,0,3,6,1,78,19,139
2,19,0,227,0,0,0,0,0,1,0,51,102,59,28,0,9,0,0,0,0,92,64,0,76,7,4,0,0,6,25,69,30,68,17,0,39,0,1,0,7,22,22,19,55,13,23,56,20,12,0,4,30,0,21,62,10,18,66,38,20,11,5,93,37,0,29,20,0,34,2,1,8,2,31,12,7,81,34,71,0,2,6,0,1,100,0,11,66,63,0,0,7,0,9,18,2,108,34,71
248,0,0,1,0,0,0,0,0,0,0,200,32,12,4,0,1,0,0,0,0,43,181,0,24,0,0,0,0,1,2,89,4,142,9,0,3,0,0,0,7,21,8,12,108,5,12,48,20,8,0,0,17,0,11,137,3,1,61,19,13,4,1,5,1,0,213,2,0,10,2,0,2,2,6,1,4,116,79,37,0,0,0,0,0,60,0,1,172,16,0,0,1,0,3,3,0,55,13,174
1,18,0,230,0,0,0,0,0,0,0,30,117,74,22,0,6,0,0,0,0,110,54,0,72,4,4,0,3,2,30,70,21,66,15,0,47,0,0,0,11,31,15,17,59,8,21,61,15,11,0,1,29,0,38,59,5,9,67,41,15,14,4,100,24,0,22,27,0,43,1,1,3,1,27,7,5,81,40,83,0,2,4,0,2,123,0,2,59,57,0,0,3,0,3,11,3,137,39,53
249,0,0,0,0,0,0,0,0,0,0,198,38,11,2,0,0,0,0,0,0,40,188,0,20,0,0,0,0,1,1,80,1,160,5,0,2,0,0,0,4,28,11,9,119,4,4,47,18,5,0,0,9,0,4,165,1,1,58,11,6,0,2,5,1,0,220,2,0,13,0,0,3,1,1,1,0,118,75,50,0,0,1,0,0,47,0,0,189,12,0,0,1,0,0,1,0,67,9,171
0,14,0,235,0,0,0,0,0,0,0,39,121,61,28,0,0,0,0,0,0,104,50,0,91,0,1,1,0,2,32,76,12,61,27,0,41,0,0,0,9,26,16,12,56,13,20,70,18,9,0,5,20,0,31,50,5,12,81,45,14,16,4,107,22,0,16,25,0,45,2,0,3,1,28,9,6,86,34,80,0,0,2,0,1,141,0,3,50,52,0,0,9,0,3,8,0,136,30,63
249,0,0,0,0,0,0,0,0,0,0,219,15,9,6,0,0,0,0,0,0,33,193,0,22,0,1,0,0,0,4,69,3,163,4,0,6,0,0,0,4,28,11,10,120,3,9,41,17,6,0,0,7,0,12,164,0,0,51,15,7,1,0,1,1,0,226,1,0,12,1,0,4,1,2,2,0,124,62,53,0,0,0,0,0,49,0,0,185,15,0,0,0,0,1,2,0,54,11,181
0,7,0,242,0,0,0,0,0,0,0,19,140,66,24,0,0,0,0,0,0,125,46,0,75,0,2,1,0,0,27,98,13,50,24,0,37,0,0,0,3,35,12,13,56,6,24,75,19,6,0,1,31,0,27,54,4,6,89,37,10,14,2,115,24,0,14,28,0,42,0,0,2,0,18,3,3,85,48,90,0,0,2,0,0,144,0,0,58,45,0,0,5,0,5,5,0,161,22,51
249,0,0,0,0,0,0,0,0,0,0,225,16,8,0,0,0,0,0,0,0,31,201,0,17,0,0,0,0,0,0,67,1,176,4,0,1,0,0,0,2,25,7,5,119,2,11,63,12,3,0,0,8,0,7,161,1,2,60,10,2,0,0,2,0,0,238,3,0,4,0,0,1,0,2,0,1,153,57,35,0,0,0,0,0,50,0,0,192,7,0,0,0,0,1,1,0,61,4,182
0,3,0,246,0,0,0,0,0,0,0,18,136,71,20,0,4,0,0,0,0,123,42,0,79,1,3,1,0,0,18,113,5,57,20,0,36,0,0,0,4,26,11,15,72,3,26,71,14,7,0,0,13,0,33,57,2,7,88,49,14,13,1,136,27,0,7,17,0,34,0,0,2,0,30,2,3,71,39,102,0,0,2,0,0,152,0,0,52,43,0,0,3,0,3,0,0,163,23,57
18,3,1,2,1,2,0,0,0,3,3,6,4,7,2,2,4,1,0,1,2,3,10,2,1,5,1,2,3,1,5,3,2,11,1,0,2,2,1,3,1,2,8,2,4,4,2,4,2,1,0,2,1,0,4,15,0,3,2,3,0,1,2,3,5,1,10,3,1,4,0,0,4,3,7,1,2,6,2,5,1,0,2,1,3,6,0,1,13,3,0,0,3,0,1,3,2,2,5,14
0,6,3,16,1,0,1,2,0,1,0,7,3,9,1,6,1,1,1,1,1,7,9,1,4,1,1,2,1,3,2,3,3,9,4,0,9,0,0,0,1,5,4,2,9,3,1,2,0,3,0,3,2,0,1,5,1,4,8,6,2,1,1,6,6,2,5,4,1,2,0,1,1,4,9,6,3,6,0,0,2,0,5,3,2,5,0,1,2,10,0,1,1,0,0,4,4,7,5,8
179,11,4,14,1,2,0,0,0,6,35,58,32,53,5,6,26,1,0,1,4,38,79,10,4,47,8,4,23,0,57,27,2,91,8,1,22,2,2,5,0,30,61,6,38,15,18,31,13,5,0,4,5,0,22,122,0,13,25,26,0,10,18,24,8,9,84,20,7,37,0,0,14,20,39,16,32,53,10,33,12,0,2,8,6,34,0,10,118,27,0,0,7,0,0,25,11,17,32,125
8,75,9,78,7,12,11,4,0,13,15,56,34,52,10,18,23,7,0,2,3,38,59,14,24,39,5,11,20,4,18,30,13,60,24,0,49,10,2,11,1,28,32,17,60,19,15,15,11,19,0,32,23,0,12,48,1,26,47,28,2,21,17,20,45,18,46,24,8,16,0,3,16,14,60,23,15,52,16,18,6,0,14,10,15,49,0,15,46,62,0,1,16,0,3,27,29,45,52,44
219,5,1,12,0,0,1,0,0,0,42,69,35,57,4,3,27,1,0,0,0,40,105,10,2,54,5,4,18,0,60,28,2,118,7,0,20,0,0,3,0,42,54,2,52,19,12,39,15,3,0,2,4,0,16,158,0,8,28,22,0,9,16,26,19,9,102,19,2,36,0,0,12,21,43,14,30,71,8,39,7,0,0,4,4,28,0,7,151,37,0,0,5,0,0,17,10,21,29,156
9,90,9,101,4,9,3,0,0,13,17,63,45,61,3,16,27,4,0,2,6,52,49,16,19,45,8,11,28,4,35,44,6,71,19,0,54,1,1,7,1,20,47,10,74,16,19,23,11,17,0,16,25,0,23,42,0,27,63,42,2,14,22,23,36,10,51,34,13,33,0,0,17,15,67,22,20,64,8,25,10,0,6,10,7,71,0,17,48,69,0,0,10,0,0,38,32,60,56,42
243,3,0,2,0,0,1,0,0,0,44,80,44,52,1,0,27,0,1,0,1,40,126,8,1,45,2,5,21,0,44,28,1,151,2,0,20,1,0,2,0,44,72,1,55,19,11,39,5,3,0,1,1,0,12,192,0,6,21,16,0,7,12,31,14,10,114,15,0,46,0,0,6,16,57,15,44,74,1,36,8,0,1,1,0,21,0,7,157,54,0,0,3,0,0,19,4,16,30,177
2,105,3,117,3,2,2,0,0,15,23,62,48,71,3,15,26,0,0,1,2,57,66,4,12,72,11,9,14,2,53,48,7,65,7,0,62,2,0,5,0,28,65,4,70,20,15,23,9,15,0,23,14,0,23,33,0,26,90,40,0,13,21,29,43,12,55,38,7,31,0,0,14,17,82,13,15,70,7,31,10,0,2,5,11,60,0,21,54,86,0,0,3,0,1,42,20,61,81,41
242,2,0,4,0,0,0,0,0,1,44,77,31,73,0,1,23,0,0,0,0,41,132,3,2,57,1,1,12,0,45,23,1,150,7,0,23,0,0,0,0,45,83,0,60,15,7,32,6,1,0,0,0,0,10,211,0,2,15,11,0,3,6,19,14,10,140,12,0,45,0,0,3,14,66,9,38,89,0,30,4,0,0,0,0,31,0,3,179,32,0,0,3,0,0,10,1,14,18,203
3,96,1,131,1,0,0,0,0,17,16,78,42,70,7,4,29,3,0,0,0,55,82,8,15,58,5,5,21,0,42,43,3,61,20,0,74,3,0,3,0,29,61,3,91,13,14,24,7,7,0,14,21,0,32,26,0,18,91,47,0,13,19,39,38,7,53,38,5,37,0,0,16,23,71,16,20,70,6,27,8,0,4,5,11,78,0,20,46,77,0,0,5,0,0,31,19,80,82,32
246,1,0,2,0,0,0,0,0,0,36,88,30,72,0,0,23,0,0,0,0,34,151,3,4,49,1,3,4,0,39,13,0,176,3,0,17,0,0,1,0,42,77,1,80,14,4,28,1,2,0,0,0,0,3,222,0,4,12,8,0,2,10,22,11,4,150,11,0,39,0,0,5,14,59,7,44,96,1,23,0,0,0,0,1,12,0,2,194,40,0,0,1,0,0,8,1,8,16,215
1,103,3,135,0,0,0,0,0,7,25,82,44,63,6,1,28,0,0,0,0,73,70,5,8,67,2,4,20,0,66,47,3,51,8,0,74,0,0,0,0,32,71,4,78,14,15,25,4,6,0,10,24,0,30,20,0,27,104,34,0,11,14,49,36,13,49,35,0,42,0,0,10,19,99,15,17,64,0,25,5,0,1,3,2,88,0,14,36,100,0,0,3,0,0,26,17,96,82,25
248,1,0,0,0,0,0,0,0,0,41,101,26,64,1,0,16,0,0,0,0,35,151,3,1,48,1,2,8,0,45,8,0,178,1,0,17,0,0,0,0,39,80,0,79,16,3,30,1,1,0,0,0,0,2,237,0,0,6,4,0,0,10,22,6,3,160,7,0,41,0,0,4,7,59,12,42,95,0,30,0,0,0,0,1,10,0,0,208,30,0,0,0,0,0,3,0,8,15,223
1,103,0,134,2,1,0,0,0,8,24,83,40,79,0,3,20,0,0,0,0,65,78,5,10,76,2,2,11,0,60,38,1,56,9,0,85,0,0,0,0,36,58,2,83,20,12,26,7,5,0,13,13,0,29,9,0,21,130,34,0,5,13,52,29,12,53,35,1,49,0,0,9,15,88,10,22,74,4,27,1,0,0,2,0,92,0,16,29,109,0,0,1,0,0,34,13,88,91,22
249,0,0,0,0,0,0,0,0,0,31,105,19,80,0,1,13,0,0,0,0,33,160,3,0,47,1,0,5,0,35,12,0,188,2,0,12,0,0,0,0,35,83,0,91,11,3,23,2,1,0,0,0,0,1,235,0,1,9,3,0,0,6,10,14,1,178,4,0,36,0,0,1,5,83,7,36,102,1,14,0,0,0,0,0,12,0,0,220,17,0,0,0,0,0,0,1,4,11,233
0,91,0,155,0,0,0,0,0,3,28,83,40,81,0,0,17,0,0,0,0,77,69,2,4,79,1,3,14,0,61,39,0,50,7,0,92,0,0,0,0,26,71,1,95,19,3,28,4,2,0,9,15,0,26,14,0,21,125,39,0,8,18,44,41,7,40,34,0,57,0,0,8,13,75,20,28,78,0,27,2,0,1,1,1,103,0,11,25,105,0,0,0,0,0,33,9,91,101,15
249,0,0,0,0,0,0,0,0,0,39,104,19,79,1,0,7,0,0,0,0,24,185,0,0,39,0,0,1,0,30,7,0,197,1,0,14,0,0,0,0,40,85,0,92,8,2,22,0,0,0,0,0,0,2,240,0,0,5,2,0,1,3,9,5,1,192,8,0,30,0,0,3,3,69,3,42,108,0,21,0,0,0,0,0,9,0,0,224,16,0,0,0,0,0,1,0,3,6,239
0,96,0,151,0,0,0,0,0,2,23,81,36,84,1,1,23,0,0,0,0,90,52,2,6,87,0,1,11,0,73,43,0,42,7,0,84,0,0,0,0,36,71,1,77,13,4,40,3,4,0,9,15,0,17,8,0,16,148,36,0,4,12,44,45,1,37,28,0,78,0,0,5,9,95,10,21,79,0,30,0,0,0,0,0,98,0,7,22,122,0,0,0,0,0,27,6,96,112,8
249,0,0,0,0,0,0,0,0,0,19,113,25,88,0,0,4,0,0,0,0,17,184,0,0,47,0,0,1,0,24,8,0,208,1,0,8,0,0,0,0,27,100,0,90,6,1,24,0,1,0,0,0,0,1,243,0,0,5,0,0,1,3,5,4,1,190,1,0,44,0,0,1,2,74,4,37,114,0,17,0,0,0,0,0,4,0,0,222,23,0,0,0,0,0,0,0,0,3,246
0,81,0,164,0,0,0,0,0,4,31,90,31,82,0,0,15,0,0,0,0,75,57,0,2,106,0,0,9,0,68,51,0,36,0,0,94,0,0,0,0,35,65,0,90,21,6,27,1,4,0,1,16,0,23,6,0,16,155,32,0,3,10,55,45,2,42,33,0,59,0,0,2,8,97,8,35,73,0,26,0,0,0,0,0,92,0,11,27,119,0,0,0,0,0,27,5,99,115,3
19,4,0,3,0,1,0,1,1,1,3,6,6,4,1,2,3,2,2,1,2,8,7,0,4,2,1,1,2,3,8,4,4,8,1,0,3,1,0,1,0,5,3,0,3,5,2,7,4,1,1,3,0,1,5,8,1,1,4,6,2,0,3,7,3,0,7,3,0,5,0,0,1,0,5,4,3,6,4,7,0,1,1,1,2,8,1,2,11,3,0,2,2,0,3,2,1,5,8,7
4,6,2,10,2,2,1,1,0,2,2,8,3,5,3,3,2,1,1,2,1,4,9,5,1,3,5,2,0,0,3,1,0,11,5,2,4,2,0,2,2,6,2,3,5,2,1,2,2,5,1,1,2,1,2,7,3,7,4,2,2,6,4,4,2,1,6,3,1,1,0,0,3,1,3,4,3,8,5,3,1,2,2,0,1,10,0,3,3,8,0,1,3,1,3,6,2,3,6,5
169,19,1,14,0,1,0,1,2,10,5,80,41,31,1,6,30,1,9,13,16,59,85,4,15,7,7,3,7,14,47,34,20,78,3,1,22,3,4,5,0,36,33,1,22,38,24,20,23,20,1,11,4,3,28,66,3,11,47,43,20,12,11,49,11,0,76,12,0,26,0,0,10,3,16,17,27,60,26,58,0,4,6,12,10,47,2,7,97,32,0,3,14,0,9,20,3,20,57,91
26,58,5,93,2,9,0,4,12,8,12,51,30,52,15,15,20,6,7,9,4,61,61,14,18,19,13,3,10,14,40,34,23,60,9,0,25,16,4,6,6,28,25,14,27,18,16,35,28,20,1,11,12,1,23,65,5,31,29,39,11,15,14,57,18,0,61,22,1,18,0,0,3,9,43,23,25,60,28,26,5,4,18,2,13,68,7,13,46,41,0,5,8,0,13,40,13,37,47,54
211,11,0,9,0,0,0,0,1,6,3,108,45,35,0,1,34,1,5,6,12,58,117,2,16,11,9,1,3,9,46,45,11,104,3,0,17,7,1,4,0,37,33,2,23,46,28,31,20,18,3,6,1,1,34,96,1,6,37,53,17,12,16,54,6,0,97,8,0,28,0,0,7,2,11,16,30,88,25,59,0,1,6,8,6,50,1,4,132,30,0,1,10,0,5,22,0,15,57,128
18,89,0,101,4,5,0,2,1,18,14,51,46,50,6,10,31,4,12,14,4,85,67,6,20,20,13,2,10,11,44,39,14,75,15,0,37,8,4,2,5,25,27,15,40,29,19,20,32,26,1,14,14,1,30,61,4,24,54,35,19,22,9,68,18,0,64,25,0,13,0,0,5,1,34,33,26,72,21,46,3,1,9,9,16,85,5,9,50,51,0,2,13,0,12,41,15,46,65,44
231,9,0,9,0,0,0,0,0,0,0,124,41,48,0,0,29,0,4,3,20,61,142,2,4,10,4,0,0,6,50,31,16,139,2,0,8,3,0,0,0,70,21,0,27,33,26,26,31,15,0,5,2,0,29,109,1,8,46,49,7,7,3,69,4,0,129,6,0,24,0,0,3,0,26,15,20,88,17,80,0,0,1,2,1,53,0,1,164,27,0,0,5,0,2,29,0,11,68,134
14,86,0,128,0,5,0,0,0,16,11,59,39,73,6,6,34,1,6,14,7,111,67,6,22,17,4,0,6,9,54,46,11,67,10,1,49,8,1,2,1,22,41,12,39,31,22,27,29,25,0,12,8,3,30,67,3,21,65,40,15,14,12,77,13,0,63,29,0,26,0,0,3,3,23,30,27,87,23,53,0,0,4,9,10,99,2,9,50,66,0,0,13,0,4,39,22,34,79,58
237,3,0,7,0,0,0,0,0,2,0,157,37,30,0,2,21,0,0,2,10,75,147,1,6,2,3,0,1,4,54,32,13,138,1,0,6,4,1,0,0,61,24,0,35,48,21,23,24,13,0,4,0,0,26,131,0,5,44,39,3,4,5,64,3,0,138,8,0,24,0,0,1,0,8,16,12,111,25,76,0,0,1,1,2,46,0,0,170,29,0,0,3,0,1,16,1,14,59,155
11,96,0,124,0,3,0,0,2,13,8,47,57,67,3,8,49,0,1,9,18,103,71,5,24,9,7,2,5,5,61,49,19,74,9,0,34,2,1,0,0,33,30,7,48,35,24,26,35,11,0,5,9,1,49,60,1,20,48,56,7,18,7,73,18,0,66,27,0,33,0,0,5,0,39,23,24,79,19,60,0,0,3,0,1,119,0,4,54,68,0,0,8,0,7,41,5,53,91,44
243,3,0,3,0,0,0,0,0,0,0,141,50,31,1,3,21,0,0,2,4,62,169,1,4,5,2,0,0,2,27,34,6,167,0,0,11,4,0,0,0,56,25,0,39,45,23,21,27,13,0,0,1,0,20,135,0,4,40,49,10,3,4,47,4,0,154,8,0,19,0,0,1,0,9,12,6,131,16,74,0,0,0,0,0,60,0,0,170,19,0,0,3,0,0,11,0,13,61,161
5,109,0,122,1,2,0,0,0,10,8,57,52,77,5,2,41,0,4,3,14,130,65,0,19,11,4,0,1,5,72,55,11,57,7,0,45,1,0,1,1,34,35,3,54,34,19,27,25,17,0,3,6,0,41,59,1,22,62,55,8,7,8,106,15,0,56,25,0,24,0,0,2,0,39,23,31,82,25,47,0,0,3,1,3,102,1,5,60,74,0,0,6,0,2,45,7,44,98,47
248,0,0,1,0,0,0,0,0,0,1,148,44,31,0,0,25,0,0,0,7,49,178,0,3,5,2,0,0,5,47,28,6,162,1,0,5,0,0,0,0,65,30,2,32,48,14,22,29,7,0,1,0,0,15,144,0,2,41,46,5,1,4,56,0,0,169,1,0,13,0,0,0,0,11,12,5,138,12,71,0,0,0,0,0,41,0,0,189,19,0,0,0,0,0,13,0,11,54,171
1,92,0,151,0,0,0,0,0,5,5,60,57,72,3,3,41,0,1,7,13,138,52,3,19,11,8,0,2,3,59,55,10,64,6,0,51,4,0,0,0,29,28,0,57,40,21,30,31,13,0,2,5,0,36,67,0,14,66,59,6,6,3,124,13,0,63,16,0,18,0,0,0,0,44,17,27,80,22,59,0,0,0,0,2,122,0,0,47,78,0,0,6,0,4,44,3,41,103,48
248,1,0,0,0,0,0,0,0,0,0,159,48,21,0,0,20,0,0,1,6,49,191,0,1,2,0,0,0,0,34,19,3,187,0,0,6,0,0,0,0,62,20,0,51,48,18,19,18,13,0,1,0,0,11,156,0,4,44,33,0,2,2,54,0,0,184,0,0,7,0,0,0,0,5,11,1,159,13,60,0,0,0,0,0,33,0,0,204,12,0,0,0,0,0,7,0,3,68,171
1,102,0,142,0,0,0,0,0,4,4,49,76,71,3,2,38,0,0,6,5,162,50,1,17,9,3,0,1,1,83,52,10,49,4,0,51,0,0,0,0,27,28,2,57,51,15,18,35,16,0,3,2,0,35,64,0,9,60,76,3,7,4,123,11,0,57,22,0,22,0,0,2,0,39,13,27,66,21,81,0,0,0,0,2,137,0,0,35,75,0,0,1,0,1,37,1,54,104,51
249,0,0,0,0,0,0,0,0,0,0,146,48,29,0,1,24,0,0,1,1,45,201,0,0,0,2,0,0,0,39,17,3,189,0,0,1,0,0,0,0,60,13,0,61,54,8,20,25,8,0,0,0,0,10,169,0,0,31,39,0,0,1,46,1,0,192,1,0,8,0,0,0,0,1,6,3,169,10,60,0,0,0,0,0,34,0,0,205,10,0,0,0,0,0,8,0,5,57,179
0,94,0,153,0,0,0,0,0,2,0,72,65,78,0,1,32,0,0,1,4,177,45,0,16,4,3,0,0,0,87,57,5,47,6,0,47,0,0,0,0,31,30,0,58,47,13,20,30,20,0,1,0,0,29,58,0,8,83,70,4,6,2,144,6,0,48,16,0,23,0,0,0,0,49,25,24,59,23,69,0,0,0,0,1,130,0,0,38,80,0,0,1,0,0,39,3,38,117,51
249,0,0,0,0,0,0,0,0,0,0,181,32,27,0,0,9,0,0,0,2,40,205,0,1,0,1,0,0,0,22,17,1,209,0,0,0,0,0,0,0,75,21,0,61,34,15,19,18,6,0,0,0,0,7,179,0,0,34,29,0,2,0,41,0,0,199,0,0,7,0,0,0,0,4,8,7,165,7,58,0,0,0,0,0,36,0,0,203,10,0,0,0,0,0,6,0,5,33,205
0,93,0,156,0,0,0,0,0,0,0,51,81,88,1,1,25,0,0,2,2,189,41,2,9,4,2,0,0,0,97,70,5,35,2,0,36,4,0,0,0,28,33,0,70,40,16,24,29,9,0,1,0,0,32,61,0,6,73,76,1,5,1,156,9,0,43,13,0,21,0,0,0,0,39,18,21,65,28,78,0,0,1,0,0,142,0,0,40,66,0,0,0,0,0,34,0,26,153,36
19,4,1,3,2,0,0,0,0,1,2,7,6,6,1,4,2,1,1,0,0,1,16,0,4,4,2,3,0,0,1,4,1,14,3,1,3,2,0,1,2,2,2,2,5,1,3,8,2,3,2,4,5,1,2,7,1,2,4,2,2,1,1,3,2,3,8,5,0,5,1,1,0,1,6,0,4,10,3,4,0,1,1,1,3,2,1,4,12,5,1,0,2,1,1,5,2,10,5,3
4,7,1,15,0,0,1,1,1,0,4,5,7,6,3,1,1,1,2,0,0,4,1,3,12,3,0,3,1,3,3,6,2,6,3,0,6,2,0,2,1,1,4,0,6,2,6,5,3,2,0,3,1,2,4,10,1,5,3,1,1,2,4,4,4,3,2,7,1,2,1,0,0,2,8,4,1,9,3,2,1,2,2,0,1,5,2,5,4,8,0,0,2,2,3,6,2,4,5,6
177,27,2,5,5,0,0,0,0,1,24,82,36,41,8,11,13,2,0,0,0,6,140,0,33,19,5,8,0,6,0,27,0,139,14,0,27,4,0,6,5,29,29,14,40,12,20,31,5,32,16,35,31,5,11,69,8,14,26,2,7,8,10,31,14,12,77,21,1,36,0,5,0,13,35,1,26,90,24,23,0,5,5,9,10,12,6,20,107,43,3,0,5,2,1,30,7,76,47,46
20,61,2,99,19,0,1,0,2,13,22,49,47,48,18,18,8,4,2,1,0,24,39,9,87,33,10,10,0,5,16,47,18,37,23,2,60,12,0,2,21,9,23,22,42,17,28,29,18,8,12,20,20,6,20,71,5,25,29,9,10,6,16,32,26,15,34,49,6,23,1,6,9,3,54,19,22,61,18,24,1,13,9,7,18,47,11,27,42,42,5,0,8,9,16,41,22,44,32,40
212,14,0,11,1,0,0,0,0,0,29,106,41,28,10,10,14,0,0,0,0,4,174,0,47,8,2,2,0,1,0,20,0,169,15,0,30,3,0,1,0,36,30,12,52,10,22,29,5,42,5,28,34,1,16,100,4,22,25,3,5,6,13,23,6,11,94,41,0,39,0,2,0,11,35,3,33,116,19,19,0,5,2,9,10,11,4,13,142,42,0,0,2,1,1,27,9,97,54,47
13,93,1,111,16,0,0,0,0,4,23,64,57,43,16,19,15,1,0,0,0,26,33,3,131,27,6,8,1,3,9,82,12,37,26,1,56,11,0,4,7,17,37,25,41,19,27,39,11,15,10,20,29,6,23,69,7,25,40,9,15,14,15,42,21,20,39,45,1,26,0,2,2,10,63,15,23,66,31,26,0,10,5,5,22,58,9,25,35,69,0,0,7,0,5,59,20,54,31,62
230,15,0,3,1,0,0,0,0,0,32,112,47,27,8,9,14,0,0,0,0,1,195,0,39,9,0,4,0,1,0,16,0,196,2,0,34,1,0,0,2,43,29,10,52,11,12,38,3,49,3,31,28,0,6,129,2,26,24,0,1,2,10,26,8,6,108,40,2,46,0,0,1,5,49,0,36,125,18,15,0,1,3,2,11,9,2,8,173,40,0,0,0,0,1,23,5,115,44,61
12,105,1,118,11,0,0,0,0,2,29,65,51,41,16,22,24,1,0,0,0,26,35,2,134,38,3,10,0,1,6,74,10,45,22,0,87,3,0,2,9,12,37,20,59,11,22,39,15,25,5,17,40,1,30,76,6,17,48,9,7,10,17,29,28,21,44,61,0,32,0,4,6,8,58,12,31,74,18,38,0,8,3,6,18,72,5,29,35,73,0,0,4,5,8,43,15,53,49,72
238,10,0,1,0,0,0,0,0,0,29,130,45,29,2,1,13,0,0,0,0,0,214,0,28,4,0,2,0,1,0,12,0,215,2,0,20,0,0,0,1,54,27,8,76,4,12,19,2,46,5,18,24,0,3,153,0,17,29,0,2,0,8,27,7,9,112,40,0,44,0,0,0,3,39,0,26,154,19,8,0,0,0,2,10,6,2,10,181,38,0,0,0,1,0,23,4,107,66,48
5,108,0,131,5,0,0,0,0,0,24,61,63,62,12,9,17,1,0,0,0,28,28,1,156,30,2,3,0,1,10,82,6,24,18,0,103,5,0,1,8,22,48,11,56,10,29,37,7,21,7,12,41,1,25,58,4,36,61,4,4,10,17,40,38,15,42,53,1,29,0,0,2,8,71,8,36,65,27,32,0,2,3,2,12,57,2,21,41,109,0,0,1,1,4,65,12,51,38,77
245,2,0,2,0,0,0,0,0,0,30,130,53,25,2,1,8,0,0,0,0,0,215,0,28,5,0,1,0,0,0,3,0,231,1,0,14,0,0,0,0,39,26,5,74,2,17,31,2,53,2,22,24,0,2,166,0,12,21,0,1,0,6,27,7,5,121,41,0,41,0,0,0,1,31,0,22,170,9,16,0,0,1,1,4,5,1,2,198,37,0,0,0,0,0,24,2,105,61,57
3,113,0,132,1,0,0,0,0,0,29,77,58,46,13,11,15,0,0,0,0,9,30,0,181,22,2,5,0,0,1,77,7,8,28,0,127,1,0,0,3,31,35,8,50,13,23,52,6,28,5,20,39,2,24,53,0,34,68,4,1,2,22,35,36,11,51,64,1,26,0,0,0,3,85,4,29,62,27,39,0,4,2,3,18,61,2,24,29,106,0,0,0,0,4,39,12,64,42,88
246,2,0,1,0,0,0,0,0,0,21,147,51,24,3,0,3,0,0,0,0,0,226,0,21,1,0,1,0,0,0,3,0,237,1,0,8,0,0,0,2,45,23,4,81,3,20,29,0,42,0,19,14,0,2,192,0,6,15,1,0,0,2,18,7,3,139,49,0,31,0,0,0,0,30,0,16,191,6,6,0,0,0,0,2,1,0,5,205,36,0,0,0,0,0,18,0,123,64,44
3,109,0,136,1,0,0,0,0,0,35,60,63,62,5,9,15,0,0,0,0,3,22,0,194,28,0,2,0,0,3,89,3,6,17,0,130,0,0,1,2,26,53,6,54,5,16,50,6,31,6,10,53,0,19,39,0,34,86,2,1,0,15,43,32,8,50,63,0,37,0,0,0,4,91,3,34,42,29,46,0,0,5,0,6,66,0,36,32,104,0,0,1,0,2,49,8,53,39,97
247,2,0,0,0,0,0,0,0,0,14,158,52,24,0,1,0,0,0,0,0,0,229,0,19,1,0,0,0,0,0,4,0,235,1,0,8,1,0,0,0,40,28,1,91,0,18,30,1,40,0,16,14,0,2,189,0,16,12,0,0,0,2,10,2,3,155,46,0,31,0,0,0,0,17,0,7,210,5,10,0,1,0,0,2,3,0,0,223,20,0,0,0,0,0,13,0,128,64,44
1,114,0,134,0,0,0,0,0,0,24,64,72,59,10,2,18,0,0,0,0,8,20,0,194,23,0,3,0,1,1,82,0,14,25,0,127,0,0,0,1,32,35,10,67,10,24,43,4,23,1,18,59,1,21,43,0,30,75,1,0,1,19,50,26,13,38,75,0,27,0,0,0,0,119,2,30,34,19,45,0,1,0,1,17,47,0,26,20,137,0,0,0,0,6,38,6,55,43,101
249,0,0,0,0,0,0,0,0,0,18,164,51,15,0,1,0,0,0,0,0,0,228,0,20,1,0,0,0,0,0,0,0,241,1,0,7,0,0,0,0,37,32,1,100,2,10,32,1,34,0,19,16,0,1,199,0,6,8,0,0,0,6,16,5,6,162,32,0,22,0,0,0,1,33,0,10,194,8,3,0,0,0,0,2,2,0,0,226,19,0,0,0,0,0,25,0,117,57,50
0,119,0,130,0,0,0,0,0,0,34,59,77,70,2,2,5,0,0,0,0,3,21,0,202,22,0,1,0,0,1,80,2,8,11,0,147,0,0,0,0,32,38,3,63,5,28,49,0,31,0,12,57,0,18,40,0,32,89,1,0,0,15,50,27,9,40,81,0,27,0,0,0,0,116,0,30,46,15,42,0,0,0,0,10,46,0,28,19,146,0,0,0,0,1,49,2,65,37,95
248,1,0,0,0,0,0,0,0,0,7,177,48,16,0,0,1,0,0,0,0,0,239,0,10,0,0,0,0,0,0,0,0,246,0,0,3,0,0,0,0,29,31,4,101,3,13,24,0,44,0,13,18,0,0,203,0,6,9,0,0,0,3,15,2,4,165,35,0,25,0,0,0,0,25,0,14,203,4,3,0,0,0,0,1,0,0,1,234,13,0,0,0,0,0,14,0,126,63,46
1,105,0,143,0,0,0,0,0,0,38,55,76,67,3,1,9,0,0,0,0,6,10,0,214,19,0,0,0,0,1,81,3,3,13,0,148,0,0,0,1,32,49,11,60,4,18,53,1,20,0,14,60,0,25,29,0,23,97,1,0,0,13,40,29,8,31,88,0,40,0,0,0,0,116,2,27,39,24,41,0,0,0,0,7,60,0,17,10,155,0,0,0,0,0,56,1,57,28,107
18,2,0,2,2,0,0,0,0,6,2,8,3,5,2,0,3,1,2,4,2,4,9,1,5,2,2,3,1,1,4,3,5,11,2,0,3,0,2,0,1,2,6,3,4,3,4,3,3,1,0,2,4,2,3,7,0,5,2,5,1,2,0,7,2,1,10,5,0,2,0,1,1,0,7,3,2,6,3,7,2,0,2,1,2,3,1,2,12,5,1,0,0,0,2,6,1,5,4,11
3,5,1,13,0,0,2,5,0,1,0,11,4,7,2,0,2,1,1,2,1,9,3,3,4,4,2,2,0,2,1,7,3,4,1,1,7,3,2,1,0,5,3,0,4,6,2,3,5,2,0,2,1,0,4,11,2,4,4,2,1,3,2,3,4,2,6,7,1,1,0,0,4,3,5,3,0,9,2,4,2,1,1,1,4,7,0,3,6,5,0,2,2,2,3,3,1,7,6,4
185,3,0,6,0,0,1,0,0,22,11,103,14,39,7,0,19,3,10,11,26,40,94,1,23,4,8,5,14,2,48,31,24,85,9,0,14,2,2,2,14,14,44,28,35,21,16,20,21,4,0,18,27,13,14,70,2,16,24,33,0,22,4,49,7,3,105,19,0,8,0,15,2,0,50,6,14,38,15,77,13,0,13,1,12,22,2,12,108,34,0,1,0,0,1,37,2,24,40,112
12,33,4,85,13,0,27,5,0,38,7,42,37,55,13,0,22,10,10,21,4,66,34,20,38,19,17,11,6,2,21,49,31,46,12,0,42,4,4,8,0,17,32,15,34,30,21,32,26,10,1,19,19,13,21,55,9,31,27,22,1,20,6,50,23,8,55,40,0,14,0,1,10,12,37,23,6,63,33,32,6,2,14,9,13,54,7,24,40,48,0,0,3,1,12,39,18,44,46,54
219,0,0,8,1,0,1,0,0,9,8,134,8,52,1,0,17,0,7,11,24,41,137,0,19,2,2,2,10,1,49,32,27,104,6,0,17,0,1,2,21,14,50,18,38,21,15,26,32,3,0,19,33,7,7,107,0,15,21,29,0,37,4,41,3,0,138,15,0,0,0,10,1,0,54,4,16,41,10,102,12,0,10,0,10,19,0,12,148,27,0,0,0,0,0,22,2,28,38,148
9,33,3,118,7,0,20,3,0,45,13,40,46,68,18,0,27,2,7,17,12,88,37,14,45,9,12,8,10,3,33,58,37,46,12,0,42,3,2,5,2,21,45,18,55,35,13,25,20,4,0,17,21,12,23,65,5,27,38,30,0,22,3,71,16,3,55,55,0,13,0,11,6,9,41,18,9,87,24,33,6,1,10,4,13,75,3,21,38,67,0,0,1,0,7,67,12,42,56,53
241,0,0,2,0,0,0,0,0,6,6,152,10,52,4,0,13,0,4,8,25,50,151,2,13,0,1,3,3,1,47,31,20,135,0,0,15,0,0,1,9,9,58,17,60,30,4,25,35,2,0,15,27,10,6,129,1,11,30,20,0,19,1,58,1,1,158,9,0,2,0,9,0,0,41,5,14,38,15,127,9,0,6,1,5,18,0,12,173,25,0,0,0,0,0,37,0,16,37,159
2,32,3,137,3,0,13,4,0,55,14,51,41,79,15,0,30,3,3,13,15,124,39,6,32,7,10,6,10,0,46,80,40,47,9,0,23,2,2,0,11,14,42,22,45,36,19,26,30,4,0,13,42,6,22,65,2,25,38,36,0,26,8,79,12,5,58,51,0,10,0,8,5,2,57,15,10,80,32,40,10,0,12,1,14,77,1,16,36,82,0,0,0,0,2,55,6,68,68,50
244,0,0,1,0,0,0,0,0,4,2,180,8,38,0,0,14,0,1,6,11,49,163,4,19,0,1,2,0,0,52,34,35,122,2,0,4,0,0,0,1,13,66,19,70,29,6,21,22,2,0,13,34,5,4,137,2,9,20,25,0,18,0,38,2,0,181,9,0,1,0,4,0,0,52,4,10,47,7,125,4,0,2,0,6,11,0,8,193,25,0,0,0,0,0,19,0,8,48,174
5,25,3,162,4,0,8,0,0,42,9,37,48,95,22,0,22,2,5,9,27,114,52,6,33,6,4,2,5,0,45,75,28,56,6,0,38,1,0,0,10,16,54,13,50,25,17,27,35,2,0,24,34,4,26,65,2,26,36,32,0,27,1,104,11,0,53,46,0,7,0,5,4,0,58,20,13,93,17,39,5,0,4,0,11,85,2,23,30,89,0,0,1,0,0,60,3,63,69,53
247,0,0,1,0,0,0,0,0,1,0,191,5,46,0,0,4,0,0,3,14,31,186,2,10,3,0,1,2,0,58,32,17,134,0,0,8,0,0,0,1,13,77,17,65,21,14,18,22,1,0,6,29,0,2,170,0,11,16,15,0,14,0,38,0,0,189,8,0,0,0,1,0,0,56,1,1,49,8,133,0,0,1,0,4,22,0,5,198,19,0,0,0,0,0,18,0,7,34,190
1,23,0,168,2,0,6,1,0,48,6,43,46,93,18,0,28,0,3,12,16,147,40,5,29,1,4,1,6,0,32,82,35,58,2,0,38,1,0,1,1,12,48,22,57,28,15,35,30,1,0,23,35,6,28,47,0,24,51,35,0,32,2,105,6,0,40,61,0,3,0,4,3,0,54,14,10,93,23,48,3,0,1,0,9,89,0,17,28,102,0,0,0,0,1,53,1,58,94,42
249,0,0,0,0,0,0,0,0,0,0,202,2,37,0,0,3,0,0,5,7,40,192,0,9,1,0,0,0,0,51,30,12,148,0,0,8,0,0,0,0,6,69,15,82,20,6,24,27,0,0,3,21,1,5,178,0,10,15,16,0,7,0,28,0,0,210,4,0,0,0,0,0,0,63,2,2,51,3,128,0,0,0,0,2,12,0,2,207,26,0,0,0,0,0,17,0,12,28,192
0,14,0,193,1,0,3,0,0,38,4,38,40,127,11,0,15,0,7,7,18,158,38,2,26,4,0,2,1,0,41,78,34,56,5,0,35,0,0,0,0,14,49,10,69,40,15,27,21,4,0,14,40,3,28,40,1,21,63,39,0,30,0,128,9,0,32,43,0,7,0,2,0,1,56,11,8,94,16,61,3,0,3,0,6,84,0,14,30,109,0,0,0,0,0,58,1,56,94,40
249,0,0,0,0,0,0,0,0,0,0,211,1,33,0,0,4,0,0,0,6,27,211,0,4,1,0,0,0,0,43,42,12,149,1,0,2,0,0,0,0,1,85,12,90,17,4,21,19,0,0,3,16,2,3,192,0,5,13,15,0,12,0,29,0,0,206,1,0,1,0,0,0,0,53,2,3,52,5,134,0,0,1,0,1,5,0,1,230,11,0,0,0,0,0,7,0,4,18,220
0,15,0,191,0,0,3,0,0,40,3,34,39,144,6,0,12,0,0,11,16,164,25,2,40,1,1,0,0,0,41,74,41,54,0,0,39,0,0,0,0,17,44,17,73,29,11,27,31,0,0,19,51,0,27,44,0,20,52,36,0,32,0,117,13,0,31,54,0,2,0,1,1,1,60,11,7,100,15,53,0,0,0,0,6,94,0,13,15,121,0,0,0,0,0,54,0,73,96,26
249,0,0,0,0,0,0,0,0,0,0,222,0,22,0,0,2,0,0,3,1,33,212,0,3,0,0,0,0,0,36,21,9,179,0,0,4,0,0,0,0,6,76,8,102,12,6,16,23,0,0,2,11,0,2,207,0,7,6,14,0,2,0,24,0,0,223,0,0,0,0,0,0,0,74,0,1,40,3,131,0,0,0,0,1,4,0,1,231,12,0,0,0,0,0,8,0,1,19,221
0,15,0,190,1,0,2,0,0,41,0,23,43,151,7,0,16,0,2,7,8,170,29,1,37,2,0,2,0,0,45,93,23,43,2,0,43,0,0,0,0,15,58,12,59,33,9,36,27,0,0,10,43,0,24,25,0,24,74,49,0,30,1,129,8,0,24,54,0,3,0,1,0,1,50,6,8,115,11,57,0,0,2,0,6,86,0,11,9,135,0,0,0,0,0,59,0,57,112,21
249,0,0,0,0,0,0,0,0,0,0,229,3,17,0,0,0,0,0,0,0,26,220,0,3,0,0,0,0,0,33,15,14,187,0,0,0,0,0,0,0,2,78,9,98,15,3,26,18,0,0,1,8,1,1,214,0,10,3,11,0,1,0,26,0,0,222,0,0,0,0,0,0,0,54,0,0,32,0,163,0,0,0,0,0,4,0,0,237,8,0,0,0,0,0,12,0,2,12,223
0,6,0,209,0,0,1,0,0,33,0,17,36,163,8,0,18,0,0,7,7,185,27,0,29,1,0,0,0,0,54,88,33,39,0,0,35,0,0,0,0,6,54,13,74,27,11,32,32,0,0,11,48,0,28,25,0,15,77,45,0,26,0,148,6,0,27,42,0,0,0,0,0,0,66,3,4,117,11,48,0,0,0,0,5,100,0,5,12,127,0,0,0,0,0,57,0,52,120,20
20,3,0,4,3,0,0,0,0,0,2,9,6,2,3,3,1,1,2,1,3,4,11,0,4,3,0,3,2,0,6,4,1,11,4,0,2,0,0,2,0,4,3,2,4,5,2,4,3,3,0,1,4,0,3,9,0,5,3,5,3,4,1,5,1,1,8,3,0,4,1,1,2,1,5,1,1,8,3,7,1,0,3,1,2,5,0,3,14,1,1,0,2,0,2,4,2,7,4,8
2,7,4,12,2,0,2,0,1,0,1,4,3,5,7,4,2,0,3,1,0,7,5,2,8,3,0,3,1,1,4,8,1,7,3,0,2,2,1,2,1,4,2,5,3,2,2,4,2,5,0,2,2,0,3,5,3,4,7,4,2,3,3,5,5,1,4,1,3,3,0,2,1,1,4,2,1,10,5,4,0,0,0,1,4,14,1,0,5,5,0,2,1,0,3,4,1,11,4,4
172,25,0,16,4,0,0,0,0,0,26,84,21,9,28,23,14,3,9,0,13,31,103,3,25,25,0,6,10,1,47,20,4,104,3,0,24,2,0,13,0,34,24,11,33,16,19,30,20,30,0,1,34,0,17,81,2,17,42,23,20,42,2,37,2,3,65,21,1,24,0,4,9,10,28,10,4,66,34,52,7,0,11,6,1,25,0,12,149,6,12,0,11,0,11,13,8,45,27,90
25,64,8,104,10,0,1,0,5,0,3,55,49,25,28,26,5,3,14,9,1,51,48,14,46,27,0,8,17,5,44,49,5,54,16,0,25,3,0,21,0,13,19,26,42,15,25,34,26,17,0,9,16,0,25,49,2,30,44,42,13,21,4,52,20,7,59,14,9,18,1,11,11,7,33,12,6,66,31,39,7,0,10,11,10,89,3,20,24,43,2,0,10,0,18,21,23,61,35,47
204,19,0,14,1,0,0,0,0,0,28,112,22,8,28,18,12,1,7,2,26,27,118,1,30,25,0,2,9,0,56,23,1,125,1,0,25,0,0,7,0,38,21,6,37,14,23,37,17,45,0,0,31,0,8,112,0,15,57,15,16,46,1,38,2,0,92,21,0,22,0,3,4,5,18,12,0,94,31,71,0,0,4,1,2,17,0,6,207,1,5,0,5,0,15,13,7,45,25,123
17,68,3,134,12,0,3,0,1,0,20,53,49,23,35,37,6,4,10,1,5,58,60,4,58,29,0,5,14,5,41,60,7,68,7,0,38,3,0,14,0,20,24,22,38,20,28,41,22,23,0,4,25,0,31,61,1,24,60,32,7,33,4,69,14,3,60,19,5,24,0,3,11,12,40,21,4,69,34,44,8,0,3,5,9,122,1,13,20,57,14,0,8,0,11,31,18,73,39,44
230,12,0,7,0,0,0,0,0,0,19,141,13,6,29,22,13,0,6,0,20,26,146,0,33,15,0,1,8,0,50,8,0,159,2,0,23,1,0,6,0,34,30,6,44,11,17,51,18,38,0,1,31,0,11,127,0,11,50,18,22,44,0,45,1,1,113,12,0,11,0,3,3,0,19,3,1,131,29,60,0,0,2,0,0,26,0,5,216,0,0,0,3,0,12,12,7,52,20,143
12,84,0,150,3,0,0,0,0,0,33,45,67,10,39,39,11,0,5,0,7,82,56,2,57,34,0,6,5,0,54,63,3,52,8,0,53,2,0,14,0,16,12,14,49,18,39,46,22,33,0,0,36,0,28,56,0,31,75,23,5,38,1,77,12,0,63,27,1,25,0,2,5,3,51,18,4,65,37,64,0,0,3,2,6,136,1,16,24,61,2,0,6,0,23,30,15,75,52,46
242,3,0,4,0,0,0,0,0,0,14,161,13,2,25,19,14,0,1,0,12,15,183,0,22,15,0,0,2,0,50,13,0,162,1,0,20,0,0,3,0,33,17,8,57,24,21,27,14,48,0,0,22,0,2,141,0,11,44,29,19,36,0,40,1,1,128,14,0,10,0,1,1,0,26,3,0,138,27,53,0,0,1,0,0,16,0,3,229,0,0,0,4,0,9,8,3,43,19,163
2,77,2,164,4,0,0,0,0,0,30,41,65,17,41,29,17,2,7,0,14,85,37,2,71,31,0,3,5,1,62,62,3,62,2,0,53,0,0,5,0,25,29,12,46,21,33,47,15,21,0,1,45,0,22,46,0,28,78,29,17,38,3,88,9,0,50,20,0,24,0,1,3,4,43,18,1,69,34,76,0,0,3,3,4,134,0,23,14,68,1,0,3,0,18,21,8,92,62,44
245,2,0,2,0,0,0,0,0,0,12,175,13,4,20,18,7,0,0,0,6,23,191,1,20,5,0,0,3,0,52,9,0,177,0,0,8,0,0,3,0,42,16,8,49,16,14,45,14,45,0,0,13,0,3,150,0,12,50,21,12,27,0,43,1,0,145,8,0,13,0,0,0,2,22,2,0,134,27,62,0,0,0,0,0,8,0,1,239,1,0,0,0,0,4,7,4,39,13,182
1,71,0,174,3,0,0,0,0,0,18,43,71,8,45,42,18,0,4,0,12,68,37,1,78,49,0,2,2,0,72,62,0,54,4,0,51,0,0,6,0,19,24,17,44,24,31,53,16,21,0,0,43,0,16,64,0,17,79,30,15,32,0,94,8,0,54,30,0,16,0,1,4,3,49,15,1,71,32,73,0,0,2,0,1,165,0,19,9,53,0,0,4,0,13,18,5,107,68,34
245,2,0,2,0,0,0,0,0,0,8,202,8,1,16,9,5,0,0,0,5,14,205,0,15,9,0,0,1,0,47,6,0,187,0,0,9,0,0,0,0,38,25,4,69,16,25,32,9,31,0,0,20,0,3,159,0,8,44,15,16,24,0,47,0,0,140,10,0,12,0,0,1,0,16,3,0,152,24,53,0,0,0,0,0,9,0,2,238,0,0,0,0,0,1,9,1,33,18,187
2,70,1,175,1,0,0,0,0,0,11,30,85,13,43,44,20,0,3,0,18,84,29,1,73,43,0,0,1,0,75,59,0,52,2,0,55,0,0,6,0,28,22,7,63,19,24,46,12,28,0,0,32,0,22,56,0,15,96,28,13,37,0,97,6,0,61,11,0,24,0,0,4,1,46,14,1,66,33,84,0,0,0,0,0,175,0,14,8,52,0,0,3,0,15,20,4,108,63,36
245,2,0,2,0,0,0,0,0,0,5,206,6,2,17,11,2,0,0,0,1,14,213,0,10,11,0,0,0,0,45,9,0,187,0,0,7,0,0,1,0,41,17,6,76,9,21,34,7,38,0,0,11,0,4,180,0,4,35,15,8,26,0,37,0,0,167,6,0,5,0,0,0,0,17,0,0,152,15,65,0,0,0,0,0,6,0,0,243,0,0,0,0,0,4,3,1,30,12,199
3,67,0,177,2,0,0,0,0,0,10,25,97,15,47,40,12,0,3,0,8,89,25,0,85,39,0,0,3,0,82,50,0,55,0,0,59,0,0,3,0,18,32,17,42,23,25,53,17,22,0,0,33,0,19,44,0,18,110,25,14,42,0,108,7,0,37,18,0,23,0,1,2,1,45,4,1,65,44,86,0,0,0,0,0,183,0,14,5,47,0,0,0,0,7,16,2,123,67,34
249,0,0,0,0,0,0,0,0,0,2,220,3,0,15,7,2,0,0,0,0,13,223,0,8,5,0,0,0,0,29,5,0,207,0,0,8,0,0,0,0,25,21,2,106,7,15,40,5,28,0,0,9,0,3,193,0,3,35,6,2,26,0,38,1,0,174,4,0,4,0,0,0,0,15,0,0,164,19,51,0,0,0,0,0,3,0,1,245,0,0,0,0,0,0,3,1,28,9,208
0,78,0,171,0,0,0,0,0,0,20,18,90,8,62,36,14,0,1,0,3,107,21,0,78,40,0,0,0,0,89,61,0,39,1,0,59,0,0,0,0,23,23,15,43,18,29,64,7,27,0,0,34,0,12,34,0,17,121,31,20,44,0,93,4,0,50,20,0,18,0,1,1,0,42,7,0,59,39,100,0,0,0,0,0,199,0,6,4,40,0,0,0,0,7,16,4,117,78,27
249,0,0,0,0,0,0,0,0,0,3,225,5,1,10,5,0,0,0,0,0,7,232,0,6,4,0,0,0,0,37,4,0,206,0,0,2,0,0,0,0,26,9,3,100,14,20,44,4,29,0,0,4,0,1,194,0,3,41,6,7,24,0,33,0,0,184,0,0,1,0,0,0,0,10,0,0,187,12,40,0,0,0,0,0,0,0,0,249,0,0,0,0,0,1,3,0,20,13,212
0,65,0,184,0,0,0,0,0,0,20,18,89,7,62,38,14,0,1,0,2,107,12,0,88,40,0,0,0,0,92,51,0,38,0,0,67,0,0,1,0,20,21,8,50,22,28,53,9,38,0,0,24,0,16,45,0,17,128,19,11,35,0,130,1,0,39,16,0,17,0,0,1,0,44,5,0,51,37,111,0,0,0,0,0,205,0,4,0,40,0,0,1,0,1,17,1,141,63,25
16,4,0,5,1,2,0,0,0,2,7,6,3,7,1,3,1,1,1,0,1,5,10,1,3,4,1,1,2,2,7,3,3,8,3,0,4,0,0,2,0,4,4,3,5,2,4,4,3,1,3,0,6,0,3,7,1,3,4,3,0,3,3,3,1,1,9,3,3,4,0,0,1,1,3,5,3,9,2,6,1,0,0,0,3,10,1,2,11,2,0,1,3,1,6,1,2,1,4,11
4,7,0,13,1,0,2,0,2,1,5,4,6,6,2,1,5,0,1,0,0,6,7,1,5,3,3,2,2,1,1,1,1,17,1,1,5,1,0,2,1,3,2,1,6,2,4,10,0,1,2,3,3,0,4,9,1,1,5,2,0,1,2,5,4,3,7,4,0,4,0,0,3,1,5,3,1,11,4,2,2,2,2,1,1,8,0,5,3,6,0,1,2,1,1,4,2,8,8,3
164,11,0,29,4,6,0,0,1,2,48,79,21,46,6,12,2,1,2,0,0,26,101,5,22,19,4,6,21,13,72,13,12,83,2,0,31,4,0,0,0,30,36,14,50,7,33,26,19,2,31,0,37,0,11,63,5,16,31,23,3,24,10,11,3,0,122,16,10,18,0,0,4,1,16,25,22,79,7,63,12,0,0,0,9,62,0,13,110,11,0,5,13,1,17,10,8,6,51,106
20,46,6,100,7,17,7,0,8,6,29,46,29,50,7,21,16,11,8,0,2,53,31,9,37,38,8,7,19,13,33,25,15,78,5,0,41,8,0,12,4,24,26,24,31,16,29,45,15,3,2,14,25,0,28,78,5,15,33,17,7,20,9,45,14,6,40,31,17,28,0,0,3,0,37,20,21,91,19,26,2,6,7,0,20,78,1,33,36,34,0,4,12,4,28,16,14,45,54,40
206,4,0,20,2,4,0,0,1,1,57,99,24,46,3,5,4,0,0,0,0,14,136,1,27,20,2,1,30,7,78,11,7,109,1,0,27,3,0,2,0,42,45,8,56,2,43,25,17,0,31,0,28,0,4,80,1,20,47,27,0,28,4,8,1,0,151,17,8,21,0,0,1,0,12,23,29,103,6,64,21,0,0,0,5,54,0,12,140,6,0,1,9,0,19,7,6,2,65,129
16,48,3,138,6,15,7,0,3,2,45,46,30,72,13,11,12,6,3,0,0,68,34,3,34,57,6,8,13,15,53,26,9,90,3,0,49,4,0,4,0,21,42,24,44,8,27,49,18,5,15,7,30,0,24,82,2,17,36,25,2,38,11,48,15,4,41,33,14,32,0,0,2,0,42,25,14,111,8,36,7,4,7,0,11,105,0,22,47,35,0,5,15,0,16,20,18,40,77,47
237,3,0,7,0,1,0,0,1,0,55,100,23,57,3,9,1,1,0,0,0,21,167,0,21,12,0,0,24,4,62,7,2,148,0,0,28,2,0,0,0,43,43,5,67,1,37,38,15,0,17,0,45,0,9,103,0,7,42,26,1,26,3,5,2,1,174,13,5,19,0,0,0,0,5,17,19,150,2,56,14,0,0,0,1,74,0,6,154,0,0,0,7,0,14,5,2,4,75,142
8,52,0,168,4,8,0,0,7,2,46,59,33,75,13,13,4,5,1,0,0,75,30,2,39,63,0,6,19,15,50,24,9,76,4,0,74,3,0,9,0,24,43,18,52,3,37,55,16,1,23,5,41,0,28,78,1,16,40,17,0,54,14,57,17,3,33,27,7,37,0,0,1,0,51,30,13,85,13,56,20,2,2,0,14,110,0,8,64,29,0,1,20,0,22,17,11,40,84,54
230,3,0,15,0,1,0,0,0,0,54,104,17,69,1,3,1,0,0,0,0,12,179,0,24,16,1,0,15,2,73,4,2,144,0,0,24,1,0,1,0,52,42,0,67,0,35,40,13,0,13,0,35,0,8,130,0,10,36,17,0,10,0,0,1,0,213,8,2,15,0,0,1,0,4,22,11,158,0,53,3,0,0,0,0,56,0,7,181,2,0,0,2,0,8,5,1,4,72,157
12,59,1,168,0,8,0,0,0,1,54,73,35,71,3,7,5,1,0,0,0,83,33,1,56,37,4,5,23,7,67,15,6,90,3,0,64,0,0,4,0,28,39,18,61,8,31,53,11,0,12,3,33,0,21,79,0,22,49,30,0,72,3,65,11,1,19,25,13,40,0,0,0,0,37,31,25,81,5,70,17,0,0,0,11,140,0,18,38,25,0,0,9,0,15,11,15,43,92,64
240,2,0,7,0,0,0,0,0,0,59,117,13,58,0,2,0,0,0,0,0,12,201,0,20,8,0,0,6,2,59,4,1,175,0,0,9,1,0,0,0,45,40,4,80,1,37,32,10,0,13,0,33,0,8,125,0,5,41,24,0,8,0,0,0,0,217,7,2,15,0,0,0,0,2,11,5,175,0,56,1,0,0,0,0,58,0,2,188,0,0,0,2,0,6,2,0,4,75,160
5,50,1,187,1,4,0,0,1,0,48,80,30,78,5,4,4,0,0,0,0,80,25,0,54,63,1,2,18,6,88,27,3,69,1,0,61,0,0,0,0,29,38,13,66,3,32,59,9,0,9,4,38,0,22,82,0,22,54,18,0,68,5,72,8,2,19,40,3,32,0,0,0,0,46,32,19,70,1,81,9,0,0,0,6,154,0,14,46,20,0,0,8,0,19,14,12,37,107,52
245,1,0,3,0,0,0,0,0,0,57,119,13,56,0,3,1,0,0,0,0,16,201,0,19,7,0,0,3,3,66,2,0,169,0,0,12,0,0,0,0,53,36,1,88,0,37,27,7,0,8,0,29,0,3,150,0,4,41,14,0,6,0,0,0,0,232,2,2,7,0,0,0,0,1,5,7,191,0,45,0,0,0,0,1,60,0,1,187,0,0,0,0,0,2,3,0,1,73,170
3,53,0,192,0,0,0,0,1,0,50,75,33,80,3,4,4,0,0,0,0,77,24,1,61,63,0,1,19,3,80,18,3,74,0,0,74,0,0,0,0,23,41,14,69,0,36,57,9,0,11,0,44,0,18,68,0,14,66,28,0,75,5,73,11,1,13,32,4,35,0,0,0,0,48,31,17,58,2,93,1,0,0,0,2,166,0,10,57,13,0,0,4,0,16,10,3,36,121,59
247,0,0,2,0,0,0,0,0,0,50,132,12,52,2,1,0,0,0,0,0,7,214,0,14,8,0,0,6,0,59,0,0,183,0,0,7,0,0,0,0,38,38,2,97,1,45,28,0,0,7,0,19,0,5,160,0,2,42,14,0,6,0,0,0,0,232,6,0,5,0,0,0,0,0,4,3,191,0,51,0,0,0,0,1,42,0,0,206,0,0,0,1,0,4,1,0,1,63,179
2,44,0,203,0,0,0,0,0,0,50,64,36,96,1,2,0,0,0,0,0,92,20,0,67,53,0,0,9,8,91,21,4,64,2,0,67,0,0,0,0,37,45,7,63,0,28,62,7,0,5,0,44,0,15,73,0,16,62,34,0,77,0,72,4,0,13,33,2,48,0,0,0,0,40,33,24,57,2,93,1,0,0,0,1,188,0,11,41,7,0,0,3,0,12,5,4,30,143,52
248,0,0,1,0,0,0,0,0,0,52,142,11,43,0,1,0,0,0,0,0,5,222,0,12,6,0,0,4,0,57,2,1,185,0,0,4,0,0,0,0,48,30,1,102,0,38,27,3,0,2,0,10,0,1,183,0,3,45,5,0,7,0,0,0,0,239,1,0,2,0,0,0,0,1,1,2,199,0,46,0,0,0,0,0,48,0,2,199,0,0,0,0,0,2,3,0,0,57,187
1,52,0,195,0,1,0,0,0,0,51,63,35,97,1,2,0,0,0,0,0,105,18,0,65,52,0,0,8,1,106,5,0,63,1,0,74,0,0,0,0,35,39,8,76,1,37,49,4,0,10,0,54,0,13,55,0,22,70,25,0,79,2,76,5,0,8,33,1,45,0,0,0,0,39,27,20,50,3,110,0,0,0,0,1,187,0,4,46,11,0,0,2,0,13,6,1,20,158,49
247,0,0,2,0,0,0,0,0,0,52,126,12,59,0,0,0,0,0,0,0,1,236,0,5,6,0,0,1,0,41,0,0,208,0,0,0,0,0,0,0,38,33,2,115,0,36,25,0,0,1,0,10,0,1,213,0,1,20,3,0,2,0,0,0,0,243,0,0,4,0,0,0,0,0,4,0,205,0,40,0,0,0,0,0,38,0,0,211,0,0,0,0,0,3,1,0,1,48,196
2,42,0,204,0,1,0,0,0,0,52,84,33,76,3,0,1,0,0,0,0,98,11,0,75,58,0,0,7,0,114,6,0,41,0,0,88,0,0,0,0,33,40,5,66,0,32,69,4,0,5,0,55,0,20,30,0,13,86,40,0,77,2,83,5,0,6,32,0,44,0,0,0,0,39,29,15,44,2,120,0,0,0,0,0,205,0,4,37,3,0,0,1,0,5,6,0,22,172,43
17,3,0,7,0,1,0,1,1,0,2,7,6,6,2,0,5,0,0,2,1,4,7,0,5,2,1,7,2,1,1,3,9,9,2,1,2,2,0,1,0,5,3,2,7,1,2,6,3,1,2,6,4,1,3,7,0,1,1,5,0,1,4,3,9,0,8,3,0,2,1,0,1,3,4,3,2,9,2,5,0,1,3,0,4,3,0,3,12,4,0,0,0,0,4,2,5,3,7,9
6,4,0,12,3,0,3,0,2,0,4,5,5,5,3,2,3,2,0,1,0,3,3,4,6,2,2,5,1,4,1,4,2,5,4,1,8,1,3,1,2,6,4,4,2,1,4,1,0,6,0,2,7,0,1,4,3,7,4,2,0,4,3,7,4,1,4,5,0,2,0,0,1,2,3,8,3,8,4,1,1,3,1,0,0,9,0,5,2,9,0,1,2,2,1,4,3,3,2,12
172,9,0,26,1,2,3,1,3,0,15,64,38,43,19,0,27,2,0,9,0,28,89,3,24,16,9,21,18,9,10,21,42,93,8,0,22,12,1,8,0,49,24,15,46,8,15,16,38,6,10,50,24,0,16,67,2,19,6,23,0,14,16,19,46,0,109,8,0,5,2,0,4,12,34,8,12,63,34,48,6,4,8,0,11,18,0,17,119,34,0,0,0,0,6,7,38,16,54,96
20,43,0,120,5,6,10,3,10,0,9,34,36,49,33,0,36,11,0,9,0,25,36,13,54,25,5,35,9,15,26,25,25,40,21,4,52,15,3,6,3,34,27,20,45,11,12,48,5,12,7,8,49,0,14,63,6,24,21,25,0,8,26,40,39,0,52,37,0,15,5,0,9,20,37,35,18,58,16,19,8,3,6,0,12,64,2,29,22,71,0,2,1,0,19,19,30,32,49,65
214,7,0,16,1,0,0,0,0,0,8,80,49,41,17,0,32,2,0,9,0,23,100,4,29,14,4,30,26,8,6,13,51,131,7,0,22,2,0,6,0,51,25,19,49,6,17,35,34,2,4,58,29,0,17,85,1,22,4,18,0,17,9,19,43,0,139,8,0,3,0,0,0,8,30,13,20,69,48,50,1,2,4,0,9,16,0,21,145,40,0,0,0,0,3,7,20,12,69,127
17,43,0,162,2,5,2,0,7,0,10,45,44,64,20,0,40,8,0,7,0,40,53,8,41,37,7,34,6,12,19,35,23,51,16,3,71,15,1,4,0,43,24,20,59,13,12,39,25,3,5,21,50,0,14,75,0,23,22,28,0,15,23,53,55,0,53,31,0,8,0,0,3,15,39,41,21,65,13,41,5,1,8,0,11,72,0,24,30,87,0,0,0,0,11,20,45,37,52,73
234,1,0,14,0,0,0,0,0,0,10,88,51,52,18,0,25,4,0,1,0,22,138,0,25,12,2,19,20,11,5,20,56,130,4,0,20,10,0,4,0,77,20,23,43,4,24,28,27,3,0,41,39,0,11,128,0,13,3,14,0,8,8,11,38,0,178,5,0,1,0,0,1,8,28,6,9,101,52,44,0,1,2,0,8,9,0,21,171,37,0,0,0,0,5,6,22,7,82,127
11,62,0,168,1,1,2,0,4,0,14,43,32,74,28,0,50,3,0,5,0,32,37,10,59,46,3,36,16,10,17,37,23,54,17,0,79,13,0,9,0,38,29,27,57,13,15,46,18,6,3,37,59,0,19,56,0,23,20,32,0,16,25,59,73,0,36,36,0,4,0,0,1,11,45,18,25,73,26,50,3,2,4,0,8,82,0,25,24,101,0,0,0,0,8,14,26,49,68,84
237,0,0,12,0,0,0,0,0,0,2,117,35,55,13,0,25,0,0,2,0,15,151,0,18,12,2,28,15,8,3,17,43,147,4,0,31,3,0,1,0,72,23,13,68,4,16,27,25,1,1,42,28,0,8,142,0,11,1,16,0,2,5,10,27,0,203,2,0,0,0,0,1,8,25,6,4,100,51,54,0,0,0,0,5,19,0,11,162,52,0,0,0,0,3,4,19,2,66,155
12,48,0,188,1,0,0,0,0,0,7,47,49,70,42,0,30,0,0,4,0,42,36,7,63,47,4,34,10,6,9,34,32,55,12,0,96,9,0,2,0,41,40,29,55,8,22,32,17,5,2,33,61,0,18,57,1,33,18,26,0,16,13,83,75,0,29,27,0,6,0,0,2,4,43,22,15,85,34,44,0,1,0,0,9,67,0,32,39,101,0,0,0,0,7,17,35,37,79,74
243,1,0,5,0,0,0,0,0,0,2,113,33,61,15,0,24,0,0,1,0,16,166,0,13,13,0,23,16,2,2,12,40,164,5,0,26,0,0,0,0,81,16,18,75,1,11,20,26,1,0,46,17,0,7,161,0,9,1,8,0,2,4,8,18,0,213,4,0,0,0,0,0,2,25,1,7,108,52,54,0,0,1,0,0,7,0,6,186,49,0,0,0,0,2,0,10,3,66,168
6,45,0,195,2,1,0,0,0,0,12,41,49,62,44,0,38,1,0,2,0,38,35,2,85,34,3,33,11,8,11,28,29,42,17,0,117,3,0,2,0,30,47,27,54,8,19,51,9,4,1,39,77,0,21,45,0,25,17,24,0,17,19,81,84,0,22,24,0,2,0,0,1,3,47,16,10,94,34,44,0,0,2,0,4,72,0,29,36,106,0,0,0,0,5,15,38,33,90,68
245,2,0,2,0,0,0,0,0,0,1,110,36,64,12,0,24,0,0,2,0,14,171,0,17,12,1,20,8,6,0,5,38,178,1,0,26,1,0,0,0,77,21,16,69,0,11,34,21,0,0,42,21,0,10,162,0,8,1,5,0,0,2,8,23,0,215,1,0,0,0,0,0,1,19,4,4,136,40,45,0,0,2,0,2,10,0,8,191,36,0,0,0,0,0,0,10,2,63,174
4,32,0,213,0,0,0,0,0,0,6,58,50,65,23,0,44,2,0,1,0,26,36,2,81,43,1,39,14,7,6,34,40,33,16,0,117,1,0,2,0,34,36,30,63,11,24,44,7,0,0,35,81,0,15,56,0,22,10,30,0,15,14,86,92,0,21,19,0,2,0,0,0,3,56,13,15,73,36,53,0,0,0,0,4,70,0,25,26,124,0,0,0,0,2,10,32,37,102,66
248,0,0,1,0,0,0,0,0,0,1,123,34,59,7,0,25,0,0,0,0,10,190,1,14,5,0,22,6,1,0,3,27,191,1,0,24,3,0,0,0,83,12,19,78,0,9,37,11,0,0,31,23,0,5,174,0,11,0,5,0,0,1,4,13,0,231,0,0,0,0,0,0,0,23,1,3,135,50,37,0,0,0,0,1,10,0,3,209,26,0,0,0,0,1,0,4,1,56,187
1,28,0,220,0,0,0,0,0,0,4,56,48,83,28,0,30,0,0,0,0,42,28,1,91,52,0,16,11,8,4,28,36,41,5,0,135,0,0,0,0,42,33,25,68,3,21,42,14,1,0,40,73,0,17,58,0,26,12,23,0,10,10,93,103,0,14,19,0,0,0,0,0,1,36,17,11,80,30,74,0,0,0,0,0,75,0,13,22,139,0,0,0,0,3,7,43,25,116,55
249,0,0,0,0,0,0,0,0,0,1,111,35,66,17,0,19,0,0,0,0,6,187,1,14,10,0,18,10,3,0,5,31,193,2,0,17,1,0,0,0,88,10,6,85,1,6,41,12,0,0,45,18,0,4,176,0,4,0,2,0,0,1,3,14,0,231,0,0,0,0,0,0,0,11,1,1,152,40,44,0,0,0,0,1,9,0,4,212,23,0,0,0,0,0,0,5,0,54,190
0,20,0,229,0,0,0,0,0,0,3,56,45,73,29,0,43,0,0,0,0,26,29,1,99,42,0,38,10,4,6,26,35,36,15,0,131,0,0,0,0,47,32,21,72,2,21,47,7,0,0,43,83,0,19,55,0,17,6,26,0,13,4,79,118,0,14,21,0,0,0,0,0,0,45,11,5,74,39,75,0,0,0,0,1,79,0,18,17,134,0,0,0,0,0,2,46,29,119,53
249,0,0,0,0,0,0,0,0,0,0,128,40,55,7,0,19,0,0,0,0,4,205,0,10,5,0,21,3,1,0,5,29,201,0,0,14,0,0,0,0,95,12,12,86,0,5,29,10,0,0,30,17,0,2,195,0,5,0,0,0,0,0,0,5,0,244,0,0,0,0,0,0,0,9,3,4,152,40,41,0,0,0,0,1,5,0,10,209,24,0,0,0,0,0,1,3,1,55,189
0,23,0,226,0,0,0,0,0,0,2,51,42,98,32,0,24,0,0,0,0,37,21,0,102,49,0,29,8,3,3,27,49,32,3,0,135,0,0,0,0,48,35,27,77,1,13,38,9,1,0,43,81,0,17,41,0,28,8,31,0,4,3,98,128,0,4,12,0,0,0,0,0,0,38,14,8,74,43,72,0,0,0,0,2,76,0,10,21,140,0,0,0,0,2,0,33,23,138,53
16,0,1,7,0,2,1,1,1,1,4,11,6,4,2,0,3,0,0,0,2,7,5,1,3,5,3,1,1,2,6,4,3,11,1,0,4,0,0,1,2,1,5,5,2,3,3,5,2,2,1,3,8,1,2,6,0,4,2,3,1,1,3,3,4,1,11,2,0,4,1,1,2,2,5,4,0,10,3,2,0,1,2,0,4,4,2,0,12,5,3,0,1,0,1,3,2,6,2,12
4,7,2,11,0,0,3,0,1,2,3,7,6,5,4,2,2,1,0,0,1,3,5,2,6,4,4,0,2,3,4,8,2,5,3,1,5,1,0,1,0,4,4,1,7,3,2,3,3,3,1,4,6,0,8,3,3,2,1,2,1,4,4,4,6,0,4,3,1,3,1,1,1,2,6,5,4,5,2,3,2,1,0,0,3,8,1,3,5,7,0,1,3,2,3,4,0,4,6,7
174,0,1,31,0,2,3,0,6,0,24,96,56,25,4,0,12,0,0,0,15,52,64,1,5,46,9,2,7,16,49,22,10,113,2,0,20,0,0,1,26,12,24,28,23,17,31,25,22,9,6,28,50,4,20,44,3,34,14,14,14,11,22,31,16,12,80,17,1,13,9,8,4,3,44,10,9,84,22,24,0,2,1,0,11,26,19,1,118,39,14,1,5,1,3,19,23,25,29,97
19,29,9,105,2,16,14,8,11,4,28,48,45,41,18,8,29,0,0,0,1,33,48,9,34,37,19,3,15,18,42,56,17,49,7,0,42,1,0,3,4,11,17,21,52,29,19,32,20,12,7,23,21,6,49,33,12,25,19,22,2,13,21,31,45,4,46,22,3,30,5,7,12,6,53,30,11,57,14,22,1,10,5,1,13,57,15,12,48,55,16,2,9,7,11,37,3,42,36,54
219,0,0,15,0,2,0,0,2,0,14,140,57,20,0,0,7,0,0,0,27,48,65,0,8,63,10,0,0,17,35,20,7,159,1,0,16,0,0,0,33,9,24,26,36,18,36,32,21,3,1,32,64,2,23,60,3,23,15,15,22,7,19,34,11,6,124,7,0,8,5,1,1,1,57,8,9,118,18,20,0,5,0,0,6,38,6,1,146,36,1,0,2,0,1,27,18,19,21,149
7,25,8,166,3,7,5,3,13,1,34,55,59,49,11,5,25,0,0,0,2,59,55,2,28,31,17,4,11,29,67,56,15,50,4,0,46,0,0,0,8,16,29,25,63,23,21,25,24,4,5,29,34,1,61,41,8,23,21,15,0,14,19,51,51,10,50,27,0,16,1,5,2,3,67,22,15,72,18,33,2,0,1,0,16,76,22,14,50,57,8,2,2,1,4,28,15,63,62,53
241,0,0,7,0,0,0,1,0,0,19,152,53,20,0,0,5,0,0,0,26,39,95,0,1,62,7,0,2,17,45,12,5,172,0,0,15,0,0,0,32,6,20,24,56,10,41,34,24,2,2,30,66,3,18,73,2,35,12,8,35,3,14,31,7,5,133,14,0,7,0,0,0,0,58,10,4,151,8,18,0,0,0,0,1,39,10,0,178,21,1,0,0,0,0,19,14,12,15,188
5,35,3,189,1,6,3,1,5,1,33,60,86,45,4,0,21,0,0,0,14,52,56,0,31,48,8,0,11,29,70,69,9,59,2,0,40,0,0,0,8,8,16,29,53,25,40,45,14,11,2,38,20,3,59,56,11,25,23,12,3,11,21,48,48,3,67,33,0,15,2,2,3,2,82,18,13,68,20,39,1,0,0,0,7,104,6,5,48,78,4,0,2,0,2,46,20,48,95,32
238,0,0,11,0,0,0,0,0,0,12,168,51,14,1,0,3,0,0,0,16,50,101,0,6,61,3,0,0,12,34,15,3,186,0,0,11,0,0,0,43,7,13,22,61,18,30,30,21,4,1,24,66,0,37,77,2,29,9,4,33,3,12,25,11,1,147,7,0,10,1,0,0,0,54,2,2,170,9,11,0,0,0,0,2,23,5,0,195,24,1,0,0,0,0,20,10,14,17,187
6,30,0,196,0,5,3,3,6,0,39,52,83,55,4,0,16,0,0,0,18,51,64,3,28,44,15,0,5,21,78,65,10,48,0,0,48,0,0,0,13,11,26,30,60,12,34,34,24,5,1,35,37,1,60,44,3,34,16,18,13,6,30,54,51,2,44,28,0,21,0,2,0,0,95,19,5,62,20,46,0,2,0,0,7,101,6,3,41,89,7,0,7,0,4,30,22,62,77,40
245,0,0,4,0,0,0,0,0,0,7,172,50,14,0,0,6,0,0,0,8,55,101,0,3,60,2,0,1,19,36,10,2,194,0,0,7,0,0,0,21,1,27,28,72,18,32,31,17,2,0,24,52,0,38,97,0,29,4,5,26,1,11,20,13,1,162,7,0,8,0,0,0,0,57,2,1,173,8,8,0,0,0,0,1,17,2,0,209,20,0,0,0,0,0,21,7,7,16,198
4,22,1,215,0,4,0,0,3,0,31,58,92,50,4,0,14,0,0,0,17,50,70,0,29,47,9,0,8,19,83,66,6,47,0,0,47,0,0,0,20,10,15,21,77,20,31,37,17,1,0,26,35,1,61,56,4,35,18,13,22,6,22,68,52,1,39,22,0,17,0,0,0,1,99,16,5,63,16,49,0,0,0,0,2,116,5,4,28,94,2,0,2,0,0,38,21,67,82,37
243,0,0,6,0,0,0,0,0,0,5,183,46,13,0,0,2,0,0,0,3,60,119,0,2,55,0,0,1,9,30,6,0,207,0,0,6,0,0,0,22,2,16,30,78,18,29,35,18,1,0,24,59,0,28,107,0,21,4,6,9,1,12,21,13,0,184,2,0,7,0,0,0,0,49,2,1,191,2,4,0,0,0,0,0,11,0,0,211,27,1,0,0,0,0,20,9,5,13,201
6,14,0,227,0,0,0,0,2,0,30,49,106,53,0,0,11,0,0,0,14,51,73,0,24,58,7,0,3,19,77,90,6,35,0,0,41,0,0,0,11,7,22,28,82,12,23,39,24,1,0,34,48,0,58,44,2,40,13,10,32,1,19,65,55,0,32,34,0,11,0,0,0,0,109,22,4,57,10,47,0,0,0,0,1,115,4,2,30,97,0,0,0,0,0,41,14,75,82,37
248,0,0,1,0,0,0,0,0,0,2,197,37,11,0,0,2,0,0,0,1,54,117,0,2,62,0,0,1,12,25,7,0,215,0,0,2,0,0,0,17,1,18,20,105,16,30,23,18,1,0,15,59,1,30,109,0,26,6,3,10,0,9,20,9,0,196,2,0,3,0,0,0,0,49,2,0,191,2,5,0,0,0,0,1,14,0,0,215,19,0,0,0,0,0,7,2,2,9,229
1,6,0,242,0,0,0,0,0,0,29,42,118,46,1,0,13,0,0,0,10,69,75,0,25,52,3,0,1,14,94,68,4,31,0,0,52,0,0,0,9,3,23,28,78,25,25,37,20,1,0,30,41,0,57,55,2,42,14,8,19,3,15,85,62,1,29,26,0,9,0,0,0,0,122,2,5,56,13,51,0,0,0,0,2,107,5,2,29,104,0,0,0,0,0,42,15,85,92,15
247,0,0,2,0,0,0,0,0,0,2,202,38,7,0,0,0,0,0,0,0,56,134,0,2,51,0,0,0,6,22,5,0,220,0,0,2,0,0,0,18,0,15,19,114,12,18,37,14,2,0,18,62,0,33,109,0,22,3,2,0,3,6,17,9,0,206,4,0,4,0,0,0,0,42,1,0,203,2,1,0,0,0,0,0,13,0,0,224,12,0,0,0,0,0,5,0,9,6,229
2,4,0,243,0,0,0,0,0,0,22,38,120,63,1,0,5,0,0,0,1,74,76,0,17,60,5,0,3,13,92,87,3,26,0,0,41,0,0,0,6,1,24,33,71,15,23,44,32,0,0,33,40,0,66,56,0,34,12,8,17,0,13,96,57,0,23,28,0,15,0,0,0,0,144,8,3,45,8,41,0,0,0,0,1,103,1,0,23,121,0,0,0,0,0,50,16,67,104,12
249,0,0,0,0,0,0,0,0,0,0,214,28,7,0,0,0,0,0,0,0,49,145,0,1,47,2,0,0,5,14,1,0,234,0,0,0,0,0,0,17,1,5,21,132,4,21,40,8,0,0,16,60,0,26,121,0,23,1,2,2,1,4,8,5,0,227,1,0,1,0,0,0,0,35,0,0,212,1,1,0,0,0,0,0,9,0,0,236,4,0,0,0,0,0,6,2,3,3,235
0,8,0,241,0,0,0,0,0,0,19,31,134,65,0,0,0,0,0,0,1,69,70,0,21,68,8,0,2,10,109,78,3,14,0,0,45,0,0,0,9,3,18,19,70,25,30,55,20,0,0,27,46,0,77,50,0,35,7,7,5,2,15,97,65,0,15,39,0,11,0,0,0,0,146,12,0,37,13,41,0,0,0,0,0,140,2,0,11,96,0,0,0,0,0,36,6,73,122,12
