22,4,0,3,1,0,0,0,0,0,5,10,3,4,0,4,1,0,2,1,0,8,11,0,5,1,1,4,0,0,5,4,2,11,3,1,2,0,1,1,1,7,2,2,9,3,0,3,3,0,4,0,4,1,3,8,1,2,4,3,2,4,2,5,5,0,7,3,0,2,0,4,4,1,9,2,3,4,1,2,2,1,0,1,2,8,3,2,10,1,0,1,5,1,3,0,4,6,6,4
4,10,2,8,2,1,1,1,0,1,3,7,4,3,3,0,6,1,2,1,2,1,5,5,6,7,1,2,1,0,6,6,2,7,4,1,2,1,0,1,1,2,5,3,5,2,1,5,1,5,2,4,4,0,1,6,1,10,2,0,0,7,2,2,5,3,5,5,1,0,0,3,5,1,5,5,0,8,3,0,1,0,4,1,1,5,3,7,6,2,1,0,1,2,3,3,1,9,2,8
196,9,0,9,2,0,0,0,0,1,51,73,27,24,1,19,5,0,14,3,0,37,110,1,45,5,5,14,0,0,32,13,17,108,22,1,15,0,2,7,3,44,6,13,94,9,1,20,19,8,18,1,24,1,21,76,9,27,32,8,14,15,14,21,43,4,65,31,0,10,0,18,22,1,69,21,9,42,15,20,3,1,2,1,7,43,19,23,108,10,0,0,28,0,30,2,26,68,32,31
16,92,13,73,11,5,3,4,0,0,14,67,24,32,7,18,37,0,8,10,2,47,31,14,47,45,12,15,4,0,55,33,16,44,27,5,18,7,6,6,8,30,25,16,41,20,13,35,18,11,13,13,25,5,18,50,10,38,22,23,3,26,20,41,31,12,37,29,5,13,0,24,38,4,44,20,23,47,4,13,7,3,11,7,9,68,12,38,47,15,0,4,22,12,14,6,18,73,30,38
217,13,0,7,1,0,0,0,0,0,63,86,22,34,2,8,5,0,16,2,0,34,132,1,48,9,2,12,0,0,33,15,10,151,16,0,10,0,0,3,0,36,4,10,132,11,1,25,13,6,7,2,28,0,19,106,1,26,48,1,22,13,11,7,54,5,81,36,0,9,0,12,21,0,83,22,3,55,10,32,1,0,1,0,4,46,18,26,134,8,0,0,17,1,29,1,21,95,33,41
18,110,12,89,3,3,1,0,0,2,27,65,31,31,4,23,39,1,16,1,0,50,46,7,63,46,15,10,1,0,67,34,25,43,31,4,27,2,0,5,6,38,19,14,48,16,4,60,21,12,17,10,24,0,30,48,11,50,33,15,8,21,14,43,40,9,54,30,1,18,0,10,36,2,53,20,15,81,5,16,2,1,7,1,7,88,18,36,57,21,0,0,25,3,30,5,35,56,30,54
243,4,0,2,0,0,0,0,0,0,48,129,17,28,1,10,3,0,12,1,0,30,163,0,47,1,1,7,0,0,30,7,3,181,12,0,15,0,0,1,0,40,2,9,154,4,1,25,12,2,7,0,26,0,19,128,2,25,40,2,17,4,5,8,54,2,115,38,0,6,0,10,22,0,98,12,7,60,7,33,0,0,0,0,2,41,14,16,173,3,0,0,17,0,26,0,23,108,41,34
6,143,7,85,4,4,0,0,0,0,48,58,38,38,4,14,34,0,14,1,0,57,34,8,75,49,10,15,1,0,78,37,22,40,31,0,35,2,0,4,2,62,19,12,50,16,3,60,17,8,17,5,34,0,19,49,5,45,56,19,18,27,13,23,52,10,51,33,0,22,0,16,24,1,67,26,12,80,6,17,1,0,1,3,2,102,18,56,51,15,0,0,20,5,22,2,26,70,34,70
247,1,0,1,0,0,0,0,0,0,60,127,13,22,0,10,7,0,10,0,0,21,184,0,36,3,0,5,0,0,29,6,6,180,10,0,18,0,0,0,0,36,0,4,168,3,0,20,13,5,3,0,18,0,9,156,1,23,32,7,4,4,7,11,54,2,125,38,0,4,0,6,8,0,110,13,8,73,7,24,0,0,0,0,0,35,12,18,180,4,0,0,12,0,15,0,23,125,32,42
2,133,2,104,7,1,0,0,0,0,49,69,39,39,0,21,19,1,11,1,0,73,35,2,76,44,3,16,0,0,66,29,16,48,54,0,29,1,0,6,1,56,14,6,47,12,3,85,15,10,17,4,47,0,25,44,2,44,54,12,17,24,10,28,56,3,43,56,2,10,0,10,25,0,53,16,17,89,8,31,0,0,2,0,4,106,23,55,46,13,0,0,20,2,27,1,20,69,36,74
247,2,0,0,0,0,0,0,0,0,64,133,13,17,0,10,5,0,7,0,0,16,191,0,34,3,0,5,0,0,21,0,8,201,8,0,11,0,0,0,0,29,3,6,179,4,0,20,6,2,6,0,15,0,9,153,1,23,39,3,2,5,7,10,53,0,135,35,0,2,0,3,9,0,122,9,1,71,4,30,0,0,0,0,0,25,7,16,199,2,0,0,10,0,15,0,13,142,28,41
2,121,3,116,5,1,0,0,0,1,46,70,38,41,0,12,30,0,12,0,0,61,32,1,99,38,4,14,0,0,68,33,14,36,58,0,40,0,0,0,0,52,11,6,44,25,2,74,26,9,8,1,28,0,23,53,2,62,57,15,12,15,7,21,61,5,62,51,1,14,0,7,19,0,69,11,16,99,5,23,0,0,0,0,1,135,20,42,37,14,0,0,17,0,32,1,19,71,29,80
248,1,0,0,0,0,0,0,0,0,54,142,11,22,0,6,5,0,8,1,0,18,192,0,31,5,0,3,0,0,12,3,2,222,3,0,6,1,0,0,0,22,0,1,192,3,0,19,9,3,2,0,10,0,8,162,0,25,37,5,0,6,6,9,48,2,144,32,0,2,0,1,12,0,127,8,1,80,2,18,0,0,0,0,0,23,6,12,207,1,0,0,5,0,7,0,18,169,18,32
0,125,2,116,4,2,0,0,0,0,41,68,25,56,0,25,23,0,10,1,0,64,35,0,101,30,2,17,0,0,82,25,18,23,41,0,59,1,0,0,0,66,7,9,36,13,3,86,21,8,9,0,32,0,21,52,1,65,53,16,7,19,10,24,74,5,57,49,0,4,0,6,23,0,69,17,7,99,2,26,0,0,0,0,3,138,21,53,28,6,0,0,17,0,34,0,15,53,43,87
249,0,0,0,0,0,0,0,0,0,52,162,9,13,0,7,2,0,4,0,0,8,210,0,27,0,0,4,0,0,9,1,2,228,4,0,5,0,0,0,0,18,0,1,209,1,0,19,1,0,1,0,9,0,4,182,1,12,38,2,0,0,1,7,47,3,146,41,0,4,0,1,6,0,113,7,0,101,0,21,0,0,0,0,0,14,5,9,221,0,0,0,4,0,7,0,9,171,16,42
0,118,0,126,4,1,0,0,0,0,45,62,23,56,0,16,37,0,10,0,0,61,24,1,113,41,1,8,0,0,88,21,21,15,49,0,55,0,0,0,0,75,6,7,31,14,2,86,17,11,7,0,29,0,21,38,0,66,72,16,2,16,7,30,77,3,47,60,0,7,0,3,15,0,92,15,4,91,2,27,0,0,0,0,1,154,23,44,23,4,0,0,12,0,26,1,17,55,45,93
249,0,0,0,0,0,0,0,0,0,48,171,6,13,0,5,3,0,3,0,0,9,208,0,32,0,0,0,0,0,5,0,0,234,3,0,7,0,0,0,0,19,0,1,209,1,0,17,1,1,2,0,4,0,2,194,0,14,31,2,0,0,2,9,49,0,155,34,0,0,0,1,6,0,111,11,2,105,0,13,0,0,0,0,0,19,2,5,223,0,0,0,2,0,5,0,13,187,18,24
0,127,1,120,1,0,0,0,0,0,51,58,27,66,0,13,28,0,6,0,0,69,27,0,107,39,0,7,0,0,95,18,17,11,41,0,67,0,0,0,0,66,6,5,34,16,0,89,26,7,4,0,36,0,19,29,1,70,78,12,1,8,7,42,72,5,45,63,0,6,0,0,13,0,95,4,3,114,2,18,0,0,0,0,1,155,15,49,24,5,0,0,12,0,20,0,16,43,44,114
249,0,0,0,0,0,0,0,0,0,38,185,8,13,0,2,2,0,1,0,0,5,225,0,17,2,0,0,0,0,2,0,0,244,0,0,3,0,0,0,0,12,0,0,227,0,0,8,1,1,1,0,6,0,0,202,0,16,21,3,0,2,0,2,45,0,165,35,0,0,0,0,8,0,146,4,0,86,0,5,0,0,0,0,0,7,0,5,237,0,0,0,0,0,3,0,6,188,18,34
0,122,0,127,0,0,0,0,0,0,68,49,26,44,0,22,33,0,7,0,0,61,17,0,136,28,0,7,0,0,94,16,15,4,45,0,75,0,0,0,0,74,5,6,21,7,0,118,14,4,2,0,27,0,17,37,1,70,85,10,0,13,2,18,96,0,43,68,0,9,0,1,18,0,69,10,7,118,1,25,0,0,0,0,0,173,9,52,10,5,0,0,9,0,26,0,13,48,39,114
13,5,1,8,1,0,0,0,1,1,5,14,3,4,1,0,1,0,2,0,2,4,14,1,3,5,0,0,1,0,5,4,3,9,2,0,2,4,1,0,3,2,10,5,2,1,0,6,1,0,2,1,3,0,6,7,3,2,5,1,1,2,1,7,2,2,11,1,0,3,0,4,2,2,7,2,5,4,1,3,0,1,2,1,4,8,1,3,10,0,1,1,3,2,2,3,3,4,5,6
9,9,2,4,2,1,2,1,0,0,2,6,8,2,3,3,2,1,2,1,0,10,4,4,4,2,2,0,2,2,2,7,1,8,6,2,2,0,0,2,0,5,2,0,14,0,4,3,0,2,1,2,3,0,3,8,1,3,5,4,1,4,4,3,5,1,7,3,0,2,1,0,2,5,4,3,2,7,4,2,1,2,4,0,2,6,2,2,4,7,1,1,3,2,2,2,5,7,3,4
136,29,1,42,4,0,1,1,2,1,43,111,12,31,4,2,1,0,13,0,4,23,126,12,16,26,1,0,9,0,27,24,12,95,22,0,18,16,1,2,7,12,68,26,53,1,5,41,1,3,16,1,23,2,27,55,8,19,56,10,5,15,15,34,12,5,106,22,0,3,0,13,10,15,58,7,34,41,13,26,0,5,8,2,15,44,11,14,111,7,0,0,5,6,13,15,28,51,40,59
37,63,11,68,15,0,5,1,6,11,13,65,63,23,13,10,17,1,11,1,2,63,37,16,37,37,9,1,14,1,34,43,19,32,25,2,29,28,1,4,15,19,41,11,62,6,7,44,8,4,11,8,16,2,40,66,17,20,22,15,6,9,8,54,42,11,45,22,4,16,0,22,16,25,17,16,31,46,13,31,1,12,11,8,28,55,9,23,37,33,1,6,15,8,15,17,29,41,35,50
156,31,0,48,3,0,0,0,0,0,30,152,16,32,2,1,0,0,5,0,2,24,169,2,15,20,1,0,5,0,15,23,15,131,17,0,20,17,0,0,7,12,75,16,71,2,2,50,1,2,17,0,20,0,29,69,6,11,78,8,0,12,11,35,18,0,134,22,0,6,0,17,4,9,71,7,30,61,9,30,0,1,5,0,14,35,7,12,159,5,0,0,4,6,10,12,22,54,52,78
60,79,5,80,8,0,3,1,1,1,42,49,70,40,8,8,8,0,13,0,0,84,33,13,48,38,7,2,13,0,36,49,19,47,23,3,29,24,1,7,10,14,61,20,60,10,10,41,5,7,14,4,35,3,33,66,7,26,36,14,8,20,15,47,47,9,44,35,1,12,0,16,12,28,30,13,26,60,19,34,2,5,15,7,20,64,15,23,31,56,1,0,7,11,9,17,37,52,34,70
183,28,0,36,0,0,0,0,2,0,23,168,8,41,3,1,0,0,5,0,1,8,212,3,12,10,0,0,3,0,22,22,7,149,23,1,15,7,0,3,3,5,92,20,70,0,1,57,0,1,9,0,16,0,30,71,4,13,96,10,0,10,6,33,11,2,167,20,0,0,0,5,4,12,86,5,32,64,6,35,0,1,2,0,6,39,6,5,187,3,0,0,4,3,3,14,30,51,60,84
47,74,7,109,10,0,0,0,2,0,57,50,67,32,16,6,13,0,8,0,2,79,16,16,64,50,6,1,15,0,31,63,21,41,33,0,35,24,0,1,5,17,59,13,89,3,7,51,4,1,22,0,30,0,30,77,5,31,35,19,1,17,12,65,47,6,49,35,2,15,0,22,5,13,39,7,35,79,16,33,0,1,14,3,25,96,12,21,31,46,0,0,6,3,11,16,27,66,53,67
207,18,0,22,2,0,0,0,0,0,18,188,7,31,0,0,0,0,5,0,0,8,209,4,9,15,2,0,2,0,11,14,18,158,11,0,23,14,0,0,0,4,86,8,93,0,1,57,0,0,2,0,6,0,23,99,2,10,96,11,0,6,2,33,11,0,176,20,0,1,0,9,1,9,73,4,34,69,6,44,0,1,1,0,10,33,2,4,195,3,0,0,0,0,5,8,23,62,58,93
32,106,0,103,8,0,0,0,0,0,41,45,77,49,13,3,13,0,8,0,0,88,24,15,49,53,6,2,12,0,28,63,15,36,30,0,42,32,0,3,0,14,66,16,78,2,4,64,2,3,7,1,28,0,23,84,3,45,39,19,1,16,8,69,46,2,46,50,1,10,0,6,4,21,42,8,38,82,18,30,0,0,11,0,18,106,15,28,24,47,0,0,7,4,4,25,27,77,39,66
209,10,0,30,0,0,0,0,0,0,15,215,6,8,0,0,0,0,5,0,0,8,220,2,5,12,2,0,0,0,10,12,11,180,7,0,22,7,0,0,0,4,102,8,75,0,0,60,0,0,1,0,6,0,16,105,0,7,109,5,0,1,0,19,9,0,198,19,0,3,0,3,2,6,69,0,48,77,6,38,0,0,0,0,3,30,2,2,208,4,0,0,1,0,2,7,19,56,51,113
32,92,0,121,4,0,0,0,0,0,54,27,76,64,9,2,9,0,8,0,0,99,17,15,45,61,2,2,8,0,38,64,13,37,35,0,36,25,0,1,0,6,67,18,101,2,2,49,2,2,5,0,17,0,41,81,2,32,53,18,0,16,13,84,41,2,34,52,0,7,0,6,3,17,45,7,25,100,15,31,0,1,4,0,18,110,12,27,25,52,0,0,4,1,8,10,30,75,52,69
224,9,0,16,0,0,0,0,0,0,18,210,3,17,0,0,0,0,1,0,0,6,226,0,1,16,0,0,0,0,10,9,5,200,6,0,14,5,0,0,0,3,86,6,100,0,0,54,0,0,0,0,6,0,17,106,1,11,104,4,0,1,2,13,3,0,219,11,0,0,0,3,0,6,62,3,41,92,6,36,0,0,0,0,5,24,4,3,213,0,0,0,1,0,0,5,11,67,54,111
20,106,0,121,2,0,0,0,0,0,49,28,95,55,11,0,3,0,8,0,0,89,15,10,56,68,3,0,8,0,39,75,10,26,37,0,42,20,0,0,0,10,74,15,79,1,2,66,0,2,1,0,20,0,31,94,2,32,57,12,0,16,4,101,41,3,21,56,0,7,0,4,3,15,54,3,31,82,11,46,0,0,2,0,13,136,10,18,24,46,0,0,2,1,2,9,29,81,52,73
219,4,0,26,0,0,0,0,0,0,8,227,4,10,0,0,0,0,0,0,0,2,228,0,4,14,0,0,1,0,7,6,4,210,7,0,10,5,0,0,0,0,82,7,102,0,0,58,0,0,0,0,5,0,14,103,0,10,115,2,0,0,2,16,3,0,215,13,0,0,0,2,1,5,61,3,27,111,6,33,0,0,0,0,2,16,0,1,225,5,0,0,0,0,1,4,14,64,40,126
27,99,0,122,1,0,0,0,0,0,54,18,95,62,10,2,4,0,4,0,0,83,15,6,55,86,1,1,2,0,42,68,12,24,29,0,52,22,0,0,1,0,97,8,85,0,0,58,0,0,2,0,15,0,35,102,1,27,56,11,0,7,3,101,46,2,23,63,0,4,0,3,0,9,62,3,34,82,9,47,0,0,2,0,19,129,5,27,13,54,0,0,1,1,1,8,32,86,46,74
230,1,0,18,0,0,0,0,0,0,9,222,5,13,0,0,0,0,0,0,0,1,244,0,2,2,0,0,0,0,2,7,1,226,4,0,7,2,0,0,0,2,82,5,97,0,0,63,0,0,0,0,3,0,11,118,0,6,110,1,0,0,0,7,1,0,229,12,0,0,0,0,0,2,68,1,36,113,3,26,0,0,0,0,2,18,1,1,227,0,0,0,0,0,0,0,8,58,52,131
18,86,0,144,1,0,0,0,0,0,59,21,102,56,4,0,2,0,5,0,0,93,2,7,51,84,1,1,10,0,31,91,10,14,32,0,55,16,0,0,0,3,87,17,91,0,0,51,0,0,4,0,8,0,30,96,1,23,72,15,0,6,3,102,47,0,15,69,0,7,0,2,0,9,62,1,46,68,13,48,0,0,1,0,17,135,7,26,15,48,0,0,0,0,2,11,25,91,51,69
241,2,0,6,0,0,0,0,0,0,8,225,1,15,0,0,0,0,0,0,0,0,242,0,2,4,0,0,1,0,0,6,2,226,4,0,9,2,0,0,0,0,94,3,98,0,0,54,0,0,0,0,1,0,6,113,0,8,120,1,0,1,0,10,2,0,227,9,0,0,0,0,0,5,78,0,24,113,4,25,0,0,0,0,0,15,0,0,233,1,0,0,0,0,0,1,6,71,55,116
7,93,0,149,0,0,0,0,0,0,48,21,94,73,6,1,6,0,0,0,0,105,4,4,49,79,1,0,7,0,32,81,6,14,40,0,57,19,0,0,0,5,89,11,80,0,0,63,0,1,0,0,3,0,17,105,0,31,82,11,0,1,4,95,46,0,18,76,0,9,0,4,0,8,64,1,34,79,8,51,0,0,1,0,4,168,2,17,13,44,0,0,0,0,0,3,17,83,57,89
17,4,1,5,0,1,1,0,0,1,5,10,3,3,2,5,1,1,0,0,1,4,13,1,2,5,0,2,1,1,7,2,3,11,1,0,2,0,2,2,1,5,9,3,3,3,1,3,1,1,0,1,3,0,2,15,1,5,2,1,3,4,4,7,2,0,6,2,0,2,0,1,2,5,6,3,2,7,3,1,0,0,5,1,6,7,1,2,5,3,0,1,3,2,4,7,2,1,7,3
7,9,2,5,2,0,4,1,0,0,5,10,6,2,0,2,2,0,2,1,0,7,4,2,8,5,1,3,0,0,3,7,3,6,3,1,5,1,0,1,2,2,5,0,8,1,6,2,2,2,0,3,3,0,2,8,0,7,1,6,3,3,2,3,4,2,6,3,0,4,0,3,2,1,9,1,3,4,2,5,2,3,2,1,3,7,1,3,8,0,1,0,3,1,6,4,0,6,6,3
154,29,3,27,0,1,3,0,0,0,28,105,34,12,7,25,1,4,1,0,14,24,115,8,20,23,1,11,0,1,35,12,43,76,11,0,19,2,4,15,9,36,73,4,28,12,11,32,1,11,0,11,8,0,9,160,0,21,6,2,12,28,11,45,8,1,75,23,0,14,0,1,15,13,47,12,10,82,19,18,0,1,22,12,31,60,3,13,54,21,0,0,14,7,34,63,4,14,42,39
31,76,11,65,7,2,14,3,0,8,25,52,68,27,10,23,6,4,1,1,0,45,41,15,52,43,5,11,5,0,42,27,9,62,16,1,27,10,14,9,16,29,36,8,24,38,27,23,10,6,0,18,34,0,20,31,2,63,22,27,10,25,16,37,32,2,47,20,2,26,0,4,13,18,68,15,12,42,15,30,2,7,33,4,35,43,10,25,42,16,5,2,21,12,31,35,9,33,43,26
188,20,1,28,0,0,0,0,0,1,15,133,38,12,4,31,3,2,0,0,18,24,133,6,23,24,3,7,0,0,29,16,35,123,6,1,11,4,4,9,4,48,97,1,22,20,11,24,4,7,0,2,3,0,7,196,0,25,2,3,3,28,7,48,4,0,113,26,0,9,0,1,12,10,58,7,2,113,14,21,0,0,18,13,41,72,0,14,73,7,0,1,9,2,37,70,6,12,57,44
39,104,5,72,9,1,8,0,0,0,41,52,70,24,8,31,3,4,4,1,10,49,50,9,50,55,6,7,2,0,42,24,25,49,19,0,41,3,15,20,11,27,43,8,34,42,25,33,7,8,0,15,41,0,11,30,0,90,26,25,14,23,11,45,45,2,39,25,1,33,0,2,24,12,75,16,6,57,18,28,0,3,23,7,29,60,3,29,66,18,2,1,26,8,26,40,11,42,51,31
204,26,0,17,0,0,2,0,0,0,11,155,40,5,2,36,0,0,0,0,7,19,164,4,24,26,0,5,0,0,32,20,28,137,8,0,10,0,5,9,1,62,96,3,22,19,12,28,1,5,0,1,2,0,3,222,0,17,2,2,2,19,1,53,9,0,131,24,0,10,0,0,5,4,55,6,1,150,14,14,0,0,16,4,42,87,2,10,79,9,0,0,6,3,33,65,1,15,59,67
35,106,1,91,8,0,6,0,1,1,59,53,84,19,6,22,1,5,0,0,21,53,37,6,68,47,2,12,1,2,50,16,39,58,26,0,43,1,7,9,16,15,60,6,39,49,32,24,2,6,0,15,36,0,14,16,1,100,44,23,12,18,8,47,42,2,56,34,1,29,0,0,19,7,89,13,6,55,14,46,0,0,22,11,24,69,5,26,81,11,1,0,17,6,32,48,9,25,61,50
222,9,1,17,0,0,0,0,0,0,12,165,35,7,3,27,0,0,0,0,0,19,191,0,18,19,0,2,0,0,32,17,31,150,8,0,7,0,0,4,0,46,109,1,27,21,8,34,0,3,0,0,4,0,1,235,0,8,1,0,2,11,3,44,7,0,139,29,0,14,0,0,2,1,69,5,1,147,15,9,0,0,31,4,30,77,2,9,91,5,0,0,1,2,26,81,3,16,63,57
25,110,3,104,4,0,3,0,0,0,45,54,89,21,4,33,2,1,0,0,5,55,31,7,76,63,0,12,0,0,43,34,43,57,23,0,42,0,3,4,11,26,49,1,55,44,20,33,1,9,0,11,36,0,12,10,0,102,36,42,11,18,6,55,26,0,53,34,0,46,0,1,16,10,86,7,5,54,25,45,0,0,28,7,31,74,3,19,74,13,0,0,14,3,34,40,6,32,65,55
229,9,0,11,0,0,0,0,0,0,9,172,42,4,3,19,0,0,0,0,0,16,194,0,16,20,0,3,0,0,30,12,23,168,4,0,9,0,0,3,0,38,132,2,20,9,9,38,0,1,0,0,0,0,0,240,0,8,0,1,0,11,1,39,9,0,156,30,0,3,0,0,2,2,63,3,0,157,11,11,0,0,16,1,26,94,1,6,101,4,0,0,2,2,22,88,3,9,70,53
19,123,4,99,2,0,2,0,0,0,41,53,95,21,3,35,1,0,0,0,2,38,38,9,89,63,0,10,0,0,41,28,55,42,31,0,37,1,4,10,3,44,54,2,38,44,26,36,1,1,0,9,32,0,7,9,0,128,42,22,4,25,5,58,39,0,45,30,0,43,0,0,10,4,98,11,2,53,16,55,0,0,29,5,32,81,1,25,68,8,0,0,6,2,31,49,6,29,63,63
234,7,0,8,0,0,0,0,0,0,7,185,33,4,0,20,0,0,0,0,0,14,210,0,12,13,0,0,0,0,24,10,24,176,5,0,5,1,1,3,0,35,131,0,20,18,10,35,0,0,0,0,0,0,0,243,0,4,2,0,0,10,2,29,2,0,184,18,0,4,0,0,2,0,67,1,1,158,9,11,0,0,13,0,22,86,0,4,118,6,0,0,0,0,24,89,0,16,68,52
14,129,2,100,1,0,3,0,0,0,37,44,107,15,6,40,0,0,0,0,0,55,25,3,92,68,0,6,0,0,54,38,51,46,16,0,33,0,2,9,1,31,61,2,41,57,20,33,1,2,0,3,31,0,11,5,0,136,36,27,1,22,3,68,30,0,35,56,0,34,0,0,6,2,113,3,2,61,14,48,0,0,25,1,36,89,1,13,71,13,0,0,3,2,29,48,2,31,64,70
243,3,0,3,0,0,0,0,0,0,3,189,38,3,0,16,0,0,0,0,0,11,215,0,8,15,0,0,0,0,22,6,16,196,4,0,2,0,1,2,0,28,144,0,29,5,7,36,0,0,0,0,0,0,0,246,0,3,0,0,0,5,1,30,2,0,190,11,0,10,0,0,0,0,60,0,0,172,7,10,0,0,13,0,18,92,0,6,117,3,0,0,0,0,27,97,0,9,62,54
5,129,2,109,3,0,1,0,0,0,27,50,123,17,1,31,0,0,0,0,0,39,23,3,106,72,1,5,0,0,58,25,52,37,20,0,45,1,0,11,1,36,45,0,47,61,22,35,0,2,0,4,33,0,7,3,0,148,28,26,1,17,10,81,28,0,31,55,0,26,0,0,5,1,116,7,0,53,14,53,0,0,19,0,30,96,1,19,74,10,0,0,4,0,21,54,1,28,72,69
238,3,0,8,0,0,0,0,0,0,4,211,22,1,0,11,0,0,0,0,0,6,232,0,6,5,0,0,0,0,15,5,12,213,0,0,4,0,0,0,0,28,148,0,11,14,4,44,0,0,0,0,0,0,0,246,0,3,0,0,0,5,0,20,3,0,204,11,0,6,0,0,0,0,64,0,0,167,9,9,0,0,7,0,19,90,0,3,124,6,0,0,0,0,18,88,0,15,61,67
9,135,0,104,0,0,1,0,0,0,34,31,129,21,1,33,0,0,0,0,0,53,14,0,112,66,0,4,0,0,67,33,66,24,18,0,36,0,3,2,1,37,50,1,43,67,13,36,0,1,0,0,29,0,7,3,0,157,35,18,1,23,4,87,25,0,30,54,0,25,0,0,3,0,114,2,0,60,9,61,0,0,18,0,23,101,0,10,83,14,0,0,6,0,18,48,0,35,91,51
249,0,0,0,0,0,0,0,0,0,1,219,18,0,0,11,0,0,0,0,0,7,226,0,6,10,0,0,0,0,17,0,7,222,1,0,2,0,0,0,0,24,151,0,18,15,4,37,0,0,0,0,0,0,0,245,0,4,0,0,0,6,0,20,3,0,207,10,0,3,0,0,0,0,50,0,0,189,4,6,0,0,7,0,11,78,0,1,149,3,0,0,0,0,24,86,0,7,63,69
0,120,0,129,0,0,0,0,0,0,31,26,133,20,2,37,0,0,0,0,0,57,20,0,112,58,0,2,0,0,72,30,66,21,14,0,43,0,1,2,0,40,50,0,43,62,11,42,0,1,0,1,20,0,1,4,0,166,37,20,0,23,6,69,41,0,27,49,0,34,0,0,2,1,151,0,0,46,11,38,0,0,15,0,37,109,0,15,66,7,0,0,1,0,30,63,0,33,62,60
13,7,1,6,0,0,0,0,1,2,6,5,3,4,0,4,1,3,2,2,1,1,9,3,3,6,0,6,1,0,3,5,2,11,2,0,2,2,3,0,1,3,8,4,8,1,1,0,1,3,1,4,1,0,4,10,0,3,6,1,0,6,1,7,4,1,5,4,0,2,1,1,3,5,3,5,0,5,2,5,2,0,4,1,1,8,2,1,9,2,0,1,0,1,3,8,4,7,3,3
11,8,2,4,0,0,4,1,0,0,6,8,6,1,1,2,2,1,2,1,1,6,4,2,5,2,3,1,2,4,7,6,5,5,2,0,1,2,1,1,1,3,5,3,7,1,4,4,2,0,0,4,7,1,2,5,0,3,4,4,4,1,8,3,2,2,4,4,0,2,0,1,5,0,2,5,4,7,0,6,1,1,3,2,2,11,1,4,2,3,3,2,4,5,6,1,1,4,2,2
113,52,1,36,0,0,0,0,1,14,31,59,47,15,3,27,11,16,6,2,8,17,82,14,32,33,1,28,2,0,31,32,18,103,9,0,12,4,8,0,9,21,60,28,63,7,4,12,5,8,2,11,11,0,19,101,0,4,57,12,0,29,8,38,26,15,54,29,0,18,1,5,9,15,30,33,8,47,8,61,8,1,9,1,9,65,12,13,85,14,0,2,1,3,20,61,18,61,24,27
55,78,7,55,0,0,11,1,9,1,38,37,27,21,5,26,21,21,20,1,7,24,40,30,43,34,6,16,4,13,27,43,25,43,29,0,16,18,16,0,7,21,27,17,65,15,17,27,12,9,5,41,19,2,24,43,0,35,26,22,4,29,29,38,24,9,37,29,1,17,6,12,21,24,11,31,10,54,8,40,18,3,13,7,12,74,13,23,35,19,10,5,10,12,33,29,18,49,25,26
132,58,1,34,0,0,0,0,2,11,35,73,56,19,2,34,5,8,6,0,1,13,122,9,34,25,2,28,1,3,38,31,18,125,12,0,7,3,4,0,1,28,52,35,95,4,6,10,4,3,0,9,7,0,14,134,0,2,67,5,0,35,7,48,28,16,63,28,0,13,0,1,6,18,30,33,5,56,4,85,5,0,6,2,5,88,6,9,106,11,0,0,0,5,32,59,9,77,18,38
60,89,6,58,0,0,10,0,1,14,47,54,24,13,3,28,32,17,19,1,10,20,42,18,55,52,7,21,5,8,30,66,27,57,17,0,26,8,7,0,10,24,37,21,58,6,20,38,11,13,1,26,26,1,26,54,0,39,37,28,2,30,26,34,35,10,53,29,0,19,3,13,17,16,14,43,11,72,6,43,6,0,10,5,11,95,13,18,58,22,0,4,10,7,28,51,22,51,30,35
146,63,0,37,0,0,0,0,0,3,42,88,72,7,0,22,3,4,10,1,1,9,135,6,34,33,3,26,0,2,20,20,25,162,9,0,7,4,2,0,0,23,57,34,117,3,4,3,4,4,0,6,7,0,14,146,0,5,64,7,0,25,6,46,36,11,84,24,0,17,0,1,6,12,31,36,2,69,3,89,0,0,2,0,7,95,3,7,130,5,0,0,0,1,17,83,12,85,17,34
58,103,0,59,0,0,3,0,1,25,44,62,38,17,0,37,20,14,16,1,3,23,38,33,62,43,5,33,3,6,40,62,25,37,29,0,37,5,14,0,7,26,31,29,66,18,17,39,7,9,0,24,17,0,35,65,0,31,56,21,0,39,16,45,37,15,55,26,0,16,0,4,12,20,14,44,9,80,7,59,5,1,10,4,7,100,14,21,62,25,1,2,3,9,38,32,18,84,19,43
161,58,0,26,0,0,0,0,0,4,30,99,65,8,0,32,3,11,1,0,0,9,164,3,17,27,0,27,1,1,16,27,14,179,0,0,3,3,7,0,0,9,61,26,125,2,1,16,2,7,0,5,2,0,7,169,0,2,63,1,0,30,3,56,17,17,96,22,0,8,0,0,3,9,19,30,2,83,0,103,0,0,3,0,3,108,2,11,118,4,0,0,0,2,24,63,12,98,18,32
50,107,0,82,0,0,4,0,0,6,42,51,48,18,2,36,17,21,13,1,0,27,28,24,78,59,2,25,2,4,43,89,23,35,21,0,24,5,9,0,1,30,41,25,68,11,12,46,7,8,0,23,16,0,28,57,0,32,71,22,0,29,27,51,28,17,48,36,0,13,0,2,5,12,36,45,3,74,5,67,4,0,4,0,6,113,9,22,80,11,1,0,3,5,32,59,18,56,30,45
172,53,0,23,0,0,0,0,0,1,35,105,55,5,0,30,5,10,4,0,0,3,169,3,26,24,0,24,0,0,16,14,9,203,4,0,1,1,1,0,0,9,56,31,138,1,1,11,0,2,0,3,3,0,7,166,0,2,63,5,0,34,5,49,22,10,98,27,0,4,0,0,1,5,11,34,2,72,0,124,0,0,0,1,1,113,3,2,125,4,0,0,0,0,13,87,6,92,16,35
56,108,0,81,0,0,0,0,0,4,46,56,46,11,1,34,14,21,19,1,2,24,33,18,71,61,0,30,0,10,47,77,21,31,23,0,35,6,9,0,2,21,52,26,62,8,8,55,5,10,0,19,17,0,27,59,0,44,67,16,0,27,18,53,33,16,56,35,0,11,0,1,10,11,24,33,2,102,3,63,0,0,4,1,6,112,7,24,82,13,0,0,1,1,41,38,15,79,25,49
180,44,0,24,0,0,0,0,0,1,24,118,65,3,0,25,3,9,2,0,0,2,181,4,20,22,0,20,0,0,8,12,3,224,2,0,0,0,0,0,0,6,59,20,143,2,2,13,0,4,0,2,1,0,1,192,0,0,53,0,0,20,2,51,19,8,118,26,0,5,0,0,1,2,14,28,0,79,1,124,0,0,1,0,1,112,1,1,129,4,0,0,0,0,15,68,6,111,11,38
48,122,0,75,0,0,0,0,0,4,56,51,49,16,0,32,20,14,11,0,0,23,30,18,84,65,0,26,0,3,41,115,17,16,19,0,29,1,11,0,1,15,49,47,68,6,2,50,5,6,0,10,16,0,32,42,0,26,98,25,0,29,17,57,33,6,42,50,0,15,0,0,8,4,24,42,4,95,5,67,0,0,0,0,0,125,7,21,91,5,0,0,1,3,31,48,15,73,27,51
180,52,0,17,0,0,0,0,0,0,37,102,69,5,0,25,4,4,3,0,0,2,179,0,17,29,0,22,0,0,3,15,6,223,1,0,0,1,0,0,0,8,57,15,161,0,0,7,0,1,0,1,1,0,3,187,0,0,56,1,0,27,4,48,18,5,123,22,0,2,0,0,0,2,16,22,1,79,0,129,0,0,0,0,0,119,0,0,129,1,0,0,0,0,9,77,7,114,9,33
49,124,0,73,0,0,1,0,0,2,31,77,57,5,2,32,14,22,9,0,0,20,38,16,65,68,1,39,0,2,50,113,11,21,16,0,27,4,7,0,0,12,57,38,59,6,5,64,5,3,0,19,20,0,20,52,0,22,98,18,0,35,13,64,24,7,47,47,0,12,0,0,0,6,20,38,3,106,1,75,1,0,1,0,1,118,2,24,92,10,0,0,0,0,26,45,14,75,34,55
188,50,0,11,0,0,0,0,0,0,21,131,61,4,0,19,3,6,4,0,0,3,192,1,13,30,0,10,0,0,6,17,1,221,2,0,1,0,1,0,0,4,64,15,154,1,1,9,0,1,0,0,0,0,1,201,0,0,47,0,0,26,2,52,13,2,124,27,0,3,0,0,0,1,9,17,0,91,1,130,0,0,0,0,0,115,0,1,133,0,0,0,0,0,13,71,5,127,7,26
47,135,0,65,0,0,0,0,0,2,52,62,70,11,0,30,11,9,4,0,0,6,32,14,81,69,0,47,0,0,39,121,23,20,13,0,24,5,4,0,0,21,70,40,61,4,5,41,3,4,0,11,10,0,23,42,0,26,127,10,0,31,11,60,38,9,50,42,0,8,0,0,2,5,17,45,2,98,2,78,0,0,0,0,0,130,3,14,98,4,0,0,0,0,22,60,20,79,20,48
199,38,0,12,0,0,0,0,0,0,20,141,55,3,0,24,1,4,1,0,0,1,189,0,17,23,0,19,0,0,5,6,2,233,1,0,1,0,1,0,0,5,52,19,166,0,3,4,0,0,0,0,0,0,1,211,0,0,37,0,0,23,0,55,18,1,126,24,0,2,0,0,0,0,7,20,0,82,0,140,0,0,0,0,0,111,0,0,137,1,0,0,0,0,6,58,5,139,11,30
33,147,0,69,0,0,0,0,0,0,56,64,66,10,0,32,11,8,2,0,0,18,31,9,93,60,0,37,0,1,44,146,10,11,18,0,14,2,4,0,0,13,70,43,51,1,4,60,5,2,0,14,11,0,21,36,0,17,139,11,0,39,11,66,27,8,44,43,0,11,0,0,1,4,18,45,0,113,2,66,0,0,0,0,1,134,0,9,102,3,0,0,1,0,25,55,15,69,28,56
20,4,1,2,1,0,2,0,0,0,2,10,6,4,1,3,3,0,1,0,1,5,7,4,3,5,3,2,0,0,7,5,3,7,1,0,3,2,1,1,2,2,5,6,5,4,1,3,2,0,0,2,6,2,3,11,0,2,4,0,6,3,2,7,2,0,6,2,1,1,0,0,5,2,12,1,1,8,0,1,0,1,3,0,3,5,3,4,10,1,1,1,1,0,2,7,0,7,5,6
6,7,4,10,1,0,1,0,0,1,2,6,4,3,2,4,5,2,1,1,2,5,5,2,4,3,2,1,3,3,3,8,3,6,4,3,1,0,1,1,1,4,5,1,7,1,3,6,1,1,2,2,5,2,4,2,2,2,4,5,3,4,2,6,6,1,5,2,0,1,2,0,2,2,6,4,6,4,0,4,3,2,2,1,1,6,1,2,5,7,2,0,3,3,2,3,4,4,2,7
175,17,0,19,1,0,5,0,0,0,8,71,63,22,1,21,20,2,9,0,0,25,54,38,27,31,29,12,0,1,45,41,11,77,6,1,21,7,1,7,10,6,32,38,49,32,5,41,4,0,0,3,43,13,19,100,1,13,19,6,35,10,8,56,19,0,58,23,5,3,0,0,30,10,76,18,16,60,0,7,1,1,13,0,13,33,27,23,91,15,4,4,7,0,4,31,2,53,40,72
27,54,15,89,13,3,15,1,0,0,22,54,37,27,9,32,17,7,8,4,12,32,43,27,36,27,20,8,5,7,39,41,21,46,15,3,30,15,1,6,18,9,37,23,41,30,15,23,15,6,1,18,34,18,24,38,4,37,30,13,20,22,16,66,23,2,43,15,6,4,1,1,33,15,62,20,20,46,0,19,6,8,24,1,14,53,15,28,33,35,8,6,16,2,13,48,6,50,25,43
205,13,0,15,0,0,4,1,0,0,2,99,80,17,2,10,24,0,4,0,0,23,57,39,34,32,39,12,0,2,52,44,12,92,4,0,29,0,1,4,5,2,38,35,62,39,3,52,2,0,0,5,50,11,17,124,1,12,16,2,31,7,3,71,22,0,74,26,2,2,0,0,21,5,100,14,11,83,0,4,0,0,14,0,10,39,22,28,111,14,4,0,2,0,3,43,1,65,34,86
25,69,7,109,5,1,22,0,0,0,27,54,45,41,5,33,26,2,4,1,4,29,56,29,45,22,31,18,1,3,54,51,14,59,14,3,27,10,1,5,11,11,32,31,45,37,17,36,13,5,2,17,39,10,25,54,4,38,27,22,23,12,15,73,28,0,62,15,7,3,0,0,35,10,69,16,22,59,0,27,1,1,19,2,19,52,25,37,46,36,5,3,13,2,8,34,9,59,51,54
233,7,0,8,0,0,1,0,0,0,0,110,73,17,1,23,21,0,4,0,0,21,73,42,29,32,40,12,0,0,53,38,9,116,3,0,24,1,0,5,6,2,38,35,60,46,2,58,2,0,0,0,45,4,13,157,0,14,13,3,28,4,7,74,15,0,80,41,0,0,0,0,21,1,94,15,11,104,0,3,0,0,7,0,2,40,21,23,137,19,1,0,2,0,1,35,2,61,32,115
13,86,4,131,0,1,14,0,0,0,14,59,58,43,2,32,32,3,5,1,0,36,48,39,41,28,35,19,0,3,48,50,21,63,10,2,37,9,0,9,10,6,44,38,53,38,14,35,9,2,0,10,59,9,33,37,0,50,30,21,25,12,14,90,32,0,53,18,4,1,0,0,34,7,88,26,19,52,0,23,0,1,15,0,11,82,24,37,40,39,4,2,9,1,6,37,15,78,36,61
239,2,0,8,0,0,0,0,0,0,0,113,82,26,1,14,10,0,3,0,0,14,81,44,34,40,33,3,0,0,52,42,4,121,3,0,24,1,0,2,5,1,32,33,70,44,4,59,1,0,0,0,43,4,18,162,1,8,12,1,26,3,2,82,21,0,98,17,0,0,0,0,14,1,112,15,10,93,0,4,0,0,5,0,3,21,18,19,166,17,0,0,0,0,2,27,2,71,42,105
9,63,2,158,1,0,16,0,0,0,9,65,67,42,2,36,21,1,6,0,0,34,58,20,43,31,47,7,2,7,43,70,13,65,7,0,40,6,0,5,6,1,40,30,78,40,9,37,8,0,0,8,53,9,26,48,1,57,35,12,39,12,8,67,30,0,57,32,2,2,0,0,33,5,80,22,16,75,0,18,0,1,14,0,14,86,25,45,35,29,0,0,7,0,2,41,7,67,47,78
243,1,0,5,0,0,0,0,0,0,0,125,72,28,0,13,11,0,0,0,0,19,77,36,36,32,41,8,0,0,47,33,7,137,2,0,23,0,0,0,0,0,27,38,74,47,4,57,2,0,0,0,33,2,10,186,0,5,13,0,18,0,2,96,21,0,93,19,0,0,0,0,12,0,118,12,5,100,0,2,0,0,0,0,3,35,17,18,167,9,0,0,0,0,0,17,1,57,45,129
6,76,1,158,0,0,8,0,0,0,9,63,72,44,0,26,31,0,4,0,0,28,59,19,45,33,53,9,0,3,62,67,3,62,4,0,46,4,0,1,2,2,37,31,63,59,12,40,2,1,0,4,55,5,28,32,0,59,49,17,22,7,6,76,33,0,76,26,2,1,0,0,32,9,89,20,10,80,0,9,0,0,18,0,6,85,25,43,40,32,1,0,3,0,2,43,4,84,31,81
248,1,0,0,0,0,0,0,0,0,0,132,73,18,0,13,13,0,0,0,0,13,84,32,22,34,55,9,0,0,43,31,4,148,3,0,20,0,0,0,2,0,24,32,81,56,1,53,0,0,0,0,28,2,13,191,0,4,11,0,11,1,0,92,11,0,111,23,0,0,0,0,10,0,123,3,2,110,0,1,0,0,1,0,3,19,16,12,188,10,0,0,1,0,1,17,0,62,29,139
1,71,1,166,0,0,10,0,0,0,2,57,86,49,3,29,22,0,1,0,0,34,69,26,43,26,45,6,0,0,76,60,5,49,4,0,49,4,0,2,5,0,28,43,57,47,9,55,5,0,0,2,67,5,24,37,1,52,49,12,19,3,2,92,35,0,71,27,0,0,0,0,30,0,93,15,13,81,0,17,0,0,8,0,15,98,18,32,33,45,1,0,2,0,3,31,3,96,47,66
249,0,0,0,0,0,0,0,0,0,0,143,71,13,0,13,8,0,1,0,0,14,96,31,27,31,45,5,0,0,39,25,1,171,0,0,13,0,0,0,1,0,16,22,92,46,0,72,0,0,0,0,29,0,6,204,0,4,6,0,10,1,0,77,16,0,136,9,0,0,0,0,10,0,118,4,4,112,0,1,0,0,1,0,4,26,14,10,191,3,0,0,0,0,1,18,0,60,40,130
0,60,0,183,0,0,6,0,0,0,3,62,85,50,0,22,23,0,4,0,0,14,61,19,61,34,51,9,0,0,73,77,6,49,5,1,38,0,0,0,3,1,42,35,57,54,4,46,7,0,0,2,73,12,22,24,0,53,50,13,20,2,1,112,23,0,58,32,1,0,0,0,30,2,95,13,19,78,0,12,0,0,7,0,9,112,18,44,31,28,0,0,2,0,2,30,0,95,41,79
249,0,0,0,0,0,0,0,0,0,0,148,75,10,0,10,6,0,0,0,0,13,111,22,28,25,49,1,0,0,41,19,0,174,0,0,15,0,0,0,1,0,18,27,70,47,1,85,0,0,0,0,24,0,8,208,0,2,7,0,6,1,1,86,13,0,124,18,0,0,0,0,5,0,128,1,2,113,0,0,0,0,0,0,0,23,9,11,196,10,0,0,0,0,0,5,0,74,37,133
0,56,0,190,0,0,3,0,0,0,1,72,98,42,1,14,21,0,0,0,0,23,54,34,44,29,63,2,0,0,71,70,1,44,2,0,58,2,0,1,3,0,35,41,76,60,3,31,0,0,0,1,93,1,15,31,0,42,55,11,14,3,2,113,35,0,67,15,0,0,0,0,27,0,104,10,13,88,0,7,0,0,8,0,2,102,32,38,28,39,0,0,0,0,1,35,1,77,53,82
249,0,0,0,0,0,0,0,0,0,0,149,74,11,0,10,5,0,0,0,0,7,122,21,28,35,36,0,0,0,51,17,1,167,0,0,12,1,0,0,0,0,22,19,86,52,0,69,1,0,0,0,19,0,2,228,0,0,0,0,6,0,0,96,9,0,124,14,0,0,0,0,2,0,142,0,0,105,0,0,0,0,0,0,1,19,10,7,208,4,0,0,0,0,0,7,0,46,25,171
0,66,0,180,0,0,3,0,0,0,0,68,97,38,0,27,19,0,0,0,0,27,63,23,56,32,45,3,0,0,56,83,4,50,0,0,56,0,0,0,1,0,25,48,67,57,3,47,1,0,0,0,95,1,15,16,0,38,71,13,13,4,1,90,35,0,81,25,0,0,0,0,26,1,93,9,14,103,0,3,0,0,2,0,0,118,21,53,23,32,0,0,0,0,1,27,0,130,37,54
20,1,3,0,1,1,3,0,0,1,4,11,8,1,2,2,1,0,1,0,1,6,10,2,3,4,2,2,0,0,2,1,5,10,4,2,4,0,0,2,1,6,5,3,8,2,0,3,2,0,1,1,3,1,5,7,0,3,6,3,2,3,5,2,4,2,8,2,0,2,0,1,4,3,7,5,2,5,1,2,1,1,2,0,2,8,3,3,9,1,0,2,4,1,3,4,3,2,2,9
1,10,2,12,2,1,0,1,0,1,4,9,5,3,0,2,6,0,1,0,2,5,4,5,5,2,1,3,2,1,3,10,2,4,2,2,4,2,1,0,4,2,4,4,6,1,1,5,1,2,3,2,6,1,3,6,1,2,3,3,3,2,3,6,4,0,2,6,2,2,0,3,3,0,5,4,4,7,1,3,2,3,2,1,1,5,2,3,4,7,1,2,3,4,3,2,3,4,4,4
159,12,10,15,9,1,9,0,0,2,34,80,50,5,4,16,11,0,17,0,0,40,89,1,37,18,12,16,3,1,28,17,39,86,14,4,20,0,0,9,6,29,33,21,65,19,0,31,10,3,4,8,20,4,32,73,0,22,47,7,12,15,9,30,23,13,66,26,0,23,0,1,36,11,42,30,20,54,1,22,11,5,13,1,10,51,17,18,75,16,0,19,21,1,20,30,17,14,19,76
28,49,23,67,12,14,13,1,1,9,32,63,52,12,15,19,21,3,0,0,8,45,38,25,30,30,19,15,2,5,15,45,27,50,25,6,30,6,1,12,11,22,28,22,57,14,6,36,13,8,4,14,35,4,33,49,6,29,34,9,13,16,22,25,24,13,38,40,2,24,0,7,30,15,43,40,13,31,12,26,8,19,15,4,18,47,13,25,39,29,4,14,20,12,20,28,19,35,31,34
207,6,3,10,4,2,6,0,0,0,38,116,43,2,1,17,4,0,17,0,0,38,122,4,36,16,13,7,0,2,27,23,34,109,14,2,25,1,0,3,2,36,23,30,88,22,0,27,9,1,0,3,28,1,26,96,0,15,63,6,6,8,8,29,32,11,88,29,0,27,0,1,40,3,37,35,25,68,3,26,8,5,9,1,11,58,8,16,109,13,0,14,18,1,12,27,19,26,30,91
17,64,27,88,16,5,17,0,1,3,32,65,64,8,16,22,23,1,7,0,1,59,37,21,51,30,12,20,4,3,29,46,38,54,14,8,34,3,0,12,7,24,43,31,63,20,2,35,8,5,0,14,31,2,43,58,2,33,38,17,9,21,21,36,34,12,47,33,1,24,0,2,32,14,54,40,15,49,5,27,15,11,16,6,17,66,7,25,38,37,1,10,21,6,24,30,25,34,39,48
222,6,4,8,2,4,2,0,0,1,27,141,47,0,0,10,11,0,13,0,0,36,136,5,39,18,9,6,0,0,32,16,24,131,10,0,30,0,0,6,0,30,21,24,101,31,1,36,5,0,0,0,11,0,26,130,0,18,60,4,2,3,8,29,27,5,114,34,0,27,0,0,37,3,39,39,25,75,1,30,3,1,2,0,5,77,2,14,124,21,0,6,11,1,24,32,23,23,21,108
12,63,18,108,16,9,17,1,0,5,34,70,70,9,5,24,25,0,12,0,0,57,36,14,67,32,22,16,3,2,27,59,39,54,18,1,45,2,0,4,7,28,37,32,53,23,2,49,11,7,1,12,45,1,36,55,0,39,50,10,10,15,15,41,27,11,41,58,0,31,0,1,39,13,46,42,24,45,5,34,10,5,17,3,14,74,7,26,60,33,1,4,14,6,24,42,24,42,41,51
230,3,3,6,3,1,3,0,0,0,21,155,53,0,1,6,6,0,7,0,0,27,155,0,35,11,12,8,0,1,16,20,25,139,10,0,34,0,0,5,0,21,17,17,133,20,0,34,7,0,0,0,15,0,19,122,0,17,72,4,2,2,2,37,25,8,109,32,0,32,0,0,27,2,37,41,20,89,3,30,0,0,7,0,4,69,3,19,134,13,0,2,11,1,13,27,22,21,23,129
11,66,18,119,10,6,16,0,0,3,43,43,88,3,7,15,25,1,24,0,1,83,38,11,58,21,22,13,1,1,26,48,45,61,24,0,41,0,0,4,1,29,34,29,52,26,1,58,13,6,0,6,31,0,46,63,0,38,59,6,18,7,9,41,29,11,45,50,0,39,0,1,36,5,52,42,24,50,2,37,5,4,7,2,16,83,11,22,62,37,0,9,18,4,26,42,14,49,37,50
239,0,1,7,1,0,1,0,0,0,23,158,50,0,0,12,3,0,3,0,0,34,155,1,34,9,9,7,0,0,11,20,24,165,6,2,20,0,0,1,0,25,10,11,150,18,0,32,2,1,0,0,11,0,15,136,0,14,70,3,4,1,4,36,29,5,112,36,0,22,0,0,23,1,41,33,15,97,0,39,0,0,4,1,8,77,3,13,132,11,0,1,6,1,15,35,16,16,22,137
8,63,26,128,9,4,9,0,0,2,38,55,90,4,7,16,17,0,22,0,0,65,43,14,70,21,21,15,0,0,30,47,50,43,21,0,53,2,0,3,2,18,45,31,46,37,2,48,13,7,0,0,39,0,33,70,0,35,62,10,13,9,6,44,28,10,49,55,0,35,0,0,47,6,50,43,21,37,5,40,3,1,12,1,10,81,7,22,66,46,0,3,16,3,21,36,27,49,38,56
243,0,3,2,0,0,1,0,0,0,17,176,46,0,0,7,1,0,2,0,0,26,170,1,31,11,6,4,0,0,16,17,18,166,6,0,24,0,0,2,0,12,18,13,159,15,0,30,2,0,0,0,9,0,15,132,0,11,79,3,1,2,3,35,19,2,132,33,0,22,0,0,23,0,43,38,12,98,1,34,0,0,2,0,4,77,1,6,150,9,0,4,4,0,5,23,9,16,16,172
3,47,16,162,9,1,11,0,0,0,47,49,103,1,6,22,14,0,7,0,0,76,37,8,71,24,22,11,0,0,36,47,49,50,9,0,55,0,0,3,0,27,40,22,50,33,1,68,5,3,0,2,35,0,39,69,0,36,59,9,3,7,8,49,28,7,38,69,0,40,0,0,32,5,52,66,16,45,0,33,0,1,12,0,9,92,5,29,57,44,0,4,18,3,27,44,13,59,46,35
240,2,1,5,0,0,1,0,0,0,16,187,43,0,1,1,1,0,0,0,0,24,175,1,36,4,5,4,0,0,7,12,26,182,4,1,16,0,0,1,0,11,10,17,166,14,0,30,1,0,0,0,5,0,13,144,0,7,80,0,1,1,1,32,25,5,133,31,0,20,0,0,21,1,35,27,14,111,0,40,0,0,0,0,3,73,0,6,150,17,0,0,3,0,6,26,11,15,12,176
5,52,18,152,13,0,8,0,0,1,36,50,117,2,4,16,17,0,7,0,0,81,43,11,62,24,18,10,0,0,23,57,52,41,9,0,63,0,0,4,0,19,39,36,45,39,0,65,6,0,0,0,25,0,38,66,0,44,71,5,5,1,4,54,26,7,51,62,0,39,0,0,32,2,66,56,15,47,1,30,2,0,6,0,8,97,5,27,64,40,0,2,11,1,10,47,21,57,60,40
249,0,0,0,0,0,0,0,0,0,13,196,36,0,0,4,0,0,0,0,0,19,194,0,29,2,3,2,0,0,10,3,18,193,2,0,22,0,0,1,0,12,8,9,188,5,0,27,0,0,0,0,4,0,12,137,0,6,90,0,0,0,0,29,12,2,142,40,0,24,0,0,21,0,47,31,9,113,0,28,0,0,0,0,0,65,2,6,164,12,0,0,1,1,12,15,6,17,9,188
0,46,12,173,8,2,8,0,0,0,54,44,116,3,4,9,15,0,4,0,0,76,30,2,89,28,13,10,0,1,28,51,47,38,14,0,68,0,0,3,0,8,43,40,39,36,0,79,3,1,0,0,18,0,36,80,0,29,84,2,1,1,6,47,38,1,46,75,0,34,0,0,43,2,49,54,15,44,1,41,0,0,4,0,8,98,5,22,58,54,0,1,4,1,10,60,23,72,42,36
249,0,0,0,0,0,0,0,0,0,9,196,39,0,0,4,1,0,0,0,0,9,205,0,24,5,2,4,0,0,6,9,17,201,2,0,14,0,0,0,0,10,8,8,192,8,0,22,1,0,0,0,5,0,7,140,0,4,93,0,0,0,0,26,21,0,147,34,0,21,0,0,18,0,48,25,14,116,0,28,0,0,0,0,0,74,0,5,161,9,0,0,2,0,6,17,2,15,9,198
0,44,12,179,7,1,6,0,0,0,48,45,126,0,1,11,15,0,3,0,0,90,26,1,92,22,17,1,0,0,22,56,46,30,12,0,82,0,0,1,0,21,35,32,37,36,0,82,5,1,0,0,18,0,36,83,0,31,80,1,2,0,2,43,30,6,50,70,0,46,0,0,32,2,55,52,15,58,1,34,0,0,2,0,2,129,0,16,61,39,0,0,10,2,12,60,17,60,64,24
17,3,0,4,1,1,1,2,0,1,3,12,2,4,1,5,2,1,0,0,3,8,10,4,0,3,0,1,0,1,3,5,3,7,3,1,4,2,0,2,2,5,6,5,3,1,3,3,2,0,0,2,5,2,2,10,1,2,2,4,1,2,6,7,3,1,5,3,1,1,0,0,3,1,14,2,2,4,1,3,2,1,3,0,3,5,1,4,10,1,1,1,1,0,0,7,3,6,4,7
3,7,3,7,3,1,2,3,1,0,6,6,2,5,3,1,2,2,2,1,0,7,5,6,4,3,2,1,0,2,7,3,3,8,1,0,5,1,0,2,3,1,5,3,4,4,3,4,2,1,2,3,3,0,1,6,1,5,4,5,1,5,1,3,5,2,8,4,0,1,2,2,2,1,4,4,2,8,3,2,2,1,1,3,4,7,1,3,4,4,1,1,5,2,2,3,2,3,3,8
159,14,0,25,2,1,4,5,0,7,27,66,20,34,20,31,11,8,0,0,9,59,102,21,4,8,0,11,0,3,27,28,22,72,14,2,27,5,0,20,11,16,58,29,25,16,23,30,9,0,0,10,34,2,9,94,14,26,13,15,4,8,29,48,21,2,77,24,2,2,0,2,23,5,100,7,6,40,7,27,5,4,13,0,13,27,8,27,112,8,0,13,2,0,1,39,27,28,25,82
21,46,5,81,14,11,11,17,0,11,26,60,26,35,19,22,14,9,2,4,15,47,38,37,14,43,7,5,0,11,25,33,37,45,13,8,32,14,0,10,15,29,35,30,29,13,19,24,16,7,0,18,25,7,16,57,3,34,31,26,12,19,19,45,36,5,48,20,4,9,3,6,20,7,43,36,20,50,19,13,10,10,10,12,20,59,10,36,30,20,3,3,18,0,5,56,12,46,16,58
195,7,0,24,1,0,1,5,0,5,23,99,19,44,18,25,6,4,0,0,3,66,128,22,4,5,0,4,0,6,28,35,24,86,12,0,31,4,0,18,13,11,68,21,31,26,19,42,7,0,0,3,29,0,2,130,5,36,16,17,0,6,31,44,16,0,113,25,0,3,0,0,22,0,114,1,8,49,4,40,1,1,7,0,13,26,5,23,156,6,0,5,1,0,0,47,19,37,20,109
21,39,5,111,13,10,14,5,1,19,22,69,24,51,26,22,12,8,1,3,7,65,53,50,7,35,5,13,0,3,22,34,43,59,7,3,44,12,0,14,19,22,47,30,24,23,27,33,11,2,0,9,36,2,15,51,14,31,47,33,8,16,30,54,38,1,51,33,4,3,1,3,28,3,46,26,22,73,13,23,12,5,16,9,14,79,11,36,36,20,0,17,8,0,1,57,21,40,32,62
220,3,0,19,0,0,0,4,0,3,14,115,23,34,18,30,11,4,0,0,1,56,155,18,3,9,0,6,0,1,30,30,37,103,9,0,23,8,0,9,10,7,88,22,29,24,21,41,7,0,0,1,27,0,1,162,5,28,9,16,0,0,28,54,19,0,121,24,0,3,0,0,18,0,135,4,5,57,1,29,1,0,3,0,8,16,3,21,193,4,0,3,1,0,0,33,11,24,26,151
20,34,1,148,2,2,14,15,2,11,27,55,39,62,30,16,13,6,0,1,5,84,40,43,15,47,4,5,0,6,26,42,28,64,14,2,48,7,0,18,20,22,38,35,26,18,34,39,15,2,0,7,50,2,10,54,12,38,53,23,5,15,29,51,47,1,58,36,2,5,0,2,29,2,53,26,21,71,9,36,1,6,18,7,16,99,12,44,18,28,0,8,6,0,1,67,24,57,27,59
232,2,0,13,0,0,0,1,0,1,14,139,13,32,20,22,6,3,0,0,0,53,178,11,0,5,0,1,0,1,30,24,23,120,3,0,37,2,0,10,5,7,89,29,21,26,19,51,2,0,0,0,22,0,1,177,3,24,10,12,0,2,32,48,14,0,141,12,0,0,0,0,14,0,146,3,3,65,1,17,0,0,2,0,7,22,1,20,190,7,0,0,0,0,0,34,9,15,18,173
12,53,0,146,8,1,17,8,0,4,27,55,40,61,30,20,12,4,0,0,3,99,43,33,6,47,0,15,0,3,29,35,41,63,11,2,53,7,0,8,12,24,56,23,39,20,31,35,9,0,0,5,41,2,9,46,9,47,62,28,0,10,34,80,40,0,47,34,0,4,0,1,21,1,54,25,12,97,8,30,1,1,21,3,11,106,8,46,29,23,0,0,3,0,1,91,8,65,31,50
233,0,0,14,0,0,1,1,0,0,10,139,12,35,20,28,4,1,0,0,0,56,171,15,0,3,0,3,0,1,30,19,17,126,3,0,33,4,0,17,3,7,90,17,33,26,15,55,3,0,0,0,19,0,0,192,2,23,7,6,0,2,24,47,8,0,152,16,0,0,0,0,5,0,154,1,1,63,1,24,0,0,0,0,4,15,0,21,204,5,0,0,0,0,0,37,4,18,15,175
14,54,1,158,3,2,5,5,1,6,24,68,36,69,22,13,12,5,0,0,1,110,52,36,2,36,0,11,0,1,37,36,53,52,5,0,55,2,0,9,9,12,50,22,39,25,37,42,13,0,0,4,48,0,7,38,4,60,56,32,0,6,25,72,35,0,66,43,0,2,0,0,25,1,55,13,13,100,5,37,1,1,13,4,12,121,2,55,21,19,0,1,0,0,0,74,12,78,32,52
238,0,0,9,0,0,1,1,0,0,14,148,11,34,21,20,1,0,0,0,0,42,190,10,1,3,0,3,0,0,21,22,26,146,2,0,26,4,0,2,0,3,88,26,30,24,19,58,1,0,0,0,18,0,0,207,0,16,1,7,0,0,17,35,15,0,170,12,0,0,0,0,4,0,152,2,2,64,0,25,0,0,1,0,2,9,0,12,222,3,0,0,0,0,0,18,7,19,12,193
10,41,0,181,0,0,6,6,0,5,26,59,37,77,22,18,8,2,0,0,1,138,39,26,8,31,0,5,0,1,42,25,39,56,11,0,60,6,0,10,5,14,50,26,38,25,29,51,11,0,0,4,62,0,7,34,4,52,55,31,0,6,27,80,46,0,45,42,0,3,0,0,12,0,56,12,7,121,4,37,0,0,3,1,16,124,2,57,18,28,0,0,0,0,0,86,15,82,25,41
246,0,0,2,0,0,1,0,0,0,4,155,13,44,14,17,2,0,0,0,0,49,188,5,0,7,0,0,0,0,18,17,20,155,4,0,28,1,0,6,0,2,95,21,38,15,14,61,3,0,0,0,12,0,0,211,0,16,4,6,0,0,16,28,7,0,174,22,0,2,0,0,1,0,160,0,0,62,0,26,0,0,0,0,2,11,0,7,227,2,0,0,0,0,0,32,2,13,7,195
2,41,0,188,0,1,4,9,0,4,20,66,38,92,15,11,5,2,0,0,1,133,47,32,1,27,0,4,0,4,30,37,39,45,10,0,71,6,0,11,4,14,56,32,33,33,26,48,3,0,0,0,57,0,3,26,4,63,60,36,0,2,34,88,29,0,52,44,0,0,0,0,14,0,61,8,2,132,1,31,0,0,2,1,9,133,2,63,16,23,0,0,0,0,0,96,8,72,29,44
244,0,0,3,0,0,0,2,0,0,10,169,4,41,9,14,2,0,0,0,0,45,194,9,0,1,0,0,0,0,9,10,22,172,1,0,29,0,0,6,0,4,92,29,29,20,20,54,1,0,0,0,6,0,0,225,0,13,0,5,0,0,15,28,10,0,184,12,0,0,0,0,0,0,157,0,0,75,0,17,0,0,0,0,0,8,0,9,232,0,0,0,0,0,0,18,0,6,8,217
4,34,0,198,1,1,7,4,0,0,14,64,28,96,23,21,3,0,0,0,1,147,45,30,1,24,0,0,0,1,45,40,41,41,7,0,67,3,0,5,3,8,60,21,34,27,33,57,6,0,0,0,72,0,4,21,0,61,49,42,0,1,32,79,40,0,46,51,0,0,0,0,13,0,63,8,6,111,1,47,0,0,3,0,10,126,2,67,14,27,0,0,0,0,0,96,4,87,34,28
249,0,0,0,0,0,0,0,0,0,2,194,3,22,13,15,0,0,0,0,0,36,209,3,0,1,0,0,0,0,13,19,11,183,1,0,21,0,0,1,1,4,95,29,30,17,14,57,2,0,0,0,5,0,0,231,0,9,1,3,0,0,13,25,8,0,191,12,0,0,0,0,0,0,154,1,0,76,0,18,0,0,0,0,1,4,0,3,241,0,0,0,0,0,0,11,0,7,8,223
0,37,0,210,0,0,1,1,0,0,20,33,30,114,30,17,5,0,0,0,0,153,28,28,1,35,0,1,0,3,50,37,42,36,2,0,72,1,0,9,3,3,63,22,36,42,28,48,4,0,0,0,71,0,1,16,0,67,64,30,0,0,29,99,45,0,42,34,0,0,0,0,9,0,63,6,3,135,2,31,0,0,1,0,5,143,0,80,8,12,0,0,0,0,0,102,6,92,26,23
16,7,1,2,1,1,0,1,0,1,3,9,6,4,2,1,2,2,0,1,2,7,6,1,5,6,0,2,0,1,4,2,3,15,0,1,4,1,0,0,2,3,5,5,3,2,1,8,1,0,1,3,2,0,5,7,1,2,5,4,0,4,4,4,4,0,9,3,0,2,0,0,4,1,7,4,1,8,1,4,0,0,1,0,4,5,3,5,11,1,0,0,3,2,4,5,1,6,4,5
4,9,3,5,2,0,2,1,3,1,2,6,5,4,2,1,4,2,1,3,2,4,6,5,5,0,2,3,2,1,3,7,3,5,4,1,5,0,1,1,1,3,5,5,6,2,2,2,2,2,0,3,6,0,3,7,0,4,2,5,2,0,6,6,3,2,5,2,3,1,0,1,2,1,8,4,4,6,2,2,1,4,5,0,2,6,1,5,2,4,2,1,1,3,4,6,2,5,0,6
137,52,0,11,7,4,1,1,3,1,32,81,31,20,5,10,8,17,1,12,5,61,46,16,38,35,2,13,0,1,29,8,27,127,2,2,22,0,0,0,7,17,52,32,21,9,12,54,11,2,0,7,18,0,17,84,8,20,40,23,0,29,25,18,26,0,84,18,0,17,0,0,17,1,63,32,6,69,7,22,0,3,4,0,27,32,7,28,106,10,0,0,11,10,25,40,6,39,26,60
43,76,16,40,7,7,6,6,16,0,17,42,35,37,22,14,17,16,2,15,18,27,56,14,42,33,4,19,2,2,30,42,18,49,15,4,46,9,2,2,16,31,14,39,37,17,14,37,5,7,7,13,29,0,26,47,6,27,29,33,4,14,37,51,23,3,40,24,5,16,0,0,18,4,52,31,22,43,14,33,1,7,13,0,29,72,8,34,25,28,1,1,26,12,23,35,15,43,23,38
165,55,0,7,5,1,0,0,3,2,32,105,36,20,8,6,8,12,2,9,4,75,49,9,46,39,0,16,0,0,18,7,36,149,0,0,28,0,0,0,7,17,44,36,35,4,4,80,9,2,0,3,8,0,14,117,7,21,53,15,0,23,30,19,31,0,98,21,0,16,0,0,10,0,76,32,6,90,3,21,0,0,7,0,26,31,2,29,138,5,0,0,6,2,32,47,6,51,29,65
43,97,11,46,10,3,7,0,17,4,24,55,54,34,16,6,16,23,0,10,8,32,81,11,48,25,7,23,1,2,45,41,27,66,11,2,39,7,0,0,12,28,45,32,43,10,11,40,11,6,0,17,23,0,18,54,14,32,38,42,2,17,40,57,28,3,45,25,2,19,0,0,16,1,72,40,8,54,12,35,0,4,12,0,37,88,10,35,20,32,0,0,20,16,27,38,23,48,28,38
197,44,0,2,2,0,0,0,4,0,25,129,32,23,6,6,6,8,1,13,3,76,67,7,41,38,0,17,0,0,16,6,26,184,0,0,17,0,0,0,1,10,48,43,49,3,3,79,11,2,0,0,4,0,7,153,2,19,45,19,0,17,19,19,29,0,145,10,0,10,0,0,6,0,75,31,7,97,2,31,0,0,1,0,32,34,2,34,144,2,0,0,8,3,24,51,0,65,32,66
41,121,10,49,6,0,4,0,15,3,29,57,51,28,20,11,20,23,0,10,5,32,82,10,60,25,7,27,1,0,46,49,38,37,10,0,65,4,0,0,10,27,26,38,47,16,22,51,11,1,0,12,20,0,18,44,0,37,64,54,1,17,41,55,35,2,34,45,2,17,0,0,10,0,83,36,18,57,10,35,0,2,6,0,37,73,4,56,32,39,0,0,9,11,22,37,22,64,37,47
209,36,0,4,0,0,0,0,0,0,27,127,38,18,4,7,2,18,0,8,1,78,47,5,62,39,2,15,0,0,10,1,17,206,0,0,15,0,0,0,2,11,45,34,40,4,1,107,5,0,0,0,7,0,7,162,0,12,37,24,0,20,24,19,22,0,146,11,0,7,0,0,1,0,77,28,0,114,1,28,0,0,0,0,20,35,1,15,176,2,0,0,1,3,17,49,3,63,34,79
30,151,2,42,8,0,2,0,14,0,32,60,52,38,21,10,15,13,0,8,0,35,83,15,61,34,4,16,1,0,66,35,49,32,8,0,58,1,0,0,3,23,33,41,50,13,17,46,17,6,0,1,30,0,21,54,2,32,60,49,0,16,44,80,34,0,36,22,2,15,0,0,10,0,93,39,3,64,3,37,0,0,4,0,32,82,5,64,35,27,0,0,15,4,29,40,17,62,27,55
205,40,0,1,2,0,0,0,1,0,25,158,27,12,5,5,3,10,0,4,0,80,60,3,48,47,0,11,0,0,6,0,12,222,0,0,9,0,0,0,0,4,35,39,35,1,5,126,4,0,0,0,8,0,0,176,0,12,33,20,0,18,21,16,22,0,151,10,0,11,0,0,4,0,72,25,1,119,0,28,0,0,0,0,23,25,0,18,179,4,0,0,3,3,18,46,1,53,24,101
35,157,2,42,7,0,0,0,6,0,38,38,61,40,17,10,21,14,0,10,6,33,84,6,69,25,1,25,0,0,52,42,59,22,4,0,68,2,0,0,5,18,45,40,62,14,12,41,9,3,0,2,19,0,21,41,1,39,76,50,0,21,27,71,39,1,44,29,0,17,0,0,8,0,97,37,5,59,4,39,0,0,0,0,26,112,2,51,25,33,0,0,7,1,25,43,9,87,35,42
214,33,0,2,0,0,0,0,0,0,12,174,31,12,3,1,4,8,0,4,0,86,62,2,53,36,0,10,0,0,5,1,12,224,0,0,7,0,0,0,1,5,39,40,34,3,2,123,2,0,0,0,4,0,1,175,0,7,42,20,0,10,16,14,16,0,176,7,0,10,0,0,0,0,86,20,0,117,0,26,0,0,0,0,20,32,0,14,183,0,0,0,1,0,11,49,0,61,25,102
33,171,2,32,2,0,1,0,8,0,30,36,83,39,10,9,15,21,0,6,1,37,88,5,51,43,4,20,0,0,57,27,56,21,4,1,81,2,0,0,1,13,47,48,64,8,11,48,6,3,0,1,18,0,15,49,0,36,76,54,0,20,25,75,37,0,31,41,1,19,0,0,8,0,90,39,2,70,2,38,0,0,1,0,19,109,0,67,29,24,0,0,5,1,16,41,9,84,32,61
213,35,0,1,0,0,0,0,0,0,14,173,31,13,5,1,5,4,0,3,0,76,73,1,60,30,1,8,0,0,4,0,8,232,0,0,5,0,0,0,0,3,32,27,49,0,1,137,0,0,0,0,2,0,0,193,0,7,37,10,0,7,9,10,20,0,185,13,0,5,0,0,0,0,82,17,1,127,0,22,0,0,0,0,8,23,0,17,199,2,0,0,0,2,13,41,0,64,23,106
32,181,2,31,0,0,0,0,3,0,28,43,73,39,15,6,16,24,0,5,1,35,78,2,74,44,1,14,0,0,44,32,66,14,2,0,90,1,0,0,3,17,48,49,64,9,14,37,6,2,0,0,17,0,12,39,0,45,81,55,0,21,39,87,39,0,24,25,0,14,0,0,7,0,94,31,2,69,0,46,0,0,0,0,27,116,0,53,29,24,0,0,3,2,21,52,7,85,17,62
226,23,0,0,0,0,0,0,0,0,14,178,29,9,0,1,4,10,0,4,0,78,67,0,58,39,0,7,0,0,3,0,2,236,0,0,8,0,0,0,0,1,23,35,31,0,0,158,1,0,0,0,3,0,0,193,0,4,40,9,0,10,9,6,17,0,197,5,0,5,0,0,0,0,81,13,0,134,0,21,0,0,0,0,8,23,0,9,208,1,0,0,0,0,6,48,0,57,23,115
23,195,0,29,0,0,0,0,2,0,29,42,67,47,18,7,12,22,0,5,1,38,90,4,61,38,0,17,0,0,44,25,73,12,4,0,90,1,0,0,1,19,54,47,69,3,10,38,6,2,0,0,10,0,13,40,0,34,91,61,0,13,41,79,48,0,25,29,0,14,0,0,1,0,103,38,1,61,1,44,0,0,0,0,29,115,0,59,17,29,0,0,2,0,20,34,6,92,38,57
232,17,0,0,0,0,0,0,0,0,14,197,13,13,3,0,1,6,0,2,0,77,64,0,68,28,0,12,0,0,1,0,3,243,0,0,2,0,0,0,0,0,34,33,44,1,0,137,0,0,0,0,0,0,0,199,0,4,31,15,0,1,9,7,9,0,208,8,0,7,0,0,0,0,83,4,0,143,0,19,0,0,0,0,6,14,0,9,219,1,0,0,0,0,9,36,0,79,20,105
16,203,0,29,1,0,0,0,0,0,39,31,72,41,14,4,15,29,0,4,0,45,85,1,63,37,1,17,0,0,37,33,62,5,0,0,112,0,0,0,0,8,54,45,76,4,4,56,1,1,0,1,14,0,6,39,0,28,102,59,0,9,31,85,56,0,22,36,0,10,0,0,1,0,107,25,0,72,0,44,0,0,0,0,26,127,0,72,13,11,0,0,2,0,10,43,5,91,32,66
14,1,2,8,1,0,1,2,0,1,5,6,6,1,4,1,5,1,1,0,1,6,7,2,3,6,2,1,2,0,3,0,4,12,3,2,4,1,0,1,1,3,8,0,7,5,1,4,1,0,0,3,7,1,4,8,0,1,4,2,2,4,1,6,3,0,9,4,1,0,0,1,3,5,7,0,2,7,2,3,2,2,3,2,1,5,2,2,9,2,1,1,4,2,5,2,3,5,4,3
10,10,3,4,1,1,0,1,0,0,3,8,7,5,0,3,3,0,0,1,1,6,9,1,5,2,2,2,2,0,5,6,3,6,2,1,4,2,0,1,2,2,4,2,3,5,5,4,3,0,1,4,3,1,5,8,1,3,2,2,2,3,2,4,2,3,5,5,1,3,3,3,1,0,6,1,5,7,2,2,1,1,3,2,3,7,1,3,4,5,1,0,3,1,2,3,8,5,0,7
129,6,4,60,2,0,9,7,0,0,32,54,45,19,12,13,32,5,5,0,5,51,56,13,18,47,9,6,12,0,19,0,19,134,14,3,15,9,0,4,8,11,46,2,54,36,21,36,3,0,0,15,42,3,27,74,1,14,36,5,8,17,3,50,23,5,89,17,3,2,1,11,12,25,70,2,11,63,5,17,3,1,8,9,6,55,14,19,82,20,1,5,21,6,37,8,35,22,38,44
51,65,23,49,8,2,6,12,1,0,27,50,36,31,22,9,30,9,3,0,8,37,71,16,31,12,11,14,13,4,21,34,25,28,32,8,42,9,2,16,9,14,47,11,34,32,19,34,11,6,0,23,38,12,25,61,5,20,24,9,19,27,11,23,21,4,54,37,10,11,2,10,20,18,36,8,38,49,8,28,14,6,20,13,6,61,17,22,32,26,6,5,18,12,20,24,43,39,16,34
185,3,3,42,0,0,1,4,0,0,34,67,38,34,15,11,32,5,1,1,1,59,83,11,22,47,2,2,11,0,14,0,11,171,16,4,16,3,0,3,2,14,43,2,65,52,16,42,2,0,0,10,32,4,22,100,0,11,54,5,4,12,2,48,28,2,120,18,2,2,0,7,13,11,82,1,19,91,2,12,3,1,5,4,2,57,13,21,112,20,0,0,19,1,42,4,38,21,60,53
40,60,25,93,5,0,12,3,0,0,25,61,45,30,21,15,28,8,5,0,6,52,70,20,35,23,10,12,9,1,28,24,26,32,33,10,54,15,2,14,4,19,48,4,41,33,30,42,17,0,0,21,41,4,33,72,2,35,15,15,20,26,14,39,16,2,57,56,5,3,0,10,21,19,45,4,41,52,3,43,13,1,18,11,7,77,8,21,44,38,1,5,20,5,27,23,59,33,21,44
194,1,1,49,0,0,3,1,0,0,32,69,55,30,10,13,40,0,0,0,3,74,93,7,12,45,4,5,6,0,6,1,4,209,13,0,12,3,0,1,0,7,58,0,58,55,15,55,1,0,0,7,35,0,19,119,0,11,55,3,4,4,2,37,29,0,149,23,1,0,0,5,6,11,76,1,25,103,3,19,1,0,6,5,0,60,10,11,138,18,0,0,17,0,35,2,36,30,60,69
43,45,23,121,3,0,7,7,0,0,28,70,42,26,28,16,34,3,2,0,1,66,92,11,30,31,4,8,6,0,38,23,17,17,53,9,70,12,0,10,2,15,51,4,63,42,20,43,4,5,0,26,51,3,31,70,2,25,32,9,16,22,7,51,31,8,61,48,2,3,0,9,18,18,57,6,32,63,6,40,4,3,20,6,3,94,20,26,44,29,0,0,29,2,33,20,52,29,36,48
203,2,0,44,0,0,0,0,0,0,22,88,45,26,18,4,45,0,1,0,0,64,105,4,16,52,2,1,5,0,7,1,8,203,11,2,11,4,0,2,1,7,61,0,59,51,18,50,2,0,0,4,32,0,11,146,0,6,49,1,5,1,0,49,28,0,149,17,0,0,0,4,4,6,90,0,23,112,4,6,0,0,2,1,1,82,10,15,127,11,0,0,14,0,57,1,35,19,53,70
38,52,8,141,2,0,3,5,0,0,26,65,48,33,30,7,39,0,0,1,0,69,90,5,30,35,5,6,8,1,21,31,24,23,46,9,79,11,0,5,2,24,42,2,52,33,28,59,6,1,0,22,39,0,29,69,0,33,45,12,9,20,3,56,26,5,54,73,2,1,0,6,24,18,56,2,37,56,7,43,2,0,12,9,4,100,10,28,47,37,0,1,11,3,20,16,51,41,63,43
222,0,0,27,0,0,0,0,0,0,27,84,45,30,15,4,44,0,0,0,0,61,134,3,8,38,1,1,3,0,1,1,2,230,7,0,7,0,0,1,0,6,54,0,75,56,12,45,1,0,0,3,27,0,6,164,0,4,42,3,1,2,0,42,27,0,160,17,0,0,0,0,3,2,106,1,21,105,1,10,0,0,3,2,0,68,5,10,149,12,0,0,8,0,51,2,27,26,54,81
26,52,7,159,0,0,1,4,0,0,28,71,39,34,19,16,41,0,1,0,0,75,75,5,44,36,8,1,5,0,30,29,24,14,48,3,87,12,0,2,1,9,54,0,47,40,37,57,2,2,0,16,41,0,29,64,1,30,62,6,8,19,0,57,41,2,59,60,0,3,0,6,15,14,55,1,25,89,4,40,0,0,8,5,2,105,12,31,48,38,0,0,17,0,30,10,55,31,53,53
226,0,0,23,0,0,0,0,0,0,19,96,52,38,9,2,33,0,0,0,0,61,136,1,11,37,1,0,2,0,1,0,3,237,3,0,4,1,0,0,0,4,54,0,68,54,13,56,0,0,0,1,23,0,6,166,0,2,50,1,0,2,0,35,22,0,180,10,0,0,0,1,4,6,89,0,20,120,0,9,0,0,0,1,0,71,5,7,153,12,0,0,3,0,36,0,32,21,69,88
22,40,4,180,0,0,0,3,0,0,25,58,47,39,24,11,43,2,0,0,0,71,84,2,40,40,4,3,5,0,30,21,22,9,62,2,92,5,0,6,3,8,58,0,55,55,28,38,4,0,0,7,46,0,37,54,0,23,70,12,5,16,1,64,48,1,46,65,3,0,0,4,10,20,74,1,25,77,2,36,0,0,6,4,0,118,6,30,54,31,0,0,11,0,40,9,61,37,42,49
219,0,0,30,0,0,0,0,0,0,22,115,44,21,8,2,37,0,0,0,0,47,137,0,19,45,1,0,0,0,0,0,0,244,4,0,1,0,0,0,0,2,68,0,71,45,11,52,0,0,0,0,17,0,4,174,0,0,54,0,0,2,0,42,7,0,181,17,0,0,0,1,0,2,91,0,18,133,0,4,0,0,0,0,0,67,2,4,168,8,0,0,4,0,38,2,24,21,71,89
29,48,1,168,0,0,0,3,0,0,18,69,57,42,24,1,38,0,0,0,0,82,83,5,29,38,2,5,5,0,27,17,15,3,82,0,97,3,0,5,0,8,46,0,66,43,28,57,1,0,0,16,66,0,19,66,0,21,56,5,6,13,1,61,45,0,49,74,0,0,0,0,8,10,93,1,37,67,0,33,0,0,3,2,1,125,8,20,50,40,0,0,13,0,36,8,57,36,49,50
236,0,0,13,0,0,0,0,0,0,11,127,47,21,8,0,35,0,0,0,0,43,168,0,6,32,0,0,0,0,0,0,0,248,1,0,0,0,0,0,0,1,49,0,72,55,19,52,1,0,0,0,11,0,4,184,0,1,49,0,0,0,0,27,9,0,203,10,0,0,0,0,2,3,82,0,9,153,0,0,0,0,0,0,0,60,0,6,174,9,0,0,3,0,42,1,33,14,62,94
13,32,0,204,0,0,0,0,0,0,16,66,58,50,18,4,37,0,0,0,0,91,56,3,49,36,1,5,8,0,30,21,18,1,85,2,87,3,0,2,0,5,60,0,65,56,17,44,2,0,0,7,51,0,24,54,0,24,85,4,2,20,2,72,46,1,37,69,0,0,0,1,5,16,86,0,33,65,1,42,0,0,0,2,1,132,3,12,50,49,0,0,4,1,41,3,56,35,54,55
233,0,0,16,0,0,0,0,0,0,14,127,57,13,5,0,33,0,0,0,0,43,166,0,7,33,0,0,0,0,0,0,0,247,1,0,1,0,0,0,0,2,54,0,78,51,10,54,0,0,0,0,8,0,4,193,0,0,44,0,0,1,0,21,3,0,221,3,0,0,0,0,3,3,66,0,15,160,0,2,0,0,0,0,0,65,3,1,177,3,0,0,2,0,27,0,31,17,83,89
16,26,1,206,0,0,0,0,0,0,16,61,65,52,9,4,42,0,0,0,0,88,73,2,36,45,2,0,3,0,23,16,20,2,90,0,96,0,0,2,0,2,42,0,64,65,20,55,1,0,0,7,63,0,24,43,0,22,86,4,2,5,1,89,47,0,23,82,0,0,0,1,8,8,95,1,24,57,2,53,0,0,2,1,1,143,4,15,50,33,0,0,6,0,31,2,70,33,46,61
17,4,2,6,0,0,1,0,0,0,4,11,6,2,1,3,1,2,0,0,0,3,11,2,5,8,0,1,0,0,6,3,2,9,0,1,3,1,2,3,0,1,2,5,6,4,3,6,3,0,3,4,3,0,1,11,0,1,6,1,0,7,4,5,4,0,6,3,0,1,3,1,3,3,3,4,2,10,1,0,1,0,2,0,1,8,0,6,10,2,0,4,1,0,4,8,1,4,7,1
7,10,3,6,2,0,0,0,1,1,3,7,4,3,7,0,1,1,3,1,1,5,6,1,6,4,2,2,3,0,6,7,2,7,2,0,4,1,0,1,3,4,6,0,9,0,2,3,0,3,4,2,4,1,3,6,1,5,4,0,4,4,4,2,3,3,3,5,1,1,3,3,4,3,4,4,0,5,1,3,1,2,0,1,3,5,2,9,5,2,1,3,3,0,3,5,1,5,5,4
153,20,7,34,2,0,1,0,0,0,31,93,40,15,4,20,2,12,0,0,1,22,100,1,28,53,2,5,3,2,45,29,13,97,1,1,22,1,2,6,1,2,8,27,64,26,33,50,3,3,11,22,21,0,2,76,0,10,71,4,1,35,26,38,35,0,50,24,0,8,19,5,12,24,16,33,7,97,3,1,0,1,6,0,7,44,0,43,103,13,0,17,2,0,33,61,5,19,60,20
40,69,24,78,0,0,2,0,3,1,34,60,38,26,23,16,5,9,5,1,4,44,47,4,35,54,1,5,18,5,46,45,11,44,9,6,25,9,3,19,4,12,41,18,48,19,17,35,6,17,24,18,27,0,11,65,2,29,36,5,7,38,16,28,38,7,30,40,1,12,10,10,32,15,39,27,14,38,10,22,4,3,7,1,10,76,7,46,48,15,1,26,9,0,16,32,9,54,32,38
196,7,5,30,0,0,0,0,0,0,22,140,33,5,7,21,2,6,2,0,0,9,143,0,28,47,0,4,7,0,28,28,7,141,1,0,21,0,0,12,0,1,6,36,58,27,35,68,1,6,7,9,21,0,5,95,0,10,91,0,0,39,21,33,45,0,56,38,0,6,12,2,16,21,13,27,3,138,4,2,0,0,1,0,3,51,0,44,131,8,0,8,1,0,30,49,2,26,86,36
24,83,26,101,1,0,1,0,1,1,32,46,55,48,15,18,4,17,3,0,0,31,54,2,46,86,1,7,7,4,69,63,10,39,7,4,33,5,4,4,2,7,31,27,59,17,27,48,5,15,17,20,21,0,13,82,0,25,55,5,2,32,30,22,36,8,56,45,0,7,21,4,17,23,37,41,14,29,14,38,1,2,3,2,8,92,3,63,55,9,0,21,1,0,20,56,5,48,40,47
204,7,3,35,0,0,0,0,0,0,16,158,36,11,1,15,2,8,2,0,0,9,161,0,17,56,0,0,6,0,27,24,4,170,0,0,22,0,0,2,0,2,5,24,69,24,44,78,0,3,6,12,19,0,2,100,0,8,102,0,0,35,24,26,59,0,65,37,0,3,5,0,8,20,12,41,2,159,0,2,0,0,2,0,0,42,0,36,165,4,0,8,0,0,20,45,1,20,105,50
34,94,17,102,1,0,1,0,0,0,32,49,69,40,17,24,2,10,6,0,0,29,48,0,62,86,1,5,16,2,84,61,4,36,4,2,49,1,2,6,0,3,22,22,76,11,33,69,1,12,8,12,29,0,8,102,0,24,63,3,0,26,35,39,56,1,53,32,0,7,17,3,26,20,44,34,14,51,9,31,0,0,2,0,5,119,0,63,45,15,0,15,2,0,30,51,5,65,41,40
228,1,1,19,0,0,0,0,0,0,10,159,43,5,5,20,0,6,1,0,0,5,159,0,21,61,0,0,3,0,43,24,2,164,0,0,12,0,0,4,0,0,3,19,96,20,33,76,0,2,5,8,12,0,2,110,0,7,105,0,0,41,14,34,53,0,61,43,0,3,6,0,9,16,10,34,3,169,1,1,0,0,1,0,0,34,0,34,180,0,0,10,0,0,18,60,1,24,94,42
20,87,14,128,0,0,0,0,0,0,37,53,72,34,18,16,3,7,9,0,0,26,60,3,50,104,0,2,4,0,73,56,7,42,3,0,53,3,1,11,0,4,29,22,63,25,21,75,4,6,8,18,26,0,4,88,0,31,74,0,0,37,18,47,54,0,52,33,0,8,13,3,18,27,47,41,8,49,8,35,0,0,1,0,0,107,0,82,44,15,0,12,1,0,25,61,5,56,42,47
230,2,0,17,0,0,0,0,0,0,9,191,24,3,3,12,0,6,1,0,0,4,184,0,18,43,0,0,0,0,26,18,0,189,0,0,13,0,0,3,0,0,2,22,98,14,24,88,0,1,0,6,7,0,1,110,0,7,118,0,0,35,22,27,49,0,67,47,0,2,2,0,2,6,3,26,0,208,1,1,0,0,0,0,0,32,0,33,184,0,0,4,0,0,13,57,1,25,106,43
17,86,4,142,0,0,0,0,0,0,36,36,92,39,17,26,0,1,2,0,0,30,39,0,46,124,0,1,9,0,78,58,8,38,5,0,49,4,1,8,0,1,19,29,77,20,47,46,0,10,6,18,15,0,4,105,0,22,79,0,0,35,25,35,57,0,58,35,0,4,12,0,22,29,58,44,9,26,11,38,0,0,0,0,1,118,0,76,51,3,0,8,0,0,29,59,1,53,40,59
234,1,0,14,0,0,0,0,0,0,4,198,28,4,5,8,0,2,0,0,0,2,184,0,15,47,0,0,1,0,21,16,0,200,0,0,11,0,0,1,0,0,1,18,108,17,24,81,0,0,2,3,5,0,0,120,0,2,117,0,0,30,21,28,49,0,79,40,0,2,0,0,2,8,0,20,1,217,0,1,0,0,0,0,0,26,0,28,193,2,0,3,0,0,14,63,0,20,92,57
12,89,5,142,0,0,1,0,0,0,42,37,90,41,15,19,1,4,0,0,0,21,47,0,49,123,0,1,8,0,89,70,1,35,0,0,49,0,1,4,0,1,13,28,82,15,34,74,0,2,0,9,17,0,0,108,0,25,89,1,0,30,15,34,60,3,47,49,0,11,9,0,23,16,76,51,6,15,2,51,0,0,0,0,0,127,0,81,35,6,0,8,0,0,22,54,1,59,58,47
245,0,0,4,0,0,0,0,0,0,4,214,22,1,0,6,0,2,0,0,0,0,191,0,10,48,0,0,0,0,21,10,0,212,0,0,5,0,0,1,0,0,1,18,117,3,20,90,0,0,0,1,4,0,0,117,0,5,122,0,0,33,19,25,60,0,61,49,0,2,0,0,0,4,2,15,1,226,0,1,0,0,0,0,0,27,0,14,208,0,0,0,0,0,7,68,0,25,104,45
4,73,3,169,0,0,0,0,0,0,39,29,97,50,8,25,0,0,1,0,0,21,46,0,47,125,0,1,9,0,94,45,1,28,1,0,73,0,0,7,0,2,17,31,75,19,30,71,0,4,1,9,17,0,1,116,0,17,88,0,0,31,24,28,60,0,73,32,0,1,6,0,13,30,70,58,5,13,4,50,0,0,0,0,0,139,0,79,25,6,0,6,0,0,16,65,1,59,39,63
244,0,0,5,0,0,0,0,0,0,4,215,21,1,0,7,0,1,0,0,0,0,193,0,8,48,0,0,0,0,14,11,0,212,0,0,10,0,0,2,0,0,3,9,124,6,17,90,0,0,0,0,2,0,0,127,0,2,118,0,0,25,17,22,55,0,90,39,0,1,0,0,1,0,2,9,0,237,0,0,0,0,0,0,0,17,0,20,211,1,0,0,0,0,7,72,0,14,104,52
5,68,3,173,0,0,0,0,0,0,41,24,97,40,17,29,0,0,1,0,0,16,44,0,38,150,0,0,1,0,94,66,0,26,0,0,59,0,0,4,0,0,9,31,73,20,34,82,0,0,4,8,9,0,0,114,0,12,102,0,0,31,22,27,73,0,61,34,0,1,6,0,24,20,65,60,7,11,3,53,0,0,0,0,0,139,0,83,24,3,0,4,0,0,17,57,0,56,54,61
239,1,0,9,0,0,0,0,0,0,5,219,18,0,0,6,0,1,0,0,0,0,197,0,7,45,0,0,0,0,7,9,0,232,0,0,1,0,0,0,0,0,0,6,119,7,17,100,0,0,0,1,3,0,0,112,0,0,133,0,0,16,9,29,67,0,88,40,0,0,0,0,2,1,0,7,0,239,0,0,0,0,0,0,0,8,0,11,230,0,0,0,0,0,8,58,0,25,97,61
9,64,1,175,0,0,0,0,0,0,41,27,106,36,18,21,0,0,0,0,0,12,44,0,36,155,0,1,1,0,124,62,3,14,0,0,43,0,0,3,0,0,6,33,92,10,38,68,0,2,1,4,7,0,0,132,0,2,103,0,0,29,20,20,66,0,65,48,0,1,1,0,18,25,72,77,5,9,5,37,0,0,0,0,0,117,0,113,16,3,0,1,0,0,8,55,0,63,52,70
19,2,1,3,0,1,0,2,1,1,5,7,9,4,1,2,0,2,0,0,1,8,7,3,2,1,3,4,1,0,4,3,8,8,3,0,2,0,2,0,1,4,4,4,4,4,1,4,3,1,1,4,3,2,5,9,1,1,3,1,3,3,2,3,8,0,8,1,0,2,1,1,4,1,7,4,2,7,1,2,1,1,3,1,3,5,1,7,5,3,1,2,2,3,2,9,2,1,4,4
4,10,6,5,1,0,1,1,2,0,5,9,1,6,5,1,2,0,0,1,3,5,4,1,7,2,1,3,3,1,5,7,2,8,2,2,2,2,0,0,2,6,2,2,4,3,3,5,1,2,0,5,8,0,0,3,3,4,3,4,2,4,4,3,3,0,5,7,0,2,1,3,3,1,7,4,1,2,2,6,1,3,3,0,2,7,1,3,6,4,4,1,0,0,4,2,3,7,4,5
141,20,1,37,0,8,2,2,4,2,49,57,55,31,19,1,1,4,0,0,9,70,46,15,25,5,12,32,2,1,30,12,47,80,15,2,19,1,11,0,2,30,26,22,40,35,16,28,9,9,1,15,30,12,29,73,7,18,23,9,4,23,11,31,51,0,66,10,0,21,1,4,17,2,59,35,12,58,6,23,1,3,8,2,13,56,7,50,59,18,5,11,3,5,30,66,7,13,38,39
40,57,21,46,3,6,11,11,13,9,33,45,38,32,31,18,6,14,0,0,14,36,38,9,45,9,18,30,12,6,29,34,51,50,16,8,13,3,13,0,6,38,23,22,26,24,14,34,19,11,8,20,39,14,22,41,12,36,9,16,10,30,15,29,32,0,49,42,1,9,2,5,33,7,31,44,10,36,19,30,2,8,19,5,19,50,10,32,46,26,9,14,11,9,21,38,17,39,28,31
171,20,2,36,0,2,0,2,4,1,60,61,64,23,22,5,0,3,0,0,5,79,53,12,31,2,14,40,2,0,31,11,61,98,15,0,20,0,2,0,4,36,16,26,49,34,13,39,7,14,0,16,24,8,27,101,3,33,21,5,2,19,8,37,71,0,68,11,0,22,0,0,20,2,66,40,5,77,8,20,0,2,3,0,12,64,4,56,86,11,1,11,5,3,20,71,4,15,43,65
37,73,26,60,1,12,12,4,8,5,30,64,42,40,39,7,6,9,0,1,9,34,54,21,50,9,16,33,8,4,34,43,49,53,23,1,21,2,12,0,4,47,27,18,33,19,20,37,12,21,2,30,47,9,30,37,16,32,20,15,4,28,19,30,38,0,58,42,0,19,0,3,26,3,49,48,10,45,12,42,1,3,13,2,28,50,9,47,53,32,7,10,8,11,31,48,17,51,28,27
213,12,0,22,0,0,0,1,1,0,64,78,63,20,19,4,0,1,0,0,5,88,52,7,37,2,10,48,0,0,22,8,50,146,5,0,15,0,3,0,0,36,20,26,59,32,19,44,4,9,0,11,39,3,29,114,5,18,24,6,0,16,12,37,69,0,84,11,0,20,0,2,24,1,65,38,4,87,6,22,0,3,3,0,18,83,3,42,89,8,1,2,1,5,22,84,6,12,52,64
23,88,16,88,0,4,17,6,6,1,37,65,63,32,33,8,7,4,0,0,6,48,70,19,50,5,14,32,4,1,36,40,64,53,18,0,26,3,9,0,5,45,26,26,38,27,19,36,12,15,0,19,50,8,33,49,10,42,21,17,2,31,21,40,55,1,51,32,0,16,0,1,31,1,63,46,12,48,14,33,0,6,9,0,17,63,10,58,55,31,4,3,6,9,29,53,18,54,39,34
211,10,0,28,0,0,0,0,0,0,59,83,66,29,11,0,0,1,0,0,1,105,44,6,34,2,6,49,2,0,18,1,75,138,7,0,9,0,1,0,0,28,24,25,65,41,9,41,5,11,0,7,29,5,36,128,3,23,17,1,0,15,6,36,76,0,82,17,0,17,0,2,9,0,74,40,9,93,3,19,0,1,1,0,5,84,0,48,98,12,0,2,2,2,20,95,1,12,52,63
32,78,8,109,0,6,7,3,6,0,31,82,58,33,37,1,2,5,0,0,3,42,73,13,52,6,22,30,7,1,37,45,49,68,17,1,29,1,2,0,0,49,15,19,40,40,15,41,13,17,0,22,58,3,26,47,4,53,25,11,2,36,10,43,40,0,67,29,0,22,0,1,22,0,64,51,3,56,17,35,0,4,10,0,16,60,4,66,61,28,3,5,5,6,23,63,6,60,40,38
229,5,0,15,0,0,0,0,0,0,72,79,56,26,14,0,0,2,0,0,1,102,47,4,38,0,7,50,0,0,13,9,55,159,5,0,7,0,1,0,0,36,17,32,62,36,15,34,3,14,0,3,22,3,30,145,5,28,10,3,0,7,4,38,69,0,100,18,0,13,0,0,8,0,73,38,2,106,1,21,0,0,0,0,1,78,0,50,108,12,1,0,1,0,13,95,1,21,55,62
15,90,11,118,0,2,8,1,4,0,40,63,74,36,31,2,1,2,0,0,2,44,73,9,63,1,12,42,3,0,25,35,81,68,16,0,22,0,2,0,0,51,19,20,45,39,14,40,7,14,0,26,49,7,43,29,4,50,32,9,1,28,9,35,58,0,57,36,0,25,0,0,18,1,55,49,4,70,11,41,0,2,4,0,14,75,2,54,66,32,2,2,3,2,20,53,4,66,50,47
234,1,0,13,0,0,0,1,0,0,62,85,68,20,12,1,0,1,0,0,2,98,49,2,40,0,3,55,0,0,9,1,63,170,3,0,2,0,1,0,0,37,11,16,68,47,9,47,3,11,0,2,20,2,30,147,1,29,17,1,0,5,0,39,62,0,111,17,0,15,0,0,6,0,84,38,1,103,2,15,0,0,1,0,1,79,0,41,121,6,0,0,0,0,13,94,1,16,55,70
14,87,3,135,0,1,6,0,3,0,41,69,55,48,27,3,0,6,0,0,0,54,69,3,68,3,16,33,3,0,48,26,73,58,9,0,32,0,3,0,0,42,25,17,40,42,14,40,2,27,0,11,55,5,37,43,7,57,25,9,0,26,9,47,55,0,59,28,0,25,0,0,20,0,54,53,2,78,5,37,0,0,4,0,12,79,1,59,66,28,2,0,1,3,20,68,7,54,46,48
234,1,0,14,0,0,0,0,0,0,64,83,59,28,15,0,0,0,0,0,0,113,41,1,47,0,5,42,0,0,3,3,51,184,5,0,3,0,0,0,0,39,15,16,72,46,10,32,5,14,0,2,22,1,30,146,0,36,11,1,0,3,1,36,59,0,129,16,0,5,0,0,3,0,69,42,0,114,1,20,0,0,0,0,3,80,0,36,128,2,0,0,0,0,13,93,4,16,52,71
14,82,3,140,0,0,5,1,4,0,40,75,73,31,29,0,1,0,0,0,1,41,74,6,66,0,10,51,0,0,36,28,92,52,21,0,18,0,2,0,0,33,14,24,56,31,20,51,4,16,0,15,47,1,29,52,5,70,24,6,0,24,5,59,71,0,46,25,0,19,0,0,18,0,62,49,3,74,7,36,0,0,0,0,7,89,0,72,59,22,0,1,2,0,26,63,4,58,39,56
239,2,0,8,0,0,0,0,0,0,73,79,74,16,7,0,0,0,0,0,0,108,54,2,33,0,7,45,0,0,9,0,57,182,1,0,0,0,0,0,0,40,11,16,71,45,6,53,0,7,0,0,12,0,24,175,0,31,6,1,0,3,1,29,49,0,150,9,0,8,0,0,1,0,71,39,0,115,1,22,0,0,0,0,0,68,0,38,141,2,0,0,0,0,4,99,0,19,53,74
9,78,2,159,0,0,0,0,1,0,36,78,62,39,34,0,0,0,0,0,0,48,78,4,63,0,5,51,0,0,34,27,95,52,10,0,28,0,3,0,0,38,15,29,41,40,13,44,6,23,0,12,49,1,26,44,3,79,31,4,0,16,3,53,67,0,53,37,0,20,0,0,16,0,77,39,0,63,10,44,0,0,1,0,4,78,0,72,72,22,0,1,0,1,21,61,0,48,56,61
241,0,0,8,0,0,0,0,0,0,73,84,72,12,8,0,0,0,0,0,0,116,48,1,43,0,4,37,0,0,1,3,42,201,0,0,2,0,0,0,0,31,5,13,83,36,5,63,1,12,0,0,13,0,20,182,0,28,5,1,0,3,0,35,65,0,129,7,0,10,0,0,4,0,74,38,0,120,2,11,0,0,1,0,0,71,0,41,135,1,0,0,0,0,4,113,2,18,50,62
8,79,1,160,0,0,0,1,0,0,43,82,76,28,20,0,0,0,0,0,1,39,93,4,63,0,7,42,0,0,33,18,125,44,8,0,21,0,0,0,0,48,17,18,52,27,11,55,5,16,0,10,66,1,35,36,1,75,22,3,0,18,4,39,62,0,65,31,0,30,0,0,10,0,72,54,1,66,8,38,0,0,0,0,2,97,0,67,65,18,0,0,0,2,28,54,0,63,50,52
18,3,1,5,0,0,1,1,0,1,1,13,7,4,1,1,1,2,0,0,1,6,10,1,5,1,2,3,0,1,3,8,1,9,5,0,2,0,2,0,3,1,7,2,8,3,1,3,1,1,1,1,6,0,0,9,2,6,3,2,2,3,3,2,5,0,9,2,1,3,0,3,5,4,5,2,0,8,2,1,1,1,6,3,2,6,1,3,7,0,1,1,4,1,2,3,1,11,2,4
3,10,3,8,1,0,2,1,1,1,3,8,5,3,3,1,4,1,2,0,0,6,5,1,8,4,1,0,3,2,7,3,6,4,3,0,4,3,0,0,3,2,0,2,5,4,3,5,2,4,1,3,3,1,3,4,1,3,5,6,2,5,5,4,1,2,5,5,0,1,2,0,6,0,9,2,1,2,4,4,3,0,3,0,4,9,0,3,5,3,0,0,3,4,3,1,1,7,3,8
156,5,3,41,1,0,5,4,0,2,11,112,47,26,9,1,6,5,0,0,6,45,78,0,52,9,6,17,1,3,17,63,7,71,31,0,18,7,3,0,15,14,29,18,63,21,7,38,9,3,1,11,47,0,3,62,18,35,21,19,21,3,26,12,42,0,71,21,11,10,1,10,36,23,37,11,0,64,12,23,9,2,16,6,15,59,4,25,79,2,9,0,14,4,10,18,7,96,6,53
26,66,23,75,1,1,6,4,4,11,8,63,52,34,24,2,24,5,2,3,8,50,45,4,47,28,11,16,4,4,26,44,29,48,34,2,20,8,6,0,16,14,21,16,51,23,20,35,6,15,8,17,19,3,17,47,16,34,36,20,8,16,28,33,14,6,50,38,5,19,4,15,27,11,50,17,6,37,24,26,6,7,25,21,22,64,2,20,34,16,5,6,13,15,17,10,6,58,15,72
182,8,0,44,0,0,2,0,0,2,3,140,46,34,6,0,8,1,0,0,2,52,115,0,47,6,3,11,1,1,17,66,6,87,33,0,25,1,3,0,16,12,25,19,80,17,4,57,4,4,0,3,47,0,2,86,13,46,20,21,15,2,22,3,50,0,104,24,8,10,2,3,46,21,41,8,0,78,11,28,5,0,9,6,11,76,2,34,94,1,5,0,8,3,8,18,4,129,1,62
29,68,11,116,0,0,9,1,0,4,13,65,76,36,16,5,14,9,2,2,7,59,37,1,71,29,10,17,1,6,31,47,18,60,40,0,24,14,4,0,17,14,26,12,69,35,16,36,6,7,6,22,29,0,14,52,20,28,45,22,26,15,33,34,25,0,44,38,8,15,3,9,32,18,44,16,1,52,17,46,3,2,30,9,18,82,0,25,51,18,9,0,12,10,17,15,6,62,11,96
208,2,1,36,0,0,1,1,0,0,0,174,49,21,3,0,2,0,0,0,0,72,118,0,37,10,0,10,0,2,7,94,1,99,33,0,13,2,0,0,14,14,23,12,96,13,4,65,4,4,0,1,48,0,3,100,15,34,29,19,18,2,28,4,43,0,116,21,8,9,0,0,37,13,43,9,0,106,12,29,1,0,5,0,14,96,0,19,114,0,0,0,1,2,4,11,1,164,2,64
31,50,8,151,0,0,1,4,0,4,8,58,89,57,12,0,19,6,0,0,6,63,61,0,72,20,11,12,2,2,25,45,22,67,58,0,23,6,3,0,18,16,29,14,71,27,12,40,8,14,0,13,33,0,7,55,14,45,39,43,27,9,25,33,37,0,51,48,8,11,1,4,30,18,64,15,0,59,11,47,3,0,23,5,12,98,2,36,58,12,0,0,10,3,16,20,3,56,7,134
216,1,0,32,0,0,0,0,0,0,0,179,44,22,2,0,2,0,0,0,0,56,127,0,54,8,1,3,0,0,4,86,0,123,17,0,18,1,0,0,13,17,17,6,100,16,2,73,3,2,0,1,35,0,2,105,3,45,23,35,7,1,16,2,50,0,143,19,5,6,0,1,31,16,37,4,0,120,9,31,1,0,6,0,5,91,0,24,121,1,0,0,1,2,2,11,0,157,1,75
27,41,5,173,0,0,0,3,0,0,6,54,100,49,15,0,20,5,0,0,0,53,58,0,78,24,11,20,1,4,21,48,21,66,69,0,23,1,0,0,19,12,26,22,73,27,11,39,10,10,1,8,31,0,6,60,10,44,49,40,16,3,32,27,41,0,51,49,15,15,0,4,23,13,64,17,0,60,16,52,5,0,18,2,21,96,1,33,63,10,0,0,7,2,8,14,4,71,9,134
219,1,0,29,0,0,0,0,0,0,0,193,35,19,1,0,1,0,0,0,0,33,152,0,49,8,0,7,0,0,5,79,1,125,28,0,11,0,0,0,9,9,16,6,136,12,0,59,1,1,0,0,40,0,0,124,4,37,29,15,7,0,17,1,47,0,152,20,3,2,0,0,30,7,44,4,0,136,6,22,0,0,2,1,7,93,0,18,127,1,0,0,1,0,1,6,0,179,0,62
28,30,7,180,0,0,3,1,0,0,1,47,116,60,5,0,16,4,0,0,0,80,46,0,85,20,5,12,0,1,19,62,10,77,48,0,30,1,2,0,23,16,24,13,59,25,15,58,2,14,0,9,25,0,9,52,13,48,59,34,11,4,27,41,49,0,45,47,17,8,0,1,31,14,62,8,0,56,12,65,1,0,10,0,17,102,1,38,74,6,0,0,6,0,8,14,1,56,4,160
227,0,0,22,0,0,0,0,0,0,0,213,24,10,2,0,0,0,0,0,0,34,159,0,45,7,0,3,1,0,4,86,1,124,23,0,10,1,0,0,4,8,13,4,155,10,0,52,0,3,0,0,41,0,2,118,3,49,24,12,3,0,23,4,38,0,158,19,1,3,0,1,25,11,29,7,0,151,3,22,0,0,0,0,0,109,0,11,129,0,0,0,0,0,1,5,0,181,0,62
22,30,1,193,0,0,1,2,0,0,0,31,123,67,5,0,22,1,0,0,0,88,38,0,86,14,6,16,0,1,18,60,13,77,53,0,26,1,1,0,27,20,17,9,56,34,6,67,3,10,0,2,41,0,7,65,6,39,52,37,15,2,22,22,47,0,48,80,8,5,0,1,22,10,88,9,0,50,12,57,1,0,8,0,9,109,0,35,83,4,0,0,6,1,5,6,0,61,4,166
225,0,0,24,0,0,0,0,0,0,0,208,28,13,0,0,0,0,0,0,0,35,153,0,56,4,0,1,0,0,3,84,2,133,14,0,13,0,0,0,5,8,17,4,140,8,0,63,1,3,0,0,25,0,0,149,1,38,25,11,4,0,12,0,50,0,168,13,1,1,0,0,26,6,28,1,0,160,1,27,0,0,0,0,1,83,0,10,155,0,0,0,0,0,0,1,0,178,0,70
23,25,2,198,0,0,1,0,0,0,0,38,126,58,9,0,16,2,0,0,0,76,50,0,96,16,6,5,0,0,20,63,13,70,59,0,23,1,0,0,19,19,23,18,64,28,4,60,1,13,0,1,44,0,3,50,2,52,56,41,7,3,41,31,50,0,45,58,3,11,0,0,28,13,75,9,0,44,10,70,0,0,9,0,6,130,0,30,70,4,0,0,6,0,2,4,1,65,3,168
227,0,0,22,0,0,0,0,0,0,0,219,21,8,1,0,0,0,0,0,0,33,174,0,40,1,0,1,0,0,5,77,0,145,15,0,7,0,0,0,5,3,8,2,162,7,0,62,0,0,0,0,18,0,1,155,1,49,13,12,3,0,12,1,47,0,165,20,1,0,0,0,15,1,36,2,0,176,1,18,0,0,0,0,2,82,0,8,157,0,0,0,0,0,0,1,0,181,0,67
21,20,0,208,0,0,0,0,0,0,2,28,121,78,8,0,11,1,0,0,0,91,51,0,94,4,3,6,0,0,13,84,6,70,51,0,25,0,0,0,17,20,29,13,54,31,3,73,2,7,0,1,38,0,0,50,2,60,65,33,6,1,38,22,64,0,50,60,2,6,0,0,22,14,70,8,0,46,10,79,0,0,4,0,1,145,0,24,71,4,0,0,0,0,1,6,0,65,2,175
233,0,0,16,0,0,0,0,0,0,0,235,9,5,0,0,0,0,0,0,0,26,168,0,52,3,0,0,0,0,0,77,0,151,17,0,4,0,0,0,1,6,8,0,180,3,0,51,0,0,0,0,28,0,0,159,2,43,10,7,1,0,9,1,50,0,169,19,0,0,0,0,11,0,34,0,0,181,3,20,0,0,0,0,0,87,0,6,156,0,0,0,0,0,0,0,0,175,0,74
15,11,0,223,0,0,0,0,0,0,0,12,154,65,4,0,14,0,0,0,0,105,39,0,89,7,3,6,0,0,6,80,4,74,64,0,21,0,0,0,10,22,29,10,44,26,6,95,3,4,0,2,38,0,2,39,2,67,59,40,11,0,23,26,55,0,57,73,2,2,0,0,20,7,98,4,0,44,8,68,0,0,2,0,1,142,0,26,76,2,0,0,0,0,1,3,0,72,0,173
17,4,1,5,1,0,1,1,0,0,3,11,5,3,2,2,2,1,1,0,1,3,8,5,4,5,1,3,0,0,3,4,4,11,1,0,4,2,0,1,0,5,10,0,4,6,0,3,1,1,1,1,1,1,2,13,0,4,5,2,2,2,2,6,4,3,7,1,0,3,0,2,2,6,3,3,4,5,0,5,1,0,2,3,3,4,0,2,12,3,1,1,3,1,3,2,3,7,3,6
5,7,1,10,2,1,2,1,0,1,5,5,6,7,2,3,1,0,0,1,2,6,4,2,4,5,3,3,1,0,6,8,1,5,4,1,3,0,1,1,2,3,3,3,7,2,3,3,3,1,0,4,4,1,2,5,1,5,4,4,3,4,6,2,6,1,2,5,0,1,0,3,5,3,5,4,1,5,1,3,0,2,2,2,4,10,0,3,4,3,0,0,2,0,4,5,2,6,4,7
156,14,2,36,4,1,2,2,0,0,26,72,43,36,9,8,17,3,3,0,10,23,68,35,20,34,7,17,3,0,4,25,23,118,3,2,24,10,1,7,0,33,73,1,43,34,2,18,7,6,0,3,5,0,13,138,0,31,17,10,5,6,24,43,35,15,48,19,0,22,0,10,10,30,31,21,27,57,1,30,0,0,14,8,9,42,0,14,112,18,1,1,6,2,26,20,15,60,31,55
28,62,10,84,14,1,11,6,0,1,19,73,43,42,8,13,11,5,3,0,5,30,38,25,32,40,12,25,8,2,26,52,31,35,17,4,33,8,2,9,0,21,37,8,54,38,7,29,11,12,2,16,17,2,17,47,3,35,55,23,8,16,25,28,36,14,46,24,2,18,0,19,22,34,27,20,27,28,3,37,0,1,17,26,29,60,0,14,47,23,3,4,18,4,23,31,17,46,22,49
181,7,0,47,1,0,2,0,0,0,28,91,45,48,9,8,9,0,0,0,2,19,96,37,19,37,6,19,2,1,7,24,23,153,0,0,20,7,0,4,0,43,69,0,57,36,3,19,5,6,0,2,10,0,10,163,0,19,27,7,1,2,26,48,48,9,60,20,0,24,0,5,14,34,28,19,28,65,0,45,0,0,5,9,9,32,0,18,143,22,0,0,1,0,22,24,8,75,35,73
38,76,3,104,11,0,4,2,0,0,18,67,54,41,12,16,23,4,3,0,11,31,32,27,48,39,16,29,5,0,20,72,33,38,13,1,47,8,0,6,0,12,52,3,91,30,4,22,11,13,0,10,8,0,24,44,1,57,63,31,5,11,29,23,50,20,46,29,3,22,0,10,16,31,39,37,23,40,2,40,0,0,15,20,20,86,0,19,45,33,2,2,7,1,27,34,28,58,17,62
223,3,0,21,0,0,2,0,0,0,30,110,56,37,6,3,7,0,0,0,3,22,123,28,14,31,6,22,0,0,2,19,19,182,2,0,20,2,0,3,0,45,74,0,52,38,1,31,4,4,0,1,2,0,7,200,0,10,24,5,0,2,14,48,63,6,69,23,0,24,0,11,5,40,31,19,27,81,0,35,0,0,2,4,7,31,0,12,161,32,0,0,0,0,22,12,3,87,38,87
17,75,2,140,9,0,5,1,0,0,21,77,49,58,8,19,16,1,0,0,5,28,40,33,57,46,8,28,4,0,17,60,43,37,11,1,59,15,0,6,0,19,68,0,89,31,8,22,5,7,0,11,7,1,23,35,0,61,84,27,2,10,25,27,56,11,50,37,0,31,0,13,15,19,54,19,28,54,0,47,0,0,9,19,27,94,0,24,41,35,0,0,4,0,29,37,23,55,33,68
227,4,0,17,0,0,1,0,0,0,22,130,39,50,3,3,2,0,0,0,0,20,111,34,13,39,4,26,2,0,3,19,21,180,0,0,24,2,0,0,0,43,63,0,71,40,0,25,3,4,0,0,1,0,1,216,0,12,16,3,0,0,17,44,66,4,82,16,0,20,0,5,6,24,36,21,27,96,0,34,0,0,0,2,4,41,0,6,180,16,0,0,0,0,20,17,2,89,39,82
16,54,1,171,4,0,0,3,0,0,26,72,71,56,5,7,10,2,0,0,3,26,44,25,55,58,15,18,4,1,14,67,38,34,9,0,66,12,0,9,0,22,75,0,73,32,2,30,10,5,0,8,9,0,13,22,0,73,95,29,0,2,33,27,55,4,57,36,0,35,0,5,14,39,43,17,24,54,0,53,0,0,9,13,15,110,0,23,45,34,0,0,5,0,23,31,13,72,31,74
224,3,0,22,0,0,0,0,0,0,19,132,43,47,3,2,3,0,0,0,1,9,141,29,18,35,2,14,0,0,0,15,14,205,0,0,12,3,0,0,0,37,75,0,77,31,0,23,3,3,0,0,1,0,0,217,0,14,16,1,0,0,17,40,64,4,76,19,0,29,0,2,5,23,45,17,23,91,0,43,0,0,0,0,9,26,0,2,202,10,0,0,0,0,15,15,0,103,42,74
20,60,0,166,1,0,2,0,0,0,22,71,84,51,5,9,7,0,0,0,0,35,46,36,43,55,6,27,1,0,17,70,36,29,4,0,83,6,0,4,0,27,62,0,84,38,3,24,6,5,0,6,5,0,12,29,0,88,90,19,0,8,25,35,55,8,56,41,0,21,0,9,16,28,45,21,23,54,0,53,0,0,8,9,14,121,0,22,30,45,0,0,2,0,28,29,12,63,36,79
238,0,0,11,0,0,0,0,0,0,15,140,46,43,2,1,2,0,0,0,0,12,136,23,21,39,0,18,0,0,0,11,7,211,0,0,17,2,0,1,0,43,68,0,75,38,0,21,3,1,0,0,0,0,0,230,0,5,13,1,0,0,7,51,67,5,87,18,0,14,0,3,6,22,27,17,22,118,0,34,0,0,0,0,2,14,0,5,217,11,0,0,0,0,14,10,1,93,44,87
11,51,0,185,2,0,0,0,0,0,25,76,73,62,4,2,7,0,0,0,0,24,50,37,44,55,7,28,4,0,10,73,41,24,9,0,80,6,0,6,0,27,66,0,85,34,0,31,2,4,0,5,2,0,10,15,0,81,111,25,0,1,33,36,46,4,60,42,0,27,0,3,15,24,51,16,21,45,0,74,0,0,4,6,11,147,0,18,22,41,0,0,0,0,22,28,11,74,35,79
238,0,0,11,0,0,0,0,0,0,10,145,47,44,1,1,1,0,0,0,0,8,135,22,20,42,0,22,0,0,0,4,12,220,0,0,13,0,0,0,0,26,82,0,87,36,0,17,0,1,0,0,0,0,0,232,0,2,14,1,0,0,12,29,73,0,103,8,0,24,0,2,3,15,42,17,20,114,0,36,0,0,0,0,1,19,0,2,223,4,0,0,0,0,5,10,0,98,50,86
9,48,0,192,0,0,0,0,0,0,28,76,79,54,3,4,5,0,0,0,1,28,46,39,39,69,2,25,0,0,16,71,34,20,1,0,97,7,0,3,0,28,77,0,86,29,0,25,1,3,0,2,6,0,10,15,0,77,108,31,0,1,35,37,68,4,46,38,0,20,0,5,11,25,39,25,27,52,0,65,0,0,0,3,11,152,0,16,19,48,0,0,0,0,31,24,10,71,27,86
237,2,0,10,0,0,0,0,0,0,12,159,33,43,1,1,0,0,0,0,0,5,157,20,19,32,2,14,0,0,0,4,6,225,0,0,14,0,0,0,0,47,62,0,86,25,0,27,1,1,0,0,0,0,0,238,0,5,6,0,0,0,8,42,94,1,81,7,0,16,0,0,3,21,24,10,21,131,0,39,0,0,0,0,0,19,0,1,222,7,0,0,0,0,5,5,2,77,45,115
10,33,0,206,0,0,0,0,0,0,27,62,83,65,3,4,5,0,0,0,0,17,40,35,59,67,3,28,0,0,7,76,45,15,5,0,94,4,0,3,0,21,69,0,87,37,0,32,2,1,0,3,1,0,5,10,0,78,124,28,0,1,24,29,60,1,71,42,0,21,0,1,11,24,60,25,15,53,0,60,0,0,2,3,10,160,0,12,23,39,0,0,0,0,15,19,2,97,40,76
246,0,0,3,0,0,0,0,0,0,6,167,38,38,0,0,0,0,0,0,0,3,177,18,9,33,0,9,0,0,0,2,4,240,0,0,3,0,0,0,0,26,65,0,106,34,0,18,0,0,0,0,0,0,0,239,0,2,8,0,0,0,3,41,91,0,84,17,0,13,0,1,0,24,37,11,18,121,0,37,0,0,0,0,0,8,0,1,237,3,0,0,0,0,8,4,0,88,37,112
2,33,0,212,2,0,0,0,0,0,24,65,91,66,2,0,1,0,0,0,0,13,34,28,63,66,2,43,0,0,3,75,34,8,4,0,122,3,0,0,0,25,89,0,81,24,3,27,0,0,0,0,0,0,6,10,0,79,136,18,0,1,27,25,50,4,65,48,0,29,0,3,2,22,59,17,23,54,0,69,0,0,1,1,7,182,0,13,11,34,0,0,0,0,18,17,4,93,43,74
18,1,1,3,0,1,1,1,2,2,2,9,5,6,0,2,4,1,0,1,3,6,10,2,4,2,1,2,0,0,6,4,2,8,2,1,2,0,4,1,2,4,5,1,4,6,0,6,1,1,1,2,3,1,4,9,1,3,4,2,0,3,3,9,3,1,4,6,0,1,1,2,6,0,2,3,3,8,2,3,1,2,3,0,1,8,0,1,10,4,1,1,2,0,4,7,0,4,3,8
5,9,5,5,3,0,0,2,1,0,2,8,4,4,4,0,4,1,2,1,1,5,5,4,5,1,2,3,2,2,7,5,0,10,0,0,5,3,0,0,1,4,3,2,5,3,3,4,2,3,1,6,5,1,1,4,4,0,5,3,3,3,3,5,3,0,5,4,0,4,0,4,3,2,4,4,1,4,3,5,2,2,0,2,2,7,2,3,7,3,5,3,2,2,0,4,3,2,5,4
158,1,4,27,1,4,0,6,3,13,14,69,33,48,4,8,27,0,1,13,16,54,75,20,29,8,10,4,1,0,20,18,14,116,8,1,22,2,15,1,12,26,45,4,28,44,5,34,14,5,7,12,24,6,32,72,11,12,35,6,1,15,22,55,26,6,33,44,1,14,0,2,28,3,19,22,20,65,17,41,9,12,8,0,5,46,0,6,114,17,6,12,6,0,15,65,2,25,31,55
31,62,10,55,24,9,6,9,8,3,21,44,29,46,23,15,22,8,6,3,19,47,52,20,30,12,13,21,2,1,35,50,13,37,14,2,30,11,18,7,14,40,23,11,31,24,12,34,14,14,6,24,28,10,17,46,13,19,41,13,0,22,31,49,27,4,44,23,2,15,0,11,26,8,29,22,20,45,23,33,6,18,15,6,12,74,4,18,32,32,14,9,19,7,15,39,11,26,30,47
205,1,0,16,1,2,0,2,2,9,7,98,33,49,1,7,34,1,0,8,11,57,96,16,45,5,5,3,0,0,16,19,11,141,5,0,22,5,18,1,8,24,48,4,35,51,8,43,11,6,7,9,13,4,28,101,14,8,48,6,0,10,30,62,26,1,52,47,0,10,0,1,20,0,22,22,18,92,21,42,7,2,7,0,0,53,0,4,151,14,6,4,9,2,10,72,1,25,43,66
16,76,9,81,20,4,5,5,6,16,27,49,44,52,12,11,22,6,4,11,24,64,47,20,43,9,13,18,0,0,28,56,16,44,20,0,43,10,20,1,9,34,34,7,39,36,15,35,17,12,15,16,31,10,21,45,16,18,43,23,2,22,29,59,22,3,45,39,3,14,0,6,31,4,29,20,27,50,21,50,18,13,9,4,8,89,2,16,40,39,10,16,14,4,10,40,10,27,38,69
212,3,0,29,0,0,0,0,1,4,5,89,38,70,6,5,28,0,0,8,10,59,117,19,28,4,9,2,0,1,10,18,11,175,6,0,17,2,10,0,3,31,55,3,24,55,6,60,10,2,2,3,12,2,28,123,12,6,55,6,0,6,29,78,18,0,46,54,0,18,0,2,18,2,11,26,10,105,16,59,1,1,1,1,1,44,0,1,191,8,2,4,3,0,10,89,1,17,34,89
29,62,7,108,16,3,0,3,3,18,17,75,32,63,10,5,28,1,2,16,18,67,61,22,47,9,10,15,0,0,43,59,12,42,17,0,54,9,13,0,10,43,42,0,35,27,19,38,22,13,13,23,18,6,24,58,18,16,58,15,0,17,24,54,35,3,61,37,2,16,0,2,26,0,31,22,30,58,23,57,15,6,4,4,5,127,0,19,35,34,5,7,5,3,16,51,8,37,62,55
224,0,0,21,1,0,0,0,0,3,6,116,26,61,3,5,29,0,0,3,6,70,113,15,39,2,3,1,0,0,5,15,2,205,1,0,9,3,9,0,1,18,58,1,35,68,1,55,10,2,0,5,12,0,34,127,4,4,59,4,0,9,19,74,30,0,55,55,0,7,0,0,14,0,8,25,10,115,17,60,0,0,1,0,0,47,0,1,193,7,2,2,3,0,3,83,0,21,36,99
23,74,6,99,17,5,1,2,1,21,19,65,45,44,16,6,44,0,0,10,14,73,72,20,40,4,15,11,0,0,52,65,4,30,12,0,71,7,8,0,12,36,42,2,42,32,16,48,14,5,6,22,32,4,33,40,16,20,52,24,0,15,32,69,20,2,62,34,0,15,0,0,28,0,40,32,20,43,24,62,5,4,3,2,3,127,1,20,37,47,4,4,10,0,14,48,6,35,70,58
238,0,0,9,0,0,0,0,0,2,1,115,29,70,4,2,27,0,0,1,2,60,145,13,22,0,7,0,0,0,0,13,1,221,1,0,9,0,4,0,1,28,53,1,31,64,1,59,8,3,0,2,14,0,32,132,7,4,54,4,0,4,22,89,17,0,54,60,0,3,0,0,17,0,9,16,3,122,13,69,0,0,0,0,0,33,0,1,209,6,0,0,0,0,1,90,2,15,28,113
10,69,2,133,14,0,1,2,3,15,16,62,51,63,5,2,37,0,1,12,8,98,45,16,57,5,11,9,0,0,37,81,5,19,18,0,74,2,13,0,5,44,53,0,46,34,9,39,14,5,3,9,23,1,27,57,14,15,82,18,0,10,20,58,29,0,75,41,1,15,0,2,25,0,43,31,19,50,25,54,1,4,4,0,4,159,0,8,30,39,0,3,10,0,9,67,1,34,64,61
245,0,0,4,0,0,0,0,0,0,1,130,23,58,3,2,31,0,0,1,2,62,147,7,28,0,1,2,0,0,2,9,1,224,0,0,11,0,2,0,0,18,61,0,28,69,3,61,5,4,0,4,10,0,22,131,2,2,77,1,0,1,16,89,20,0,58,62,0,3,0,0,10,0,11,16,4,138,9,61,0,0,0,0,0,29,0,0,220,0,0,0,1,0,0,90,1,18,41,98
2,62,3,149,16,0,0,3,1,13,8,65,51,76,4,3,37,0,0,5,7,91,56,11,55,4,12,13,0,0,48,84,4,17,10,0,74,2,10,0,1,35,41,2,49,40,3,55,17,6,1,16,20,0,32,68,11,13,66,22,0,8,24,72,27,0,71,34,0,13,0,1,25,0,41,28,23,47,24,60,0,2,2,0,2,164,0,12,23,44,0,0,9,0,5,50,4,37,66,78
244,0,0,5,0,0,0,0,0,0,1,133,34,57,0,2,22,0,0,0,1,61,155,10,20,0,1,1,0,0,1,4,2,233,1,0,6,0,2,0,0,27,49,0,36,77,1,52,5,2,0,1,6,0,18,139,6,2,75,2,0,5,8,76,20,0,69,67,0,4,0,0,7,0,9,15,1,140,11,66,0,0,0,0,0,26,0,0,222,1,0,0,0,0,1,83,0,4,43,118
5,69,2,150,11,0,0,3,4,5,8,63,46,74,10,8,36,0,0,4,3,106,56,9,55,7,9,4,0,0,41,77,4,10,7,0,93,2,15,0,3,30,56,0,46,29,8,58,16,3,0,10,21,1,34,62,8,9,94,10,0,6,24,80,18,0,73,38,0,10,0,0,16,0,31,27,11,53,21,90,0,0,0,0,0,179,0,9,23,38,0,1,3,0,5,73,1,33,68,65
245,0,0,4,0,0,0,0,0,0,1,139,27,55,1,1,25,0,0,0,0,52,152,6,38,0,1,0,0,0,1,6,0,235,0,0,7,0,0,0,0,6,65,0,35,79,1,59,4,0,0,0,5,0,21,143,3,2,73,2,0,0,5,90,14,0,75,63,0,2,0,0,3,0,9,21,2,147,8,59,0,0,0,0,0,23,0,0,225,1,0,0,0,0,1,78,0,15,52,103
4,65,1,165,8,0,0,1,1,4,4,67,44,76,4,5,48,0,0,1,1,110,58,12,56,4,5,3,0,0,28,90,2,13,1,0,102,2,11,0,1,37,34,0,54,28,9,65,15,6,0,5,33,0,18,65,12,13,87,16,0,5,24,73,26,0,74,38,0,9,0,0,22,0,38,27,11,54,20,77,0,0,0,0,0,185,0,3,22,39,0,0,1,0,1,58,4,24,66,95
247,0,0,2,0,0,0,0,0,0,0,140,24,69,0,2,14,0,0,0,0,56,168,8,16,0,1,0,0,0,0,1,0,244,0,0,4,0,0,0,0,11,64,0,33,76,0,62,2,1,0,0,5,0,15,160,0,0,68,1,0,2,9,97,17,0,60,62,0,2,0,0,8,0,3,14,2,160,6,56,0,0,0,0,0,19,0,0,229,1,0,0,1,0,0,92,0,7,31,118
2,64,1,174,7,0,0,0,1,0,2,58,50,99,2,2,35,0,0,1,5,114,55,16,51,0,3,5,0,0,26,103,0,4,5,0,99,3,9,0,1,36,52,0,38,48,5,53,14,2,0,6,19,0,35,63,12,6,100,8,0,7,20,71,25,0,84,37,0,5,0,0,18,0,32,31,12,52,26,78,0,0,0,0,0,205,0,4,19,21,0,0,0,0,2,57,0,20,90,80
18,5,0,4,0,0,1,1,0,1,6,8,4,2,2,2,3,2,1,0,0,4,9,3,6,4,1,2,0,1,0,1,3,19,1,1,4,1,0,0,2,4,5,2,6,1,1,7,1,1,2,4,4,2,3,9,1,3,2,0,1,1,2,9,5,2,4,3,1,2,1,2,2,2,3,4,4,8,1,3,0,1,3,1,4,5,0,3,8,5,0,0,3,1,3,5,3,8,4,3
4,13,4,5,1,0,1,0,1,1,4,8,8,5,0,2,0,1,1,1,0,3,7,4,5,2,1,4,3,1,4,5,4,2,3,1,7,1,0,3,1,4,2,3,5,4,1,6,1,3,0,4,7,1,0,6,1,4,5,2,5,3,3,2,2,3,1,6,1,4,0,2,5,0,2,3,2,10,4,2,0,2,1,1,3,8,2,6,3,4,0,2,5,1,2,1,1,8,5,5
141,32,1,32,0,0,6,1,2,2,54,63,21,20,9,16,17,7,10,0,0,23,80,10,59,26,5,12,1,1,0,6,14,154,5,1,32,4,0,1,14,25,20,15,46,2,10,59,13,13,1,18,25,14,12,103,10,26,8,0,4,3,5,64,30,16,34,28,9,24,0,15,7,12,20,20,25,95,7,16,0,4,17,3,14,28,4,37,91,19,0,0,15,1,14,47,7,75,22,36
42,90,20,37,3,0,6,3,4,12,27,57,33,23,11,21,20,19,6,0,0,18,72,25,43,18,12,15,6,8,18,29,29,33,24,5,66,9,0,4,14,29,32,10,51,11,22,33,3,12,10,22,50,3,16,35,7,27,28,19,17,9,11,29,37,14,20,49,10,21,4,6,12,11,29,27,22,64,16,26,0,8,19,7,30,60,6,33,22,32,0,1,25,4,31,26,17,54,28,31
181,28,0,24,0,0,3,0,0,2,64,86,30,10,9,12,14,4,9,0,0,12,119,5,75,21,1,3,2,0,0,3,5,189,5,0,32,4,0,0,0,27,24,18,52,2,10,82,5,18,2,14,33,12,8,128,6,31,4,0,1,2,8,81,28,16,42,38,1,21,0,7,0,9,16,12,31,144,7,12,0,2,9,2,25,38,1,38,99,24,0,0,9,0,15,60,4,101,16,33
38,110,11,56,0,0,11,1,7,4,30,71,48,24,13,18,17,13,4,0,0,24,69,29,69,22,4,17,3,1,8,39,43,25,20,1,89,6,0,7,16,13,29,18,53,13,24,41,9,22,2,16,69,9,17,48,9,30,25,13,12,9,14,27,44,9,25,56,10,32,1,13,21,16,35,37,20,45,20,30,0,4,27,5,21,65,9,42,32,33,0,0,29,0,26,26,17,64,30,46
216,22,0,11,0,0,0,0,0,0,61,99,17,17,8,19,12,13,3,0,0,8,140,10,70,11,1,7,0,2,0,0,5,203,4,0,37,0,0,0,1,22,17,21,71,0,6,94,4,13,0,7,38,5,6,152,2,34,5,0,0,0,3,82,36,14,41,46,2,25,0,9,1,6,14,11,22,171,4,11,0,0,2,1,14,37,0,38,142,15,0,0,9,0,6,58,3,122,14,37
16,141,6,71,0,1,8,0,0,6,44,67,49,24,7,17,15,14,12,0,0,17,67,20,91,35,5,11,0,3,2,34,35,37,13,0,115,11,0,2,10,19,42,15,44,9,27,50,7,26,1,21,74,10,19,48,5,26,34,11,6,3,10,29,33,14,31,63,12,48,0,10,17,9,42,35,33,47,14,42,0,3,18,4,31,75,5,46,33,34,0,0,18,0,17,34,8,77,45,50
211,18,0,19,0,0,1,0,0,0,62,122,16,12,6,10,9,7,5,0,0,9,162,3,58,10,3,4,0,0,0,2,0,227,2,0,18,0,0,0,0,28,24,7,69,1,4,92,5,19,0,5,24,2,6,173,1,34,4,0,0,1,1,85,49,19,38,38,0,18,0,2,1,0,12,11,21,186,4,12,0,1,3,0,14,21,1,39,151,19,0,0,4,0,6,49,1,127,21,41
26,135,5,80,0,0,1,0,2,0,42,58,51,35,14,11,17,13,8,0,0,14,52,16,112,36,3,15,0,1,0,25,40,21,24,1,122,12,0,4,5,22,36,16,63,5,21,51,8,22,4,10,90,8,15,44,6,37,27,8,2,1,5,35,47,20,36,62,10,31,0,12,12,11,51,41,34,47,9,32,0,0,7,2,23,95,0,47,33,42,0,0,6,0,18,55,5,62,43,60
223,18,0,8,0,0,0,0,0,0,70,132,17,6,3,9,10,2,0,0,0,8,165,1,63,7,1,4,0,0,0,0,0,233,0,0,16,0,0,0,2,15,17,11,73,0,5,108,1,17,0,3,28,1,0,194,2,20,1,0,0,0,0,93,48,15,26,44,3,20,0,1,0,1,5,4,14,214,3,7,0,0,2,0,13,30,0,32,155,17,0,0,3,0,8,60,3,133,16,26
17,140,3,85,0,0,3,0,0,1,39,65,57,33,20,13,12,4,6,0,0,8,64,18,121,27,3,8,0,0,1,22,33,15,23,0,150,5,0,0,5,30,33,11,67,3,13,58,4,25,0,11,102,6,9,28,4,47,29,13,2,1,6,29,46,17,44,57,8,39,0,8,7,6,64,45,32,26,17,44,0,0,12,0,21,82,0,61,35,38,0,0,9,0,17,35,6,69,41,72
234,8,0,7,0,0,0,0,0,0,68,128,17,10,2,9,8,4,3,0,0,1,165,1,72,8,0,2,0,0,0,0,2,230,0,0,17,0,0,0,0,23,9,8,80,0,7,110,2,10,0,4,24,0,4,207,0,10,0,0,0,0,3,99,48,6,26,54,2,11,0,2,0,0,1,0,14,227,0,5,0,0,2,0,12,20,0,33,163,19,0,0,2,0,6,62,0,142,12,25
10,147,3,89,0,0,0,0,0,0,57,68,49,24,8,11,15,5,12,0,0,10,64,11,119,29,1,14,1,0,0,21,34,19,17,0,152,5,0,1,3,21,33,11,77,1,15,61,2,25,0,10,124,4,8,25,4,46,23,5,0,1,1,45,45,15,38,69,4,31,0,6,9,6,78,35,32,17,16,50,0,0,6,0,21,91,0,58,32,41,0,0,13,0,9,37,4,76,37,73
235,10,0,4,0,0,0,0,0,0,55,153,16,10,2,2,8,3,0,0,0,0,161,0,82,5,0,1,0,0,0,0,0,240,0,0,9,0,0,0,1,21,14,6,80,0,4,114,1,8,0,1,21,0,1,212,0,14,0,0,0,0,1,90,50,8,36,45,0,19,0,0,0,0,3,0,5,241,0,0,0,0,1,0,3,23,0,32,177,13,0,0,1,0,3,47,0,155,7,36
9,137,2,99,0,0,2,0,0,0,57,63,66,21,10,11,17,3,1,0,0,7,79,2,110,39,1,11,0,0,0,25,35,9,18,0,158,4,0,0,3,23,32,13,85,2,12,61,2,16,0,5,111,5,11,24,3,53,22,15,0,0,2,49,46,16,37,68,5,26,0,2,4,6,76,54,31,8,10,58,0,0,6,0,21,91,0,54,35,42,0,0,6,0,12,51,5,68,40,67
237,5,0,7,0,0,0,0,0,0,58,157,13,5,0,6,8,2,0,0,0,0,178,0,62,7,0,2,0,0,0,0,0,243,0,0,6,0,0,0,0,19,7,1,86,0,6,119,0,11,0,1,18,0,2,216,0,12,0,0,0,0,0,123,43,9,20,46,0,8,0,0,0,0,2,1,9,235,0,2,0,0,1,0,2,17,0,31,182,16,0,0,0,0,2,63,1,153,7,23
7,148,3,91,0,0,0,0,0,0,63,68,50,36,6,5,17,2,2,0,0,6,56,7,142,33,0,5,0,0,0,21,28,6,8,0,184,2,0,0,0,21,31,9,92,1,14,59,2,20,0,4,126,3,9,25,1,54,22,5,0,0,0,34,49,15,49,73,4,25,0,1,5,2,93,45,36,14,6,47,0,0,4,0,19,106,0,60,27,33,0,0,10,0,15,46,2,64,36,76
241,5,0,3,0,0,0,0,0,0,52,173,11,3,1,4,4,1,0,0,0,0,187,0,58,4,0,0,0,0,0,0,0,246,0,0,3,0,0,0,0,18,13,3,82,0,1,124,0,8,0,0,16,0,0,221,0,12,0,0,0,0,0,88,42,8,38,61,0,12,0,0,0,0,0,1,9,238,1,0,0,0,0,0,3,18,0,18,199,11,0,0,1,0,3,48,0,174,2,21
6,148,0,95,0,0,0,0,0,0,84,60,55,23,7,6,8,4,2,0,0,5,57,3,153,27,0,4,0,0,0,14,20,3,7,0,202,2,0,1,0,23,29,8,83,3,12,63,0,28,0,5,128,0,6,21,1,62,19,7,0,0,0,35,53,8,40,77,3,33,0,1,1,2,91,42,37,9,14,52,0,0,2,0,13,112,0,69,25,28,0,0,2,0,12,62,3,62,33,75
17,2,3,6,0,0,1,0,0,1,3,12,3,6,1,0,0,4,1,0,2,4,13,2,3,4,1,1,0,0,6,2,4,12,3,0,2,0,1,0,2,3,7,2,7,4,0,4,0,1,1,2,5,1,5,7,2,2,4,1,0,5,5,4,3,0,5,5,1,2,2,2,0,3,9,5,1,3,2,3,0,0,3,1,5,5,0,4,10,2,0,2,4,1,1,4,2,6,2,8
6,7,2,4,5,0,1,4,1,0,2,3,7,7,2,4,2,0,2,1,1,8,3,2,6,3,1,3,3,0,1,9,4,2,3,1,4,2,1,3,0,2,5,4,5,3,4,4,3,0,2,3,3,1,1,8,1,3,5,3,2,3,1,4,6,3,3,3,2,3,2,5,3,2,4,2,2,5,0,5,4,2,0,1,4,6,2,5,4,2,0,0,4,1,2,4,3,6,6,4
161,10,5,29,2,0,1,6,1,2,22,91,18,54,11,4,0,14,2,1,17,37,100,12,25,14,3,6,3,0,48,17,38,84,7,0,19,1,2,1,16,22,57,18,42,24,6,25,4,3,5,8,32,12,14,79,11,10,42,4,0,38,23,26,26,2,39,48,3,12,1,14,5,14,59,38,7,25,12,42,0,2,17,6,25,35,0,32,92,8,0,1,20,2,8,25,3,45,30,83
24,46,43,63,14,0,8,7,0,12,20,38,61,44,11,10,2,21,7,3,15,58,34,22,36,27,4,12,9,0,23,35,24,48,29,4,33,7,6,8,9,20,32,19,52,28,13,31,8,5,10,15,29,7,20,55,15,23,30,13,0,28,28,26,39,4,42,23,8,19,2,14,13,23,25,21,13,57,14,35,4,3,7,10,36,52,4,38,39,24,0,10,18,4,15,32,19,58,25,36
201,2,6,26,0,0,3,0,0,0,20,102,21,66,14,2,0,9,4,0,11,38,141,6,23,15,0,2,2,0,34,15,41,112,10,0,20,1,4,1,23,16,67,11,46,27,2,36,8,2,2,3,26,8,10,119,7,6,52,5,0,40,21,16,37,1,66,48,1,8,0,7,6,10,72,29,6,32,5,71,0,0,19,6,21,35,0,34,114,9,0,1,18,0,4,24,1,46,35,109
20,49,47,91,8,0,5,11,0,7,30,52,58,50,17,6,3,12,4,6,16,62,35,20,50,30,7,13,5,0,37,39,28,42,37,0,41,7,3,4,11,19,51,21,63,27,10,25,5,6,7,14,32,16,20,57,13,28,36,15,0,32,22,41,40,0,40,37,12,14,0,15,6,19,36,28,8,63,18,45,1,1,9,14,52,63,0,41,39,18,0,1,18,4,16,37,5,83,27,47
221,1,2,25,0,0,0,0,0,0,17,115,21,65,20,1,0,9,1,0,8,43,148,8,25,12,0,2,3,0,36,13,36,133,5,0,23,2,1,0,11,15,70,11,73,29,2,36,0,2,1,1,32,5,6,135,5,5,58,1,0,41,16,20,39,0,68,61,0,4,0,5,2,15,82,32,2,27,6,78,1,0,12,2,21,35,0,32,144,2,0,0,13,0,0,22,0,56,44,114
24,53,48,107,3,0,6,6,0,2,28,65,49,59,29,2,1,12,3,1,17,85,41,15,42,32,1,6,10,0,35,37,52,50,29,0,38,3,3,2,16,16,48,11,53,45,11,39,9,1,6,8,40,12,20,53,11,38,49,12,0,28,21,30,41,1,73,39,8,8,0,5,8,12,45,31,5,73,18,52,2,0,14,14,34,69,1,48,45,22,0,1,24,0,10,39,8,85,26,56
239,0,0,10,0,0,0,0,0,0,13,120,19,75,12,0,0,9,1,0,3,42,161,9,28,5,0,0,1,0,39,5,53,124,8,0,19,0,0,1,9,11,66,11,83,25,4,38,1,1,1,0,23,5,6,144,8,4,57,1,0,33,13,16,39,0,79,62,0,7,0,3,3,4,82,32,0,34,2,89,0,0,4,0,17,28,0,34,164,2,0,0,11,0,0,17,1,50,42,128
9,49,55,122,4,0,6,4,0,0,15,62,56,61,37,6,0,10,2,0,5,92,39,25,43,32,0,7,6,0,46,34,41,56,17,0,50,1,3,1,17,20,56,9,47,42,13,37,7,1,2,11,52,11,15,56,12,29,47,14,0,18,36,32,43,0,67,40,4,9,0,10,9,12,37,39,5,73,10,54,0,0,21,3,31,79,0,56,43,16,0,0,24,0,3,32,5,94,28,63
241,0,0,8,0,0,0,0,0,0,12,143,8,65,12,0,0,9,0,0,1,34,184,4,20,6,0,0,0,0,41,5,39,141,4,0,18,1,0,0,6,11,79,11,75,28,6,31,1,1,0,0,23,1,6,160,5,3,49,2,0,29,16,11,38,0,87,65,1,2,0,1,2,6,72,33,2,30,3,100,0,0,4,0,10,32,0,27,173,3,0,0,6,0,0,16,0,38,45,144
6,46,51,134,4,0,2,6,0,0,24,53,67,74,20,3,0,5,3,0,14,100,40,13,40,35,0,4,3,0,31,48,43,49,21,0,56,0,0,1,3,15,52,10,72,37,6,49,4,1,0,7,45,5,17,56,6,31,66,16,0,22,23,34,50,0,71,42,2,5,0,9,3,13,46,32,4,82,4,56,0,0,11,2,30,98,0,43,42,23,0,0,13,0,4,32,2,114,31,53
242,0,0,7,0,0,0,0,0,0,7,146,13,73,9,0,0,1,0,0,0,34,188,1,19,6,0,1,0,0,36,4,40,149,2,0,18,0,0,0,7,6,73,7,92,16,2,44,2,0,0,0,13,0,5,176,1,2,52,0,0,19,12,18,40,0,104,54,1,1,0,1,0,3,83,24,0,33,0,105,0,0,2,0,19,24,0,23,178,3,0,0,1,0,0,10,0,32,40,166
6,42,47,145,5,0,2,2,0,0,17,66,63,76,18,2,0,7,0,0,4,115,34,14,46,30,1,2,3,0,35,42,46,51,22,0,51,1,1,0,3,18,53,12,65,44,11,39,3,1,0,5,48,2,17,47,7,43,69,11,0,40,15,24,53,0,64,43,0,10,0,1,2,10,45,45,2,83,12,49,0,0,10,2,23,102,0,55,37,20,0,0,14,0,2,29,4,112,49,39
247,0,0,2,0,0,0,0,0,0,7,139,14,87,2,0,0,0,0,0,0,22,208,1,16,2,0,0,0,0,30,6,46,149,3,0,15,0,0,0,2,6,80,2,103,14,2,40,0,0,0,0,6,0,2,193,0,3,44,1,0,26,14,13,43,0,89,63,0,1,0,0,0,2,76,31,2,36,1,101,0,0,2,0,14,21,0,25,185,2,0,0,2,0,0,15,0,39,22,171
2,31,36,169,4,0,3,4,0,0,13,69,61,80,17,0,1,8,0,0,2,126,24,15,55,26,0,1,0,0,34,50,47,53,17,0,48,0,0,0,1,16,51,15,70,40,5,49,2,0,0,6,46,3,11,41,5,34,89,14,0,25,13,37,44,0,75,45,0,10,0,3,0,2,54,31,2,92,4,61,0,0,6,0,37,94,0,61,34,17,0,0,5,0,0,27,2,120,46,49
246,0,0,3,0,0,0,0,0,0,3,149,11,80,5,0,0,1,0,0,0,26,211,0,7,5,0,0,0,0,17,4,40,169,1,0,18,0,0,0,0,7,75,2,104,23,0,37,1,0,0,0,6,0,3,187,1,1,51,0,0,13,8,13,44,0,110,57,0,4,0,0,0,3,84,26,1,32,1,102,0,0,0,0,11,11,0,27,199,1,0,0,0,0,0,15,0,29,27,178
3,33,34,176,2,0,1,0,0,0,13,69,72,74,19,2,0,0,0,0,1,135,25,6,57,20,0,5,0,0,41,35,60,37,21,0,53,0,0,2,6,15,58,7,79,28,6,46,4,0,0,0,41,0,12,50,6,37,94,9,0,32,15,31,53,0,66,49,0,3,0,0,1,2,51,43,2,88,0,62,0,0,5,0,33,107,0,59,30,15,0,0,7,0,0,19,0,134,40,49
248,0,0,1,0,0,0,0,0,0,1,169,9,69,1,0,0,0,0,0,0,17,221,0,7,4,0,0,0,0,14,2,43,177,1,0,12,0,0,0,0,2,62,5,102,18,0,60,0,0,0,0,4,0,3,183,1,0,58,0,0,18,3,13,43,0,119,53,0,0,0,0,0,0,84,21,0,32,0,112,0,0,0,0,9,10,0,8,222,0,0,0,0,0,0,8,0,32,28,181
1,22,22,202,1,0,1,0,0,0,7,56,67,104,11,0,0,4,0,0,0,134,20,5,60,29,0,1,0,0,35,23,63,45,19,0,63,0,0,1,3,13,64,6,80,44,5,34,0,0,0,1,38,0,17,56,9,26,100,2,0,21,14,32,50,0,79,52,0,1,0,0,1,8,47,33,1,87,2,70,0,0,2,0,33,116,0,63,18,17,0,0,5,0,0,22,0,132,43,47
17,5,0,5,1,0,1,1,0,0,4,7,4,2,4,4,2,2,1,0,1,5,11,1,4,3,1,2,2,0,3,6,3,10,2,0,4,0,1,1,0,3,4,2,9,2,4,2,4,0,2,2,4,0,2,8,0,3,4,5,2,7,2,7,3,1,5,0,1,2,0,5,1,2,7,0,0,7,3,5,0,0,3,1,4,7,1,4,10,0,1,0,4,0,2,3,1,9,5,5
6,10,4,4,0,2,2,0,1,1,4,6,8,5,1,2,0,0,1,3,2,5,5,1,9,3,0,1,2,2,9,5,1,9,2,0,1,2,0,1,4,4,2,0,5,5,1,4,2,3,0,2,4,2,2,6,2,5,5,2,4,1,5,4,3,0,7,4,2,0,3,1,5,0,3,7,4,3,3,1,1,1,1,1,2,13,0,2,7,2,1,1,3,2,4,5,0,6,6,2
159,26,0,22,0,1,7,1,0,1,29,77,37,13,19,27,8,5,0,2,1,42,91,3,32,12,2,14,17,3,14,27,13,113,13,0,33,2,1,1,4,27,17,5,78,26,29,13,17,1,1,1,24,0,16,81,1,17,45,31,13,36,9,61,24,1,49,5,8,11,1,12,8,6,33,11,2,79,30,35,0,0,7,3,16,48,5,16,122,0,4,0,7,0,24,26,5,81,32,38
32,64,11,67,6,4,12,13,7,1,19,34,56,29,24,21,11,7,11,5,12,47,43,13,42,29,7,10,11,3,44,44,16,46,19,0,18,12,4,14,3,25,27,6,38,35,29,25,20,9,6,14,26,2,20,52,2,36,34,25,15,34,22,32,24,4,53,13,10,10,4,14,13,8,40,23,9,36,28,42,0,2,6,14,28,87,9,28,39,4,9,0,21,3,19,25,6,62,42,30
200,16,0,19,0,0,2,1,0,0,33,99,32,17,22,26,1,5,2,1,1,41,119,1,35,11,1,13,16,0,10,21,6,146,6,0,48,0,0,1,0,17,13,5,90,40,25,21,22,5,1,0,28,0,15,102,0,12,57,23,10,45,3,65,25,0,76,7,1,6,0,6,3,2,33,9,0,105,28,52,0,0,2,1,16,44,1,9,165,0,1,0,5,0,23,19,1,106,29,54
25,75,4,96,4,4,21,0,9,0,21,42,69,31,17,20,13,13,7,5,2,42,57,10,57,37,9,14,8,2,44,61,16,46,18,0,32,6,1,14,7,29,29,11,47,32,30,24,19,10,0,5,21,1,21,76,2,44,43,25,8,36,24,42,39,1,53,9,12,14,1,12,12,11,39,26,7,48,35,47,0,0,4,5,18,137,7,27,39,1,6,0,19,0,28,36,2,58,42,47
222,10,0,15,0,0,2,0,0,0,29,115,34,15,21,26,3,4,1,1,0,34,157,1,25,12,0,9,10,1,4,23,4,170,4,0,44,0,0,0,0,10,9,1,105,28,37,27,26,6,0,0,25,0,6,126,1,14,50,27,13,50,1,87,17,0,74,1,1,5,0,4,0,0,28,5,1,125,32,54,0,0,0,0,9,53,1,12,174,0,0,0,2,0,20,21,0,121,26,59
24,99,2,104,0,2,13,4,1,0,28,56,76,24,22,26,6,6,3,2,3,64,49,7,68,21,4,12,17,4,42,68,17,47,11,0,54,3,2,5,2,29,22,9,51,41,38,30,19,8,1,3,30,0,18,68,1,48,60,20,10,43,10,38,40,0,72,15,7,14,0,11,11,5,45,23,5,56,30,63,0,0,4,3,15,152,1,15,58,1,0,0,9,0,43,35,1,67,52,42
233,3,0,12,0,0,0,1,0,0,27,111,43,14,16,28,2,6,2,0,0,45,150,1,29,8,0,7,6,3,2,22,0,176,4,0,44,1,0,0,0,15,4,2,128,25,34,11,25,5,0,0,22,0,14,129,0,13,44,27,9,48,0,94,13,1,78,2,2,2,0,0,2,1,29,5,0,134,31,47,0,0,0,0,9,40,0,8,192,0,0,0,1,0,8,22,0,127,25,66
13,96,4,119,1,2,11,2,1,0,23,58,76,29,26,24,5,4,2,2,1,59,63,2,68,23,1,11,18,3,24,77,10,48,24,0,59,2,1,4,0,29,22,12,36,50,42,33,13,12,0,0,28,0,19,58,0,40,74,30,15,30,10,42,37,0,82,15,7,11,0,7,6,1,48,16,5,54,40,72,0,0,1,2,24,158,1,25,37,1,0,0,12,0,36,19,1,62,62,57
240,5,0,4,0,0,0,0,0,0,18,143,42,11,12,22,0,1,0,0,0,36,169,1,30,2,0,6,5,0,2,12,0,203,2,0,29,1,0,0,0,7,3,0,140,35,26,19,17,2,0,0,9,0,5,156,0,11,46,22,6,34,3,90,12,0,95,2,3,4,0,4,1,0,22,6,1,133,26,56,0,0,0,0,3,31,0,4,211,0,0,0,3,0,6,11,0,139,30,60
6,88,3,135,0,1,11,5,0,0,31,44,86,29,20,25,6,6,2,0,0,60,47,4,71,31,0,14,20,2,33,75,5,32,16,0,84,1,1,2,1,20,21,8,40,51,44,33,19,12,0,2,26,0,10,51,0,52,79,29,9,39,7,58,32,1,80,8,5,10,0,6,7,1,57,10,1,61,50,56,0,0,0,1,16,183,0,16,32,1,0,0,7,0,32,26,0,69,56,59
241,6,0,2,0,0,0,0,0,0,15,145,47,8,15,18,1,0,0,0,0,30,179,0,24,10,0,4,2,0,0,8,0,205,0,0,36,0,0,0,0,10,2,1,149,33,35,7,12,0,0,0,15,0,4,164,0,10,34,22,4,23,0,98,15,0,103,2,1,3,0,0,0,1,23,3,0,152,24,46,0,0,0,0,0,26,0,5,218,0,0,0,0,0,2,13,0,127,36,71
7,95,1,138,0,0,6,2,0,0,27,63,88,25,20,20,3,2,1,0,0,61,46,2,87,28,1,12,11,1,38,81,6,37,14,0,71,0,0,2,0,21,19,5,46,61,43,28,17,9,0,0,26,0,14,54,0,52,69,34,9,45,8,62,33,1,69,7,1,14,0,4,2,0,61,14,1,51,41,75,0,0,0,0,8,201,0,15,25,0,0,0,3,0,35,27,0,86,43,55
246,1,0,2,0,0,0,0,0,0,10,160,38,8,12,21,0,0,0,0,0,26,192,0,20,4,0,3,3,1,0,8,0,216,0,0,25,0,0,0,0,6,0,0,156,28,34,7,17,1,0,0,9,0,3,174,0,8,36,19,0,33,0,88,10,0,116,2,0,0,0,0,0,0,14,2,0,157,22,54,0,0,0,0,1,20,0,3,225,0,0,0,0,0,5,8,0,153,29,54
3,97,1,140,0,0,7,1,0,0,25,49,95,30,16,28,2,2,1,1,0,60,42,1,93,40,0,6,7,0,31,69,3,29,11,0,106,0,0,0,0,20,19,8,41,62,52,31,12,4,0,0,20,0,2,45,0,61,80,41,7,33,2,70,38,0,80,5,3,11,0,3,3,0,58,7,1,57,41,79,0,0,0,1,9,213,0,8,18,0,0,0,1,0,28,19,0,62,62,77
249,0,0,0,0,0,0,0,0,0,10,186,26,10,11,6,0,0,0,0,0,28,198,0,14,5,0,4,0,0,0,5,1,223,0,0,20,0,0,0,0,5,3,0,181,21,27,9,3,0,0,0,12,0,7,181,0,7,22,20,0,23,0,104,8,0,110,0,2,2,0,0,0,0,19,1,0,160,24,45,0,0,0,0,2,24,0,1,222,0,0,0,0,0,0,9,0,148,38,54
0,111,0,137,0,0,1,0,0,0,26,38,109,24,20,30,1,1,0,0,0,73,35,2,88,33,0,5,11,2,25,89,3,23,8,0,100,0,0,1,0,17,9,7,42,76,58,30,6,4,0,0,17,0,3,43,0,47,101,38,3,50,0,56,31,0,84,11,2,12,0,0,1,0,49,7,1,54,36,101,0,0,0,0,7,212,0,7,23,0,0,0,3,0,24,24,0,59,61,78
249,0,0,0,0,0,0,0,0,0,9,198,28,3,5,5,0,1,0,0,0,31,198,0,17,1,0,1,1,0,1,1,0,226,0,0,21,0,0,0,0,3,0,0,175,26,32,10,3,0,0,0,3,0,0,198,0,2,34,12,0,22,0,100,8,0,119,0,0,0,0,0,1,0,9,1,0,163,19,56,0,0,0,0,0,11,0,0,238,0,0,0,0,0,2,2,0,159,20,66
0,102,0,146,0,0,1,0,0,0,17,36,122,40,19,15,0,0,0,0,0,70,35,1,104,29,0,4,5,1,30,87,3,20,9,0,100,0,0,0,0,16,8,3,49,60,61,31,19,2,0,0,11,0,9,36,0,44,117,32,4,36,1,89,23,0,87,4,2,3,0,0,0,0,51,12,0,55,51,80,0,0,0,0,5,231,0,3,10,0,0,0,0,0,21,21,0,62,60,85
13,3,1,6,2,1,2,2,0,0,7,4,4,5,1,4,3,2,0,0,1,4,7,2,4,8,0,4,0,0,5,0,2,14,3,0,3,0,2,1,1,7,7,3,6,3,1,2,0,0,0,3,5,1,2,8,1,3,6,1,3,2,0,5,5,1,8,0,4,2,2,0,4,0,6,3,1,9,2,3,1,1,2,0,2,10,0,4,8,2,0,0,2,1,4,6,1,7,4,5
6,8,1,8,0,3,3,1,0,0,2,12,4,1,4,1,1,4,0,1,0,11,6,2,2,1,2,2,4,0,5,6,2,3,5,1,5,0,0,3,1,4,3,3,9,1,2,4,2,1,3,1,3,1,3,9,2,1,2,5,2,3,5,5,3,1,3,5,2,1,1,1,1,2,8,4,4,5,1,3,3,3,2,1,3,8,0,2,4,4,2,0,2,1,2,2,3,5,8,5
118,12,6,58,3,9,7,4,0,0,52,48,29,37,13,30,3,5,0,0,1,26,79,9,41,32,2,23,4,0,46,0,12,110,15,0,31,0,1,2,6,43,47,21,59,13,12,15,1,0,0,16,30,3,11,101,2,11,34,9,8,12,1,49,47,2,55,10,12,21,2,0,18,1,47,27,10,84,7,21,5,0,7,0,11,84,1,17,89,3,1,0,4,2,18,30,20,43,43,56
46,47,14,56,9,11,18,11,3,2,34,57,41,18,21,16,12,17,1,0,6,58,46,10,32,29,8,17,11,0,46,21,16,40,29,2,35,2,18,8,7,35,24,20,68,13,13,30,5,2,9,13,38,10,20,41,2,23,38,23,18,19,11,31,32,7,46,32,12,9,2,1,20,2,56,27,17,46,20,26,11,14,9,0,13,66,2,42,36,24,2,1,14,4,16,37,13,46,57,27
151,8,0,62,0,9,5,3,0,0,59,69,31,23,15,26,7,8,0,0,0,25,97,7,42,44,0,16,6,1,34,1,8,144,9,0,33,0,1,8,0,38,51,32,79,5,11,21,1,0,0,7,29,3,9,127,0,12,43,8,1,13,0,52,62,0,63,9,11,27,0,0,9,0,56,38,9,99,6,21,3,0,1,0,5,100,0,13,114,2,0,0,2,0,17,31,16,38,60,74
47,40,11,81,16,17,20,5,0,1,35,56,53,25,21,25,9,14,0,0,0,56,50,5,37,45,4,29,12,0,62,13,28,43,39,3,36,2,2,10,4,44,43,22,65,6,20,32,2,0,5,15,40,5,12,54,6,21,57,23,8,9,2,39,47,8,60,31,14,20,2,0,15,4,53,37,20,69,9,29,10,6,5,0,15,92,1,30,59,20,1,1,14,5,21,41,20,55,52,28
177,6,1,54,3,4,2,2,0,0,59,73,25,24,15,36,4,13,0,0,0,26,114,3,49,39,0,15,3,0,25,1,8,166,6,0,39,0,1,3,0,36,51,24,103,4,6,24,1,0,0,4,26,1,8,158,2,6,39,5,1,4,0,47,66,0,83,16,5,27,0,0,9,0,51,37,3,125,7,17,1,0,0,0,1,118,0,8,120,1,0,0,3,0,17,31,10,41,77,70
45,42,6,111,10,16,14,5,0,0,42,67,56,24,21,20,3,16,0,0,0,61,56,3,42,44,2,25,15,1,67,10,17,46,39,1,59,1,2,7,0,45,38,24,68,7,13,53,1,0,2,36,48,6,19,35,3,25,59,16,3,8,2,51,31,3,71,47,16,17,0,0,7,1,67,51,14,59,14,36,6,6,3,0,14,97,0,23,84,16,0,0,4,1,17,46,17,65,52,47
176,4,0,65,0,3,1,0,0,0,73,86,25,29,9,20,3,4,0,0,0,27,101,1,69,32,0,17,2,0,31,0,4,173,9,0,28,0,1,3,0,25,52,26,116,3,9,18,0,0,0,5,13,0,11,170,0,9,36,5,1,1,0,58,59,0,95,10,8,17,0,0,4,0,55,35,2,135,0,18,0,0,0,0,0,107,0,13,129,0,0,0,1,0,9,28,12,42,81,76
52,46,6,115,2,12,9,7,0,0,45,74,45,30,17,17,10,11,0,0,0,66,68,5,47,33,2,17,11,0,77,5,15,50,44,0,55,0,1,2,0,56,38,19,66,7,15,46,1,1,1,12,66,5,8,36,2,17,74,28,3,7,0,76,29,0,61,38,13,22,0,0,10,1,77,42,10,65,6,38,1,5,0,0,11,110,0,28,87,7,0,0,3,1,17,33,14,82,44,55
184,4,0,60,0,0,0,1,0,0,62,104,26,17,8,23,2,7,0,0,0,21,113,1,55,43,0,14,2,0,26,0,2,184,8,0,28,0,1,0,0,32,44,23,123,6,4,17,0,0,0,3,16,0,3,184,0,4,36,3,0,3,0,60,60,0,91,8,5,22,0,0,3,0,58,21,1,153,2,11,0,0,0,0,0,99,0,5,145,0,0,0,1,0,2,24,11,45,80,86
53,33,4,137,1,11,8,2,0,0,42,59,52,33,28,21,6,8,0,0,0,46,70,4,64,39,2,18,5,1,69,4,16,38,46,0,65,2,2,7,0,35,63,26,65,3,9,48,0,0,1,12,63,4,14,33,2,17,70,33,1,6,0,50,51,1,71,42,9,18,0,0,8,0,84,56,6,57,2,36,1,0,2,0,4,125,0,30,73,14,0,0,4,0,13,36,17,78,49,52
194,3,1,50,0,1,0,0,0,0,70,90,27,19,8,28,3,4,0,0,0,19,122,1,67,37,0,3,0,0,13,0,1,210,3,0,22,0,0,0,0,19,47,22,148,0,1,12,0,0,0,1,9,1,5,196,0,5,26,6,0,1,0,60,67,0,94,8,4,15,0,0,2,0,63,15,1,154,4,10,0,0,0,0,1,112,0,2,134,0,0,0,0,0,2,29,4,47,78,89
48,31,1,158,0,4,5,2,0,0,30,90,55,25,11,23,5,10,0,0,0,53,63,1,54,52,0,23,3,0,87,2,11,27,42,0,73,0,3,4,0,47,54,28,61,2,10,46,0,1,0,14,63,1,7,28,1,13,103,19,2,3,0,53,46,1,76,30,10,28,0,0,3,0,96,55,3,63,3,26,1,0,0,0,2,123,0,19,99,5,0,0,2,0,8,37,15,74,62,51
210,2,0,37,0,0,0,0,0,0,67,114,18,18,9,21,0,2,0,0,0,20,119,0,56,41,0,13,0,0,11,0,1,214,4,0,19,0,0,0,0,25,44,29,136,1,2,12,0,0,0,0,7,0,1,207,0,3,29,2,0,0,0,52,66,0,109,4,7,11,0,0,0,0,44,18,0,175,0,12,0,0,0,0,0,102,0,4,143,0,0,0,0,0,5,18,1,40,82,103
34,25,1,180,1,3,3,2,0,0,50,69,64,24,18,15,4,5,0,0,0,48,80,0,61,46,2,9,3,0,84,3,16,29,48,0,66,0,1,2,0,41,51,28,62,5,13,49,0,0,0,8,52,1,7,29,0,31,94,27,0,6,0,73,48,0,69,28,9,16,0,0,3,0,98,55,5,56,3,29,0,0,1,0,0,141,0,15,92,0,0,0,1,0,9,32,16,83,60,48
212,0,0,37,0,0,0,0,0,0,66,121,22,19,3,17,0,1,0,0,0,14,143,0,59,28,0,3,2,0,16,0,1,218,2,0,12,0,0,0,0,19,47,12,154,0,2,15,0,0,0,0,5,0,0,214,0,3,26,1,0,0,0,44,72,0,116,4,3,10,0,0,0,0,60,13,0,171,1,4,0,0,0,0,0,94,0,1,154,0,0,0,0,0,0,15,1,42,82,109
34,27,1,179,0,5,3,0,0,0,57,76,51,29,11,14,4,7,0,0,0,63,67,0,54,51,0,10,4,0,82,1,11,26,35,0,94,0,0,0,0,41,51,38,55,6,6,52,0,0,0,1,54,0,16,24,1,19,112,22,0,4,0,61,51,1,74,38,5,15,0,0,0,0,105,42,4,60,1,37,0,0,0,0,2,150,0,12,84,1,0,0,0,0,9,36,3,76,70,55
217,0,0,32,0,0,0,0,0,0,45,114,31,26,5,25,1,2,0,0,0,10,157,0,50,29,0,3,0,0,4,0,0,231,1,0,13,0,0,0,0,9,38,10,177,0,0,15,0,0,0,1,6,0,0,217,0,1,23,1,0,0,0,61,51,0,121,5,3,8,0,0,0,0,50,10,0,183,0,6,0,0,0,0,0,95,0,2,152,0,0,0,0,0,4,13,1,30,94,107
31,13,0,196,0,7,2,0,0,0,58,72,50,24,15,17,4,9,0,0,0,52,62,1,74,45,0,10,5,0,84,0,8,14,39,0,103,0,0,1,0,37,55,27,55,5,2,68,0,0,0,5,58,0,9,26,0,19,112,20,1,2,0,72,52,0,76,30,2,14,0,0,3,0,100,52,2,50,2,40,0,0,0,0,1,152,0,7,88,1,0,0,0,0,6,46,2,83,62,50
16,1,1,6,1,0,2,0,3,0,5,9,3,4,2,0,2,3,0,2,2,4,7,2,4,3,0,8,0,0,2,3,7,6,2,0,6,1,2,1,1,6,6,3,4,1,1,5,2,1,2,5,4,1,2,7,3,3,2,1,1,3,6,6,5,1,5,3,0,0,0,2,1,4,6,8,0,7,0,2,0,2,2,0,3,5,0,7,9,2,0,1,0,0,4,4,5,2,5,9
7,9,2,4,3,1,2,1,1,0,4,4,8,6,1,2,2,1,1,1,0,3,4,2,4,6,1,5,2,3,7,6,3,9,1,0,1,3,0,0,2,5,3,4,8,0,6,1,1,0,0,4,8,3,2,2,2,4,2,3,3,4,3,4,4,1,4,6,0,1,0,2,2,2,3,3,4,8,5,1,2,3,5,1,1,6,2,3,3,4,1,2,0,1,0,5,4,9,4,4
162,2,1,25,2,1,13,0,11,0,23,62,48,43,10,2,7,8,2,12,7,15,81,16,22,21,0,51,0,4,6,19,64,75,4,0,31,9,7,2,6,50,28,10,56,16,8,28,14,1,6,19,39,3,10,73,20,24,9,14,1,13,27,61,46,3,37,28,0,1,0,15,5,22,47,45,3,71,3,6,0,10,15,0,12,34,0,43,98,5,0,1,0,0,6,35,34,22,44,75
26,44,6,84,18,5,12,2,20,0,39,38,49,34,14,11,11,11,2,8,10,23,24,13,42,37,2,44,4,18,20,32,33,43,15,0,44,23,5,2,10,27,37,28,50,2,23,27,11,2,12,28,36,2,11,39,18,38,22,11,14,16,38,20,35,8,44,37,0,5,0,8,12,12,41,30,15,57,25,17,3,14,20,0,29,48,3,37,32,31,3,1,1,3,14,30,28,59,37,41
206,1,1,21,3,0,1,0,5,0,26,70,59,52,6,1,6,7,0,11,4,13,107,10,13,22,0,66,0,3,4,12,81,99,2,0,30,4,4,2,2,36,29,14,75,12,17,42,10,1,7,14,46,2,4,91,18,30,13,13,2,20,25,66,44,1,43,36,0,1,0,9,4,9,36,64,5,103,1,7,0,3,13,0,12,28,0,63,116,3,0,1,0,0,5,32,35,39,42,84
20,43,5,115,9,6,14,0,26,0,36,52,54,44,16,6,12,13,1,4,6,23,39,18,42,39,2,50,3,16,24,37,28,57,9,0,45,19,12,7,8,35,25,22,55,11,25,38,16,3,12,19,41,7,10,37,17,56,20,19,10,15,32,48,48,6,45,34,0,0,0,12,9,18,54,33,11,49,27,25,0,13,25,0,20,80,2,33,36,29,0,1,0,0,5,41,34,53,49,55
226,0,1,18,2,0,1,0,1,0,14,83,62,60,13,0,2,7,1,7,1,10,114,9,12,17,0,82,0,4,0,5,90,122,2,0,20,9,1,0,0,56,30,7,85,12,10,37,11,1,3,12,34,0,2,118,11,37,20,12,0,7,18,71,58,0,53,42,0,0,0,6,1,7,42,57,3,121,5,7,0,4,14,0,7,34,0,50,136,4,0,0,0,0,3,28,31,36,48,103
15,40,2,119,19,3,10,0,41,0,34,47,58,47,19,9,14,8,4,9,1,22,36,17,40,41,1,57,1,33,17,33,57,61,5,0,48,17,6,5,1,30,30,34,54,27,25,34,12,2,4,22,55,2,10,50,20,46,23,17,4,20,41,38,35,2,65,41,0,3,0,11,5,11,62,49,7,58,27,19,0,10,26,0,10,78,0,52,42,31,0,1,0,0,9,44,23,65,52,55
233,0,0,12,0,0,4,0,0,0,9,94,74,51,5,0,7,3,1,5,0,7,132,2,12,20,0,75,0,1,0,5,82,118,3,0,37,3,0,1,0,56,25,8,106,4,12,30,8,0,0,10,42,0,0,144,5,33,6,9,0,3,19,69,54,0,67,37,0,0,0,3,1,6,36,51,1,145,2,4,0,1,8,0,4,33,0,54,149,0,0,0,0,0,2,26,30,30,41,120
12,40,1,146,11,3,14,0,22,0,20,59,67,52,18,5,9,12,0,7,0,19,37,18,59,35,0,60,1,20,16,36,56,59,9,0,48,18,6,1,0,38,30,30,58,17,20,44,10,2,5,17,54,1,6,41,15,44,39,27,1,12,26,52,40,0,69,49,0,0,0,10,7,7,83,55,8,46,14,19,0,1,24,0,20,91,0,46,38,29,0,0,0,0,4,47,29,67,52,50
242,0,0,6,0,0,0,0,1,0,10,93,65,67,5,0,2,4,1,2,0,6,139,2,13,11,0,78,0,0,0,4,93,122,0,0,30,0,0,0,1,42,18,9,114,7,13,42,3,0,0,7,41,1,2,144,9,29,4,12,1,5,19,76,49,0,56,43,0,0,0,0,0,3,33,57,3,149,0,4,0,0,5,0,3,27,0,59,154,1,0,0,0,0,0,15,30,30,44,130
5,42,0,162,6,3,9,0,22,0,28,69,74,41,12,0,9,9,0,7,0,19,37,15,48,45,1,70,0,14,14,27,58,66,4,0,58,14,7,1,2,40,36,23,56,14,25,37,16,0,0,15,61,1,6,58,15,52,22,19,2,14,25,52,53,0,59,44,0,0,0,4,1,4,79,49,10,61,22,19,0,4,21,0,13,90,0,50,38,33,0,0,0,0,3,45,24,63,55,59
246,0,0,3,0,0,0,0,0,0,3,92,74,65,5,0,0,6,0,4,0,2,134,1,17,7,0,88,0,0,0,3,87,135,0,0,23,1,0,0,0,49,22,7,108,6,14,38,5,0,0,2,40,0,3,153,4,38,3,6,0,2,14,77,50,0,69,37,0,0,0,0,0,3,39,49,3,152,1,2,0,0,3,0,5,25,0,49,167,0,0,0,0,0,0,18,29,25,39,138
3,26,0,194,5,1,6,0,14,0,25,78,71,45,9,1,5,9,0,6,0,15,50,9,56,35,0,70,0,14,7,28,57,68,2,0,73,11,3,0,0,42,35,19,56,8,32,49,8,0,0,17,62,0,2,51,14,52,32,19,0,15,26,55,52,0,56,45,0,0,0,3,1,4,74,57,4,71,15,20,0,1,15,0,11,106,0,58,36,22,0,0,0,0,1,32,30,73,61,52
247,0,0,2,0,0,0,0,0,0,9,90,81,68,0,0,0,1,0,0,0,1,133,2,12,12,0,89,0,0,0,0,76,147,1,0,24,1,0,0,0,42,13,4,124,2,14,45,5,0,0,2,45,0,0,162,2,28,2,8,0,0,7,86,64,0,57,35,0,0,0,0,0,0,33,51,0,163,1,1,0,0,1,0,5,18,0,41,183,1,0,0,0,0,0,11,16,26,47,149
1,26,0,192,7,0,11,0,12,0,17,81,64,59,8,0,10,7,0,3,0,14,53,10,58,45,0,58,0,11,7,17,79,60,1,0,72,10,3,0,0,48,32,18,54,6,20,65,6,0,0,15,64,0,2,53,19,49,32,15,1,5,26,51,39,0,76,51,0,0,0,2,2,2,83,65,3,59,16,17,0,0,10,0,7,111,0,70,29,22,0,0,0,0,0,39,37,62,55,56
247,0,0,2,0,0,0,0,0,0,2,92,81,67,2,0,2,2,0,1,0,2,131,0,14,3,0,99,0,0,1,1,83,144,0,0,18,2,0,0,0,53,12,2,125,0,7,47,3,0,0,1,37,0,0,165,4,34,3,5,0,0,7,71,62,0,69,40,0,0,0,0,0,0,24,39,0,182,0,4,0,0,0,0,0,16,0,57,176,0,0,0,0,0,0,9,20,25,27,168
2,22,0,204,6,0,5,0,10,0,19,72,64,70,9,0,2,8,0,5,0,2,60,4,50,34,0,86,0,13,4,25,74,76,0,0,64,6,0,0,0,45,35,22,65,5,19,52,6,0,0,16,83,0,0,50,12,47,24,17,0,3,19,60,62,0,58,47,0,0,0,0,0,2,82,88,1,51,10,15,0,0,10,0,9,128,0,58,31,13,0,0,0,0,0,33,39,70,64,43
249,0,0,0,0,0,0,0,0,0,1,98,80,66,1,0,3,0,0,0,0,1,134,1,4,6,0,103,0,0,0,0,75,165,0,0,9,0,0,0,0,51,11,3,143,1,6,33,1,0,0,1,24,0,0,197,0,25,0,2,0,0,4,86,61,0,58,40,0,0,0,0,0,0,21,54,0,174,0,0,0,0,1,0,1,32,0,47,167,1,0,0,0,0,0,8,17,16,37,171
0,25,0,207,5,0,4,0,8,0,11,86,65,66,8,1,5,4,1,2,0,8,61,6,44,40,0,80,0,10,7,18,92,58,0,0,70,4,0,0,0,54,28,18,60,3,19,60,7,0,0,10,70,0,0,37,6,78,30,18,0,3,15,60,61,0,67,43,0,0,0,0,0,0,102,65,2,53,11,16,0,0,5,0,5,110,0,81,41,7,0,0,0,0,0,36,27,72,68,46
17,1,0,3,2,1,2,2,2,0,1,12,5,7,1,1,2,0,1,0,2,6,7,1,3,4,3,3,1,0,6,1,4,13,2,1,3,0,0,0,3,3,4,8,3,3,0,1,4,1,2,2,5,2,6,4,1,3,4,1,2,4,2,4,4,0,5,5,1,3,0,3,1,4,6,2,1,8,3,2,0,2,4,1,2,8,2,2,8,1,1,1,0,2,1,4,4,4,6,7
4,5,1,8,5,0,3,2,1,1,4,3,5,4,5,1,4,2,1,1,0,6,5,5,5,2,0,2,3,2,7,8,2,8,2,0,2,0,0,1,0,4,3,3,9,3,2,2,4,0,0,4,3,0,4,5,3,4,3,4,0,4,3,6,5,1,4,3,1,3,1,2,5,1,4,5,6,4,2,0,1,3,1,0,5,6,1,5,4,4,2,1,1,4,2,2,1,7,4,6
151,2,0,17,12,4,10,7,14,0,8,104,50,33,8,3,6,1,3,1,12,37,65,5,26,28,16,15,10,3,27,4,29,144,1,2,9,0,0,1,23,20,23,50,44,14,3,12,23,5,1,20,36,10,36,38,11,23,38,4,19,17,4,36,45,0,33,29,15,19,0,13,9,10,40,27,4,79,24,11,0,14,7,1,15,56,25,18,72,9,6,1,1,7,4,20,16,41,54,67
32,35,1,76,19,8,17,12,16,1,29,42,40,44,27,9,18,1,6,1,10,34,38,19,37,25,12,21,12,9,46,41,36,38,18,4,32,0,0,2,10,40,27,28,46,25,11,7,15,8,4,14,27,9,42,43,19,26,18,15,5,24,11,33,37,1,58,21,4,23,0,18,22,12,38,25,21,49,15,17,0,6,18,3,37,59,3,21,48,22,8,4,5,16,17,31,18,36,39,43
186,1,0,20,8,1,7,5,10,0,4,136,58,28,7,1,4,0,0,0,12,42,57,4,43,38,13,13,13,3,19,5,18,187,1,0,8,0,0,0,10,18,34,54,66,9,4,11,30,2,1,20,46,3,36,53,11,22,42,4,20,21,0,47,49,0,51,25,11,14,0,4,9,8,53,26,4,107,16,11,0,18,1,0,24,70,16,9,94,6,1,0,1,6,3,17,8,55,67,80
27,27,0,93,23,7,25,5,31,0,30,43,55,50,26,11,19,2,2,0,13,43,41,11,28,42,24,15,9,12,45,64,58,29,10,4,28,0,0,0,25,41,22,36,44,18,9,10,21,12,1,18,37,9,38,56,9,32,25,13,9,20,11,33,51,2,65,16,14,17,0,17,12,7,51,28,27,56,21,19,0,6,12,0,32,64,22,27,47,28,3,1,2,9,13,39,10,50,64,47
228,0,0,7,3,1,3,2,5,0,4,136,64,38,4,0,2,0,1,0,2,41,76,4,40,50,11,17,7,1,19,1,17,203,2,0,7,0,0,0,10,15,23,68,81,17,0,8,24,3,0,16,54,4,21,59,9,33,50,3,21,10,1,46,49,0,62,31,18,11,0,6,3,2,48,25,3,145,8,9,0,8,3,0,17,71,11,17,114,8,0,0,0,1,4,14,7,38,61,124
12,31,0,126,20,3,19,11,27,0,25,64,67,50,22,6,12,0,3,0,12,38,49,18,51,30,17,10,18,6,59,50,64,28,7,1,40,0,0,0,19,40,24,37,66,10,16,13,17,7,0,20,31,11,50,50,14,31,30,12,18,23,5,31,42,1,76,19,17,17,0,12,7,15,58,37,22,50,20,28,0,10,6,3,22,90,8,20,63,27,0,0,2,7,11,31,10,65,79,44
226,0,0,10,2,0,4,2,5,0,2,141,63,28,9,1,5,0,0,0,2,43,85,4,31,55,12,9,6,2,11,0,14,220,1,0,3,0,0,0,8,18,30,52,91,9,1,4,31,5,0,7,50,0,35,59,1,39,55,3,9,5,0,55,53,0,74,32,6,15,0,4,1,5,41,16,4,153,16,9,0,3,2,0,8,70,3,13,142,8,0,0,0,1,8,7,5,50,71,107
14,29,0,131,23,3,27,8,14,0,17,64,62,60,29,4,11,0,2,0,7,44,37,14,49,27,26,20,20,5,62,53,75,23,13,0,23,0,0,0,11,28,27,57,56,17,9,14,22,8,0,18,36,4,41,53,12,41,35,9,16,22,3,30,43,0,72,23,16,24,0,16,12,6,68,21,20,50,33,23,0,6,6,0,16,95,10,22,63,31,1,0,0,5,6,33,14,55,71,64
238,0,0,6,0,0,2,1,2,0,0,152,64,33,0,0,0,0,0,0,0,45,88,2,32,50,8,10,13,1,6,0,6,237,0,0,0,0,0,0,2,16,21,71,109,5,1,3,16,5,0,8,50,0,40,70,4,25,49,3,10,8,0,53,56,0,79,22,6,15,0,1,3,2,39,15,3,174,10,2,0,2,2,0,6,73,3,12,148,3,0,0,0,1,1,10,6,43,71,117
7,22,0,148,16,0,17,8,31,0,15,52,77,69,22,1,13,0,0,0,3,46,46,3,60,39,17,19,11,5,67,54,83,9,7,0,29,0,0,0,7,23,35,44,62,24,9,7,34,4,0,14,22,1,44,64,8,44,41,11,14,12,0,31,63,0,66,24,14,25,0,9,9,7,75,27,19,47,34,22,0,5,4,0,24,104,5,24,56,27,0,0,0,3,6,24,8,70,71,67
243,0,0,4,0,0,1,0,1,0,0,151,65,30,3,0,0,0,0,0,1,43,94,0,37,43,14,9,8,0,2,1,8,238,0,0,0,0,0,0,5,14,19,66,101,4,0,8,29,3,0,6,43,0,39,74,2,28,57,0,8,3,0,53,49,0,85,29,1,21,0,2,1,1,23,9,3,196,14,0,0,1,2,0,5,52,4,11,169,5,0,0,0,1,1,6,2,51,68,120
3,15,0,167,11,2,13,12,26,0,12,63,87,56,20,1,10,0,0,0,2,45,51,4,68,34,19,14,10,2,76,43,90,10,6,0,24,0,0,0,4,24,27,45,78,21,5,12,25,8,0,15,31,1,46,63,9,35,42,7,11,12,0,32,61,0,81,26,11,15,0,11,8,5,96,27,14,29,39,20,0,0,2,0,16,121,8,23,50,29,0,0,0,1,3,21,2,72,88,62
246,0,0,1,0,0,1,1,0,0,0,167,59,20,3,0,0,0,0,0,0,41,91,1,55,40,13,6,2,0,0,0,1,247,0,0,1,0,0,0,3,13,15,59,118,9,1,3,26,2,0,3,37,0,32,80,3,36,57,1,3,2,0,59,46,0,97,25,2,15,0,0,1,1,26,13,1,200,7,0,0,0,1,0,8,48,4,7,176,5,0,0,0,0,0,6,1,52,65,125
2,15,0,178,12,1,16,4,21,0,6,43,101,73,17,2,7,0,0,0,0,46,55,4,60,32,21,19,11,1,70,48,92,2,4,0,33,0,0,0,3,36,39,53,61,13,1,8,31,4,0,7,28,0,47,60,7,50,44,6,11,9,0,54,50,0,78,19,9,19,0,4,3,3,99,33,12,35,33,27,0,2,4,0,13,132,8,21,48,21,0,0,0,2,2,15,4,66,96,64
249,0,0,0,0,0,0,0,0,0,0,159,69,20,1,0,0,0,0,0,0,42,119,0,38,36,8,6,0,0,2,0,2,245,0,0,0,0,0,0,1,10,9,68,121,4,1,5,28,2,0,7,39,0,43,73,2,14,69,2,0,3,0,60,41,0,106,20,0,19,0,0,0,0,21,10,2,206,9,1,0,0,2,0,2,55,4,4,181,1,0,0,0,0,1,2,0,43,71,132
0,11,0,196,8,0,10,1,23,0,7,62,100,58,16,0,6,0,0,0,0,49,48,10,63,40,20,13,5,1,73,54,90,4,2,0,26,0,0,0,5,28,32,48,63,14,2,12,42,3,0,8,35,0,43,72,5,49,32,5,6,6,0,46,61,0,80,20,5,25,0,6,5,3,109,29,9,31,34,23,0,1,1,0,10,126,8,28,48,27,0,0,0,1,1,19,3,81,79,65
249,0,0,0,0,0,0,0,0,0,0,189,44,15,1,0,0,0,0,0,0,37,130,0,37,32,7,6,0,0,0,0,3,246,0,0,0,0,0,0,0,7,10,66,138,4,0,0,24,0,0,2,52,0,29,85,0,27,54,0,0,0,0,63,43,0,110,20,0,13,0,0,0,0,21,11,0,209,8,0,0,0,0,0,3,61,0,6,178,1,0,0,0,0,0,1,0,37,67,144
0,10,0,203,9,0,7,3,17,0,7,43,127,63,8,0,1,0,0,0,0,52,43,3,77,40,17,8,8,1,56,59,99,3,1,0,31,0,0,0,5,25,30,63,68,11,6,14,23,4,0,6,25,0,62,62,10,32,51,1,1,6,0,47,75,0,80,24,1,15,0,3,6,2,115,29,11,30,34,19,0,0,1,0,9,142,0,19,55,23,0,0,0,0,0,9,4,67,98,71
