11,3,1,0,0,0,0,0,0,0,0,9,2,3,1,0,0,0,0,0,0,0,7,1,3,4,0,0,0,0,0,2,1,11,0,0,1,0,0,0,0,2,4,1,4,1,2,1,0,0,0,0,1,0,0,8,0,2,2,2,1,0,0,4,5,0,4,1,0,0,0,0,1,0,1,1,0,5,0,7,0,0,0,0,0,2,0,0,12,1,0,0,1,0,0,1,1,3,1,8
4,5,0,6,0,0,0,0,0,0,1,1,6,2,4,0,1,0,0,0,0,2,3,0,4,1,3,1,0,1,1,7,1,3,1,0,2,0,0,0,1,1,3,2,2,0,3,3,0,0,0,0,1,0,2,4,0,0,6,2,0,1,2,3,4,0,5,0,0,0,0,0,1,0,4,3,0,4,0,3,0,0,0,0,0,10,0,1,2,2,0,0,0,0,1,3,1,7,2,1
78,23,0,4,0,0,0,0,0,0,0,81,15,9,0,0,0,0,0,0,0,0,61,1,21,22,0,0,0,0,0,4,10,91,0,0,0,0,0,0,0,26,13,5,31,2,19,9,0,0,0,0,8,0,0,66,0,2,23,6,1,6,0,30,35,0,33,0,0,0,0,0,0,0,4,6,0,34,0,61,0,0,0,0,0,7,0,0,98,0,0,0,0,0,0,13,0,6,16,70
16,54,3,32,0,0,0,0,0,0,0,17,49,30,9,0,0,0,0,0,0,14,30,5,30,15,9,1,0,1,0,66,4,11,0,0,24,0,0,0,0,4,17,15,29,9,15,16,0,0,0,0,7,0,1,34,0,13,27,23,11,16,12,15,27,0,24,0,0,0,0,0,2,0,20,20,2,47,0,14,0,0,0,0,0,88,0,0,5,12,0,0,4,0,0,16,1,62,7,15
179,46,0,2,0,0,0,0,0,0,0,198,21,7,1,0,0,0,0,0,0,0,145,0,32,50,0,0,0,0,0,3,4,220,0,0,0,0,0,0,0,49,19,7,93,4,44,11,0,0,0,0,3,0,0,168,0,3,48,5,0,6,0,52,81,0,88,0,0,0,0,0,0,0,4,6,0,70,0,147,0,0,0,0,0,7,0,0,220,0,0,0,0,0,0,20,0,11,31,165
34,151,1,41,0,0,0,0,0,0,0,19,124,68,16,0,0,0,0,0,0,31,61,2,97,29,7,0,0,0,0,157,29,6,0,0,35,0,0,0,0,29,32,34,52,5,43,32,0,0,0,0,20,0,0,53,0,25,77,52,0,23,9,75,62,0,58,0,0,0,0,0,0,0,22,40,0,131,0,34,0,0,0,0,0,211,0,0,7,9,0,0,1,0,0,34,0,130,22,40
190,35,0,2,0,0,0,0,0,0,0,209,11,7,0,0,0,0,0,0,0,0,154,0,22,51,0,0,0,0,0,0,0,227,0,0,0,0,0,0,0,38,17,1,110,0,58,3,0,0,0,0,0,0,0,184,0,1,41,1,0,7,0,52,83,0,85,0,0,0,0,0,0,0,1,5,0,63,0,158,0,0,0,0,0,1,0,0,226,0,0,0,0,0,0,13,0,5,31,178
29,151,0,47,0,0,0,0,0,0,0,17,137,67,6,0,0,0,0,0,0,17,60,0,104,38,8,0,0,0,0,190,11,0,0,0,26,0,0,0,0,19,42,25,57,2,51,31,0,0,0,0,17,0,0,42,0,20,101,47,0,10,9,75,66,0,67,0,0,0,0,0,0,0,18,29,0,144,0,36,0,0,0,0,0,225,0,0,1,1,0,0,0,0,0,42,0,118,35,32
203,27,0,1,0,0,0,0,0,0,0,225,6,0,0,0,0,0,0,0,0,0,169,0,20,42,0,0,0,0,0,0,0,231,0,0,0,0,0,0,0,38,13,3,123,0,51,3,0,0,0,0,0,0,0,194,0,0,37,0,0,1,0,54,91,0,85,0,0,0,0,0,0,0,0,4,0,60,0,167,0,0,0,0,0,0,0,0,231,0,0,0,0,0,0,4,0,3,22,202
27,177,0,27,0,0,0,0,0,0,0,6,156,62,7,0,0,0,0,0,0,17,53,0,115,46,0,0,0,0,0,205,6,0,0,0,20,0,0,0,0,19,30,23,53,0,72,34,0,0,0,0,16,0,0,37,0,11,121,46,0,5,4,84,57,0,81,0,0,0,0,0,0,0,16,17,0,157,0,41,0,0,0,0,0,229,0,0,0,2,0,0,0,0,0,44,0,125,46,16
224,14,0,0,0,0,0,0,0,0,0,236,2,0,0,0,0,0,0,0,0,0,199,0,10,29,0,0,0,0,0,0,0,238,0,0,0,0,0,0,0,28,3,4,149,0,52,2,0,0,0,0,0,0,0,215,0,0,23,0,0,0,0,44,103,0,91,0,0,0,0,0,0,0,0,1,0,47,0,190,0,0,0,0,0,0,0,0,238,0,0,0,0,0,0,2,0,2,5,229
14,211,0,13,0,0,0,0,0,0,0,2,175,61,0,0,0,0,0,0,0,5,34,0,134,63,2,0,0,0,0,214,1,0,0,0,23,0,0,0,0,13,40,14,57,1,90,23,0,0,0,0,5,0,0,23,0,9,156,45,0,2,3,81,67,0,85,0,0,0,0,0,0,0,7,4,0,189,0,38,0,0,0,0,0,238,0,0,0,0,0,0,0,0,0,20,0,146,66,6
241,6,0,0,0,0,0,0,0,0,0,247,0,0,0,0,0,0,0,0,0,0,217,0,8,22,0,0,0,0,0,0,0,247,0,0,0,0,0,0,0,24,3,0,165,0,55,0,0,0,0,0,0,0,0,230,0,0,17,0,0,0,0,50,99,0,98,0,0,0,0,0,0,0,0,0,0,50,0,197,0,0,0,0,0,0,0,0,247,0,0,0,0,0,0,1,0,1,4,241
6,232,0,9,0,0,0,0,0,0,0,0,194,51,2,0,0,0,0,0,0,3,27,0,138,78,1,0,0,0,0,235,0,0,0,0,12,0,0,0,0,29,37,10,56,0,96,19,0,0,0,0,0,0,0,17,0,4,168,58,0,0,0,105,57,0,85,0,0,0,0,0,0,0,5,10,0,192,0,40,0,0,0,0,0,247,0,0,0,0,0,0,0,0,0,36,0,167,39,5
239,8,0,0,0,0,0,0,0,0,0,247,0,0,0,0,0,0,0,0,0,0,223,0,6,18,0,0,0,0,0,0,0,247,0,0,0,0,0,0,0,23,2,0,174,0,48,0,0,0,0,0,0,0,0,244,0,0,3,0,0,0,0,33,102,0,112,0,0,0,0,0,0,0,0,0,0,43,0,204,0,0,0,0,0,0,0,0,247,0,0,0,0,0,0,0,0,0,1,246
8,235,0,4,0,0,0,0,0,0,0,0,197,50,0,0,0,0,0,0,0,2,18,0,141,86,0,0,0,0,0,239,0,0,0,0,8,0,0,0,0,23,28,7,50,0,123,16,0,0,0,0,0,0,0,3,0,8,209,27,0,0,0,95,70,0,82,0,0,0,0,0,0,0,0,4,0,203,0,40,0,0,0,0,0,247,0,0,0,0,0,0,0,0,0,24,0,184,39,0
237,1,0,0,0,0,0,0,0,0,0,238,0,0,0,0,0,0,0,0,0,0,222,0,0,16,0,0,0,0,0,0,0,238,0,0,0,0,0,0,0,8,1,0,194,0,35,0,0,0,0,0,0,0,0,238,0,0,0,0,0,0,0,44,82,0,112,0,0,0,0,0,0,0,0,0,0,46,0,192,0,0,0,0,0,0,0,0,238,0,0,0,0,0,0,0,0,0,0,238
1,235,0,2,0,0,0,0,0,0,0,0,190,48,0,0,0,0,0,0,0,0,14,0,119,105,0,0,0,0,0,236,0,0,0,0,2,0,0,0,0,23,28,2,41,0,128,16,0,0,0,0,0,0,0,0,0,1,212,25,0,0,0,79,77,0,82,0,0,0,0,0,0,0,0,2,0,191,0,45,0,0,0,0,0,238,0,0,0,0,0,0,0,0,0,22,0,190,26,0
231,0,0,0,0,0,0,0,0,0,0,231,0,0,0,0,0,0,0,0,0,0,231,0,0,0,0,0,0,0,0,0,0,231,0,0,0,0,0,0,0,3,0,0,194,0,34,0,0,0,0,0,0,0,0,231,0,0,0,0,0,0,0,31,95,0,105,0,0,0,0,0,0,0,0,0,0,16,0,215,0,0,0,0,0,0,0,0,231,0,0,0,0,0,0,0,0,0,0,231
0,231,0,0,0,0,0,0,0,0,0,0,198,33,0,0,0,0,0,0,0,0,0,0,142,89,0,0,0,0,0,231,0,0,0,0,0,0,0,0,0,36,21,0,30,0,135,9,0,0,0,0,0,0,0,0,0,0,207,24,0,0,0,77,68,0,86,0,0,0,0,0,0,0,1,0,0,215,0,15,0,0,0,0,0,231,0,0,0,0,0,0,0,0,0,11,0,204,16,0
13,1,0,1,0,0,0,0,0,0,2,6,3,2,0,0,2,0,0,0,0,1,9,0,4,0,0,1,0,0,3,1,1,6,1,0,2,1,0,0,0,2,0,0,7,0,3,3,0,0,0,0,3,0,0,4,1,2,3,2,1,0,1,0,3,0,9,1,0,0,0,0,2,0,1,0,0,8,0,4,0,0,0,0,0,1,0,0,14,0,0,0,0,0,0,1,0,9,1,4
1,9,0,4,0,0,1,0,0,0,2,2,2,5,4,0,0,0,0,0,0,1,3,1,7,0,2,0,0,1,1,2,1,4,4,0,3,0,0,0,0,0,3,3,4,1,2,2,0,0,0,0,1,0,3,6,0,0,4,1,2,0,1,2,6,0,3,1,0,0,0,0,1,0,4,2,1,3,0,4,0,0,0,0,0,14,0,0,1,0,0,0,0,0,0,3,0,4,1,7
104,1,0,0,0,0,0,0,0,0,12,68,14,7,0,0,4,0,0,0,0,7,75,0,12,0,1,10,0,0,21,18,4,40,6,0,16,0,0,0,0,14,1,1,49,0,13,27,0,0,0,0,12,0,1,41,0,13,32,6,0,0,5,3,15,0,81,1,0,0,0,0,3,0,2,0,0,78,0,22,0,0,0,0,0,10,0,0,95,0,0,0,0,0,0,4,0,65,1,35
1,68,0,35,0,0,1,0,0,0,16,21,15,37,6,0,10,0,0,0,0,16,21,3,58,0,3,4,0,0,6,23,9,27,14,0,22,4,0,0,0,6,20,6,33,1,27,12,0,0,0,0,12,0,3,42,4,8,23,13,8,0,8,6,57,0,14,12,0,0,0,0,8,0,17,11,3,21,0,45,0,0,0,0,0,95,0,0,10,0,0,0,0,0,1,13,0,33,11,47
227,0,0,0,0,0,0,0,0,0,20,178,15,12,0,0,2,0,0,0,0,4,201,0,19,0,1,2,0,0,43,27,5,108,17,0,27,0,0,0,0,19,0,0,135,0,22,51,0,0,0,0,16,0,0,104,0,21,76,10,0,0,5,0,23,0,198,1,0,0,0,0,6,0,2,0,0,189,0,30,0,0,0,0,0,5,0,0,222,0,0,0,0,0,0,4,0,142,1,80
0,157,0,70,0,0,0,0,0,0,49,33,56,63,8,0,18,0,0,0,0,27,18,0,159,0,2,21,0,0,18,62,18,44,23,0,62,0,0,0,0,20,40,12,56,0,62,37,0,0,0,0,21,0,2,88,0,34,58,24,14,0,15,17,147,0,20,14,0,0,0,0,7,0,29,23,1,34,0,133,0,0,0,0,0,222,0,0,5,0,0,0,0,0,0,31,0,78,5,113
227,0,0,0,0,0,0,0,0,0,12,192,14,6,0,0,3,0,0,0,0,1,216,0,10,0,0,0,0,0,34,23,3,128,10,0,29,0,0,0,0,13,0,0,151,0,21,42,0,0,0,0,13,0,0,115,0,20,75,4,0,0,1,0,17,0,209,0,0,0,0,0,1,0,0,0,0,203,0,23,0,0,0,0,0,0,0,0,227,0,0,0,0,0,0,0,0,170,0,57
0,175,0,52,0,0,0,0,0,0,62,26,42,81,2,0,14,0,0,0,0,27,9,0,189,0,2,0,0,0,28,70,2,47,19,0,61,0,0,0,0,7,41,8,50,0,69,52,0,0,0,0,21,0,2,89,0,20,72,23,3,0,5,14,177,0,16,12,0,0,0,0,9,0,19,6,0,22,0,171,0,0,0,0,0,227,0,0,0,0,0,0,0,0,0,18,0,56,1,152
231,0,0,0,0,0,0,0,0,0,7,215,8,1,0,0,0,0,0,0,0,0,224,0,7,0,0,0,0,0,28,24,0,144,4,0,31,0,0,0,0,11,0,0,165,0,15,40,0,0,0,0,8,0,0,147,0,7,68,1,0,0,0,0,10,0,221,0,0,0,0,0,0,0,0,0,0,218,0,13,0,0,0,0,0,0,0,0,231,0,0,0,0,0,0,0,0,184,0,47
0,186,0,45,0,0,0,0,0,0,72,14,55,85,0,0,5,0,0,0,0,27,7,0,197,0,0,0,0,0,29,71,0,48,22,0,61,0,0,0,0,10,27,0,47,0,86,61,0,0,0,0,17,0,0,77,0,34,89,14,0,0,0,8,208,0,10,5,0,0,0,0,4,0,14,9,0,12,0,192,0,0,0,0,0,231,0,0,0,0,0,0,0,0,0,8,0,46,1,176
238,0,0,0,0,0,0,0,0,0,2,229,7,0,0,0,0,0,0,0,0,0,236,0,2,0,0,0,0,0,25,18,0,162,6,0,27,0,0,0,0,0,0,0,194,0,13,31,0,0,0,0,4,0,0,146,0,2,86,0,0,0,0,0,4,0,234,0,0,0,0,0,0,0,0,0,0,227,0,11,0,0,0,0,0,0,0,0,238,0,0,0,0,0,0,0,0,196,0,42
0,202,0,36,0,0,0,0,0,0,84,5,51,86,0,0,12,0,0,0,0,10,2,0,226,0,0,0,0,0,20,77,0,49,14,0,78,0,0,0,0,9,34,0,35,0,95,65,0,0,0,0,27,0,0,90,0,13,100,8,0,0,0,11,223,0,4,0,0,0,0,0,4,0,19,3,0,11,0,201,0,0,0,0,0,238,0,0,0,0,0,0,0,0,0,0,0,42,0,196
247,0,0,0,0,0,0,0,0,0,1,246,0,0,0,0,0,0,0,0,0,0,247,0,0,0,0,0,0,0,23,15,0,183,4,0,22,0,0,0,0,0,0,0,205,0,12,30,0,0,0,0,1,0,0,191,0,1,54,0,0,0,0,0,8,0,239,0,0,0,0,0,0,0,0,0,0,246,0,1,0,0,0,0,0,0,0,0,247,0,0,0,0,0,0,0,0,212,0,35
0,222,0,25,0,0,0,0,0,0,81,1,72,86,0,0,7,0,0,0,0,9,0,0,238,0,0,0,0,0,35,86,0,37,13,0,76,0,0,0,0,5,26,0,35,0,100,81,0,0,0,0,24,0,0,55,0,31,133,4,0,0,0,1,236,0,8,2,0,0,0,0,0,0,12,4,0,1,0,230,0,0,0,0,0,247,0,0,0,0,0,0,0,0,0,2,0,35,0,210
247,0,0,0,0,0,0,0,0,0,0,247,0,0,0,0,0,0,0,0,0,0,247,0,0,0,0,0,0,0,8,12,0,209,1,0,17,0,0,0,0,0,0,0,225,0,4,18,0,0,0,0,0,0,0,185,0,0,62,0,0,0,0,0,0,0,247,0,0,0,0,0,0,0,0,0,0,246,0,1,0,0,0,0,0,0,0,0,247,0,0,0,0,0,0,0,0,222,0,25
0,225,0,22,0,0,0,0,0,0,86,0,54,106,0,0,1,0,0,0,0,0,0,0,247,0,0,0,0,0,40,97,0,29,6,0,75,0,0,0,0,0,25,0,22,0,117,83,0,0,0,0,8,0,0,61,0,15,158,5,0,0,0,0,247,0,0,0,0,0,0,0,0,0,5,1,0,1,0,240,0,0,0,0,0,247,0,0,0,0,0,0,0,0,0,1,0,25,0,221
238,0,0,0,0,0,0,0,0,0,0,238,0,0,0,0,0,0,0,0,0,0,238,0,0,0,0,0,0,0,2,6,0,224,0,0,6,0,0,0,0,0,0,0,225,0,2,11,0,0,0,0,0,0,0,189,0,0,49,0,0,0,0,0,0,0,238,0,0,0,0,0,0,0,0,0,0,237,0,1,0,0,0,0,0,0,0,0,238,0,0,0,0,0,0,0,0,220,0,18
0,229,0,9,0,0,0,0,0,0,87,0,52,99,0,0,0,0,0,0,0,0,0,0,238,0,0,0,0,0,44,106,0,12,1,0,75,0,0,0,0,0,13,0,13,0,111,101,0,0,0,0,13,0,0,49,0,20,155,1,0,0,0,0,238,0,0,0,0,0,0,0,0,0,3,4,0,1,0,230,0,0,0,0,0,238,0,0,0,0,0,0,0,0,0,0,0,18,0,220
231,0,0,0,0,0,0,0,0,0,0,231,0,0,0,0,0,0,0,0,0,0,231,0,0,0,0,0,0,0,0,1,0,224,0,0,6,0,0,0,0,0,0,0,230,0,0,1,0,0,0,0,0,0,0,174,0,0,57,0,0,0,0,0,0,0,231,0,0,0,0,0,0,0,0,0,0,231,0,0,0,0,0,0,0,0,0,0,231,0,0,0,0,0,0,0,0,223,0,8
0,220,0,11,0,0,0,0,0,0,79,0,49,103,0,0,0,0,0,0,0,0,0,0,231,0,0,0,0,0,27,113,0,6,1,0,84,0,0,0,0,0,9,0,1,0,119,102,0,0,0,0,2,0,0,57,0,8,164,0,0,0,0,0,231,0,0,0,0,0,0,0,0,0,0,0,0,0,0,231,0,0,0,0,0,231,0,0,0,0,0,0,0,0,0,0,0,8,0,223
12,1,0,2,0,0,0,0,0,0,2,6,0,7,0,0,0,0,0,0,0,2,7,1,2,3,0,0,0,0,2,1,0,7,1,0,4,0,0,0,0,2,2,2,5,0,3,1,0,0,0,0,2,0,1,8,0,1,3,0,1,1,1,6,3,0,2,1,0,0,0,0,1,0,2,1,1,5,0,5,0,0,0,0,0,4,0,0,10,1,0,0,1,0,0,2,0,6,0,6
2,5,0,5,0,0,3,0,0,0,2,5,1,3,3,0,1,0,0,0,0,2,5,0,8,0,0,0,0,0,2,4,1,4,1,0,3,0,0,0,0,1,5,3,2,0,3,1,0,0,0,0,0,0,1,6,0,4,2,2,1,2,0,2,4,1,5,0,0,0,0,0,1,0,1,2,2,7,0,2,0,0,0,0,0,8,0,0,5,2,0,0,1,0,1,3,1,3,3,3
93,5,0,7,0,0,0,0,0,0,12,61,0,32,0,0,0,0,0,0,0,21,52,14,9,9,0,0,0,0,22,13,0,48,0,0,22,0,0,0,0,3,5,17,40,0,38,2,0,0,0,0,6,0,4,71,0,0,24,0,0,16,3,51,14,0,20,1,0,0,0,0,1,0,10,5,9,47,0,33,0,0,0,0,0,12,0,0,92,1,0,0,0,0,0,6,0,48,0,51
11,31,0,51,0,0,12,0,0,0,22,30,1,47,3,0,2,0,0,0,0,19,32,6,36,12,0,0,0,0,16,5,0,37,9,0,38,0,0,0,0,18,18,22,22,0,17,8,0,0,0,0,13,0,11,23,0,21,26,11,1,12,7,18,24,3,35,5,0,0,0,0,6,0,20,16,5,32,0,26,0,0,0,0,0,77,0,0,12,16,0,0,2,0,1,28,0,37,2,35
221,2,0,4,0,0,0,0,0,0,14,145,0,68,0,0,0,0,0,0,0,42,132,18,17,18,0,0,0,0,31,21,0,129,0,0,46,0,0,0,0,8,4,33,93,0,86,3,0,0,0,0,6,0,4,189,0,0,28,0,0,38,0,124,34,0,31,0,0,0,0,0,0,0,20,5,14,121,0,67,0,0,0,0,0,18,0,0,209,0,0,0,0,0,0,8,0,97,0,122
5,71,0,140,0,0,11,0,0,0,57,66,0,99,3,0,2,0,0,0,0,45,63,18,85,16,0,0,0,0,58,18,0,65,2,0,84,0,0,0,0,13,41,54,59,0,53,7,0,0,0,0,25,0,25,33,0,26,99,19,0,18,5,50,44,0,107,3,0,0,0,0,6,0,25,25,17,72,0,82,0,0,0,0,0,181,0,0,18,28,0,0,0,0,1,47,0,95,1,83
227,0,0,0,0,0,0,0,0,0,10,171,0,46,0,0,0,0,0,0,0,40,159,14,7,7,0,0,0,0,19,4,0,156,0,0,48,0,0,0,0,3,1,32,97,0,94,0,0,0,0,0,0,0,2,201,0,0,24,0,0,38,0,121,38,0,30,0,0,0,0,0,0,0,10,0,7,141,0,69,0,0,0,0,0,5,0,0,222,0,0,0,0,0,0,3,0,100,0,124
0,71,0,152,0,0,4,0,0,0,50,44,0,133,0,0,0,0,0,0,0,49,47,14,97,20,0,0,0,0,48,42,0,51,0,0,86,0,0,0,0,13,36,61,64,0,50,3,0,0,0,0,31,0,24,22,0,21,113,16,0,27,3,58,40,0,98,1,0,0,0,0,0,0,41,10,24,70,0,82,0,0,0,0,0,204,0,0,5,18,0,0,0,0,0,33,0,107,0,87
231,0,0,0,0,0,0,0,0,0,7,181,0,43,0,0,0,0,0,0,0,33,180,8,7,3,0,0,0,0,24,0,0,166,0,0,41,0,0,0,0,0,0,30,103,0,98,0,0,0,0,0,1,0,0,214,0,0,16,0,0,21,0,166,19,0,25,0,0,0,0,0,0,0,9,0,0,163,0,59,0,0,0,0,0,1,0,0,230,0,0,0,0,0,0,1,0,100,0,130
0,86,0,145,0,0,0,0,0,0,34,47,0,150,0,0,0,0,0,0,0,64,35,13,102,17,0,0,0,0,56,26,0,51,0,0,98,0,0,0,0,10,32,62,67,0,59,1,0,0,0,0,19,0,29,16,0,15,140,12,0,47,0,39,47,0,98,0,0,0,0,0,1,0,39,7,17,59,0,108,0,0,0,0,0,222,0,0,1,8,0,0,0,0,0,22,0,114,0,95
238,0,0,0,0,0,0,0,0,0,0,201,0,37,0,0,0,0,0,0,0,24,208,0,4,2,0,0,0,0,6,0,0,202,0,0,30,0,0,0,0,0,0,21,115,0,102,0,0,0,0,0,0,0,0,234,0,0,4,0,0,24,0,175,20,0,19,0,0,0,0,0,0,0,5,0,0,168,0,65,0,0,0,0,0,2,0,0,236,0,0,0,0,0,0,0,0,92,0,146
0,64,0,171,0,0,3,0,0,0,33,35,0,170,0,0,0,0,0,0,0,77,23,8,122,8,0,0,0,0,51,24,0,34,0,0,129,0,0,0,0,6,25,56,72,0,79,0,0,0,0,0,21,0,22,4,0,17,167,7,0,51,0,33,43,0,111,0,0,0,0,0,0,0,23,6,13,68,0,128,0,0,0,0,0,232,0,0,2,4,0,0,0,0,0,8,0,140,0,90
247,0,0,0,0,0,0,0,0,0,0,217,0,30,0,0,0,0,0,0,0,18,227,0,2,0,0,0,0,0,6,0,0,218,0,0,23,0,0,0,0,0,0,27,133,0,87,0,0,0,0,0,0,0,0,238,0,0,9,0,0,3,0,211,16,0,17,0,0,0,0,0,0,0,3,0,0,188,0,56,0,0,0,0,0,0,0,0,247,0,0,0,0,0,0,0,0,102,0,145
0,78,0,169,0,0,0,0,0,0,29,29,0,189,0,0,0,0,0,0,0,70,15,25,126,11,0,0,0,0,55,12,0,25,0,0,155,0,0,0,0,5,17,62,65,0,98,0,0,0,0,0,12,0,12,9,0,12,194,8,0,56,0,22,38,0,131,0,0,0,0,0,0,0,27,4,3,59,0,154,0,0,0,0,0,246,0,0,0,1,0,0,0,0,0,9,0,138,0,100
247,0,0,0,0,0,0,0,0,0,0,224,0,23,0,0,0,0,0,0,0,10,235,0,2,0,0,0,0,0,6,0,0,224,0,0,17,0,0,0,0,0,0,7,116,0,124,0,0,0,0,0,0,0,0,246,0,0,1,0,0,1,0,209,18,0,19,0,0,0,0,0,0,0,1,0,0,200,0,46,0,0,0,0,0,0,0,0,247,0,0,0,0,0,0,0,0,87,0,160
0,57,0,190,0,0,0,0,0,0,12,23,0,212,0,0,0,0,0,0,0,88,12,1,141,5,0,0,0,0,64,6,0,22,0,0,155,0,0,0,0,1,17,66,80,0,83,0,0,0,0,0,13,0,7,1,0,14,208,4,0,64,0,19,34,0,130,0,0,0,0,0,0,0,25,2,2,47,0,171,0,0,0,0,0,247,0,0,0,0,0,0,0,0,0,1,0,159,0,87
238,0,0,0,0,0,0,0,0,0,0,224,0,14,0,0,0,0,0,0,0,6,231,0,1,0,0,0,0,0,4,0,0,219,0,0,15,0,0,0,0,0,0,11,102,0,125,0,0,0,0,0,0,0,0,238,0,0,0,0,0,0,0,224,4,0,10,0,0,0,0,0,0,0,0,0,0,193,0,45,0,0,0,0,0,0,0,0,238,0,0,0,0,0,0,0,0,94,0,144
0,51,0,187,0,0,0,0,0,0,1,14,0,223,0,0,0,0,0,0,0,95,7,0,134,2,0,0,0,0,71,2,0,18,0,0,147,0,0,0,0,0,2,65,82,0,89,0,0,0,0,0,8,0,0,0,0,7,206,17,0,42,0,9,49,0,138,0,0,0,0,0,0,0,21,0,0,45,0,172,0,0,0,0,0,238,0,0,0,0,0,0,0,0,0,0,0,144,0,94
231,0,0,0,0,0,0,0,0,0,0,227,0,4,0,0,0,0,0,0,0,2,229,0,0,0,0,0,0,0,0,0,0,225,0,0,6,0,0,0,0,0,0,1,114,0,116,0,0,0,0,0,0,0,0,231,0,0,0,0,0,0,0,219,3,0,9,0,0,0,0,0,0,0,0,0,0,203,0,28,0,0,0,0,0,0,0,0,231,0,0,0,0,0,0,0,0,81,0,150
0,56,0,175,0,0,0,0,0,0,1,4,0,226,0,0,0,0,0,0,0,94,2,0,135,0,0,0,0,0,59,0,0,6,0,0,166,0,0,0,0,0,10,57,84,0,80,0,0,0,0,0,6,0,0,0,0,1,221,3,0,33,0,8,47,0,143,0,0,0,0,0,0,0,16,0,0,28,0,187,0,0,0,0,0,231,0,0,0,0,0,0,0,0,0,0,0,150,0,81
12,3,0,0,0,0,0,0,0,0,2,6,2,4,1,0,0,0,0,0,1,2,5,2,2,3,0,0,0,0,1,3,2,6,2,0,1,0,0,0,0,2,3,2,4,2,2,0,0,0,0,0,1,0,0,5,1,1,4,3,2,1,2,4,2,0,3,1,0,0,0,0,0,0,2,2,1,9,0,1,0,0,0,0,0,0,0,1,14,0,0,0,0,0,0,4,1,4,1,5
2,6,0,4,0,0,3,0,0,0,3,2,3,4,1,0,2,0,0,0,0,3,2,2,2,1,3,0,1,1,2,4,0,5,1,0,3,0,0,0,0,0,3,4,1,1,4,2,0,0,0,0,1,0,1,7,1,2,0,3,0,1,0,3,2,1,5,3,0,0,0,0,0,0,4,1,0,4,1,5,0,0,0,0,0,14,0,0,0,1,0,0,1,0,0,2,0,5,2,5
96,9,0,0,0,0,0,0,0,0,15,70,4,13,1,0,2,0,0,0,4,14,57,11,6,12,1,0,0,0,14,19,5,58,6,0,3,0,0,0,0,28,9,5,44,3,16,0,0,0,0,0,14,0,0,55,1,3,23,9,14,0,19,18,9,0,37,8,0,0,0,0,0,0,3,10,0,78,0,14,0,0,0,0,0,1,0,1,103,0,0,0,0,0,0,14,1,24,11,55
9,68,0,22,0,0,6,0,0,0,20,16,21,23,10,0,15,0,0,0,10,22,18,17,17,14,5,0,0,2,8,25,14,21,16,0,21,0,0,0,0,8,21,18,20,6,28,4,0,0,0,0,2,0,0,36,8,9,23,27,8,8,8,27,17,0,27,10,0,0,0,0,0,0,13,17,6,24,0,45,0,0,0,0,0,98,0,6,1,0,0,0,1,0,0,31,4,37,5,27
211,16,0,0,0,0,0,0,0,0,28,181,1,16,0,0,1,0,0,0,2,19,163,21,3,19,0,0,0,0,24,34,8,144,14,0,3,0,0,0,0,57,18,13,100,4,35,0,0,0,0,0,25,0,0,149,1,1,41,10,25,0,30,29,10,0,120,13,0,0,0,0,0,0,1,11,0,187,0,28,0,0,0,0,0,0,0,0,227,0,0,0,0,0,0,28,0,35,23,141
16,182,0,27,0,0,2,0,0,0,63,26,33,58,23,0,24,0,0,0,19,62,24,43,41,31,7,0,0,0,27,76,12,45,20,0,47,0,0,0,0,36,39,24,55,2,67,4,0,0,0,0,20,0,0,62,7,11,75,52,21,3,39,62,31,0,49,22,0,0,0,0,0,0,31,46,2,35,0,113,0,0,0,0,0,227,0,0,0,0,0,0,0,0,0,49,0,108,22,48
223,4,0,0,0,0,0,0,0,0,20,195,1,11,0,0,0,0,0,0,0,15,188,8,2,14,0,0,0,0,12,28,6,170,10,0,1,0,0,0,0,47,13,3,122,1,41,0,0,0,0,0,16,0,0,158,0,0,48,5,20,0,19,34,15,0,135,4,0,0,0,0,0,0,0,9,0,212,0,6,0,0,0,0,0,0,0,0,227,0,0,0,0,0,0,15,0,32,10,170
4,194,0,27,0,0,2,0,0,0,83,20,26,68,17,0,13,0,0,0,0,87,19,46,38,36,1,0,0,0,38,89,10,31,16,0,43,0,0,0,0,37,38,35,40,4,73,0,0,0,0,0,34,0,0,56,1,8,82,46,29,0,34,65,28,0,43,28,0,0,0,0,0,0,20,36,0,15,0,156,0,0,0,0,0,227,0,0,0,0,0,0,0,0,0,43,0,114,38,32
230,1,0,0,0,0,0,0,0,0,20,206,0,5,0,0,0,0,0,0,0,13,205,8,0,5,0,0,0,0,10,29,0,188,4,0,0,0,0,0,0,48,10,3,124,0,46,0,0,0,0,0,3,0,0,191,0,0,34,3,9,0,16,34,7,0,164,1,0,0,0,0,0,0,0,2,0,226,0,3,0,0,0,0,0,0,0,0,231,0,0,0,0,0,0,16,0,16,5,194
1,206,0,23,0,0,1,0,0,0,95,15,22,72,12,0,15,0,0,0,0,112,12,34,42,30,1,0,0,0,32,99,11,28,18,0,43,0,0,0,0,34,57,27,47,2,64,0,0,0,0,0,38,0,0,37,0,5,107,44,18,0,16,88,40,0,47,22,0,0,0,0,0,0,23,37,0,5,0,166,0,0,0,0,0,231,0,0,0,0,0,0,0,0,0,38,0,135,34,24
238,0,0,0,0,0,0,0,0,0,8,227,0,3,0,0,0,0,0,0,0,10,221,6,0,1,0,0,0,0,1,25,0,210,2,0,0,0,0,0,0,38,4,2,152,0,42,0,0,0,0,0,0,0,0,207,0,0,29,2,6,0,14,15,2,0,201,0,0,0,0,0,0,0,0,2,0,234,0,2,0,0,0,0,0,0,0,0,238,0,0,0,0,0,0,9,0,15,2,212
0,231,0,7,0,0,0,0,0,0,113,8,13,81,15,0,8,0,0,0,0,120,13,26,33,46,0,0,0,0,35,123,3,24,10,0,43,0,0,0,0,34,43,14,42,0,105,0,0,0,0,0,33,0,0,30,0,0,134,41,22,0,18,108,53,0,23,14,0,0,0,0,0,0,14,33,0,4,0,187,0,0,0,0,0,238,0,0,0,0,0,0,0,0,0,37,0,167,19,15
247,0,0,0,0,0,0,0,0,0,3,242,0,2,0,0,0,0,0,0,0,8,231,4,0,4,0,0,0,0,0,26,0,221,0,0,0,0,0,0,0,45,1,2,167,0,32,0,0,0,0,0,0,0,0,227,0,0,20,0,0,0,10,19,1,0,217,0,0,0,0,0,0,0,0,0,0,247,0,0,0,0,0,0,0,0,0,0,247,0,0,0,0,0,0,8,0,17,0,222
0,240,0,7,0,0,0,0,0,0,132,2,20,81,2,0,10,0,0,0,0,148,7,39,34,19,0,0,0,0,34,139,0,25,11,0,38,0,0,0,0,46,53,9,43,0,96,0,0,0,0,0,21,0,0,20,0,0,168,38,9,0,34,135,34,0,28,7,0,0,0,0,0,0,6,37,0,0,0,204,0,0,0,0,0,247,0,0,0,0,0,0,0,0,0,48,0,161,15,23
247,0,0,0,0,0,0,0,0,0,2,245,0,0,0,0,0,0,0,0,0,5,242,0,0,0,0,0,0,0,0,10,0,237,0,0,0,0,0,0,0,24,1,0,194,0,28,0,0,0,0,0,0,0,0,239,0,0,8,0,0,0,4,13,1,0,229,0,0,0,0,0,0,0,0,0,0,247,0,0,0,0,0,0,0,0,0,0,247,0,0,0,0,0,0,2,0,6,0,239
0,246,0,1,0,0,0,0,0,0,122,2,20,88,3,0,12,0,0,0,0,151,3,26,35,32,0,0,0,0,17,168,0,10,8,0,44,0,0,0,0,53,27,4,30,0,133,0,0,0,0,0,9,0,0,8,0,0,190,40,3,0,39,153,34,0,17,1,0,0,0,0,0,0,5,22,0,0,0,220,0,0,0,0,0,247,0,0,0,0,0,0,0,0,0,51,0,187,3,6
238,0,0,0,0,0,0,0,0,0,1,237,0,0,0,0,0,0,0,0,0,7,231,0,0,0,0,0,0,0,0,1,0,237,0,0,0,0,0,0,0,27,0,0,178,0,33,0,0,0,0,0,0,0,0,233,0,0,5,0,0,0,0,7,0,0,231,0,0,0,0,0,0,0,0,0,0,238,0,0,0,0,0,0,0,0,0,0,238,0,0,0,0,0,0,1,0,2,0,235
0,237,0,1,0,0,0,0,0,0,125,1,7,94,1,0,10,0,0,0,0,179,7,13,18,21,0,0,0,0,9,193,0,1,3,0,32,0,0,0,0,37,39,2,46,0,114,0,0,0,0,0,4,0,0,5,0,0,186,43,2,0,29,171,29,0,7,0,0,0,0,0,0,0,0,18,0,0,0,220,0,0,0,0,0,238,0,0,0,0,0,0,0,0,0,40,0,196,0,2
231,0,0,0,0,0,0,0,0,0,0,231,0,0,0,0,0,0,0,0,0,2,229,0,0,0,0,0,0,0,0,2,0,229,0,0,0,0,0,0,0,13,0,0,196,0,22,0,0,0,0,0,0,0,0,229,0,0,2,0,0,0,0,4,1,0,226,0,0,0,0,0,0,0,0,0,0,231,0,0,0,0,0,0,0,0,0,0,231,0,0,0,0,0,0,0,0,2,0,229
0,231,0,0,0,0,0,0,0,0,134,0,6,86,0,0,5,0,0,0,0,187,1,19,15,9,0,0,0,0,6,194,0,2,5,0,24,0,0,0,0,44,30,2,25,0,130,0,0,0,0,0,1,0,0,2,0,0,200,28,0,0,13,190,23,0,5,0,0,0,0,0,0,0,1,9,0,0,0,221,0,0,0,0,0,231,0,0,0,0,0,0,0,0,0,28,0,201,0,2
13,2,0,0,0,0,0,0,0,0,0,10,2,3,0,0,0,0,0,0,0,1,9,1,2,1,1,0,0,0,0,0,1,10,1,0,3,0,0,0,0,1,3,0,5,0,5,1,0,0,0,0,1,0,2,4,1,1,2,4,0,1,3,1,1,0,8,1,0,0,0,0,1,0,1,1,0,9,0,3,0,0,0,0,0,2,0,0,12,1,0,0,0,0,0,1,1,7,1,5
1,8,0,5,0,0,1,0,0,0,1,1,2,5,5,0,1,0,0,0,0,3,2,0,9,1,0,0,0,0,2,4,1,1,3,0,4,0,0,0,0,0,3,3,2,0,5,2,0,0,0,1,1,0,1,3,0,6,0,3,1,0,2,1,8,0,1,2,0,0,0,0,1,0,4,1,0,5,0,4,0,0,0,0,0,9,0,0,2,4,0,0,3,0,3,2,0,4,1,2
99,6,0,0,0,0,0,0,0,0,0,81,6,16,2,0,0,0,0,0,0,6,76,8,12,1,2,0,0,0,0,0,6,69,8,0,22,0,0,0,0,14,14,0,33,0,38,6,0,0,0,0,2,0,4,45,0,10,17,27,0,14,18,0,2,0,60,11,0,0,0,0,0,0,3,0,0,76,0,26,0,0,0,0,0,9,0,0,96,0,0,0,0,0,0,2,0,48,14,41
6,66,0,32,0,0,1,0,0,0,5,13,13,55,12,0,7,0,0,0,0,17,18,4,53,6,7,0,0,0,3,17,8,28,8,0,41,0,0,0,0,1,22,7,35,0,28,12,0,0,0,0,7,0,5,26,7,18,11,31,0,1,24,13,38,0,20,9,0,0,0,0,1,0,26,3,0,29,0,46,0,0,0,0,0,64,0,0,9,32,0,0,6,0,10,11,3,37,4,34
223,4,0,0,0,0,0,0,0,0,0,194,3,29,1,0,0,0,0,0,0,11,180,4,32,0,0,0,0,0,0,0,2,168,14,0,43,0,0,0,0,17,20,0,83,0,102,5,0,0,0,0,0,0,3,123,0,24,22,55,0,18,42,0,11,0,146,10,0,0,0,0,0,0,0,0,0,183,0,44,0,0,0,0,0,8,0,0,219,0,0,0,0,0,0,0,0,121,17,89
4,154,0,67,0,0,2,0,0,0,0,25,27,150,19,0,6,0,0,0,0,26,34,13,145,3,6,0,0,0,5,27,18,39,8,0,130,0,0,0,0,25,47,8,75,0,54,18,0,0,0,0,6,0,9,49,1,29,46,87,0,25,56,15,63,0,34,34,0,0,0,0,0,0,58,1,0,44,0,124,0,0,0,0,0,162,0,0,8,57,0,0,4,0,12,14,0,78,21,98
225,2,0,0,0,0,0,0,0,0,0,210,2,15,0,0,0,0,0,0,0,6,207,1,13,0,0,0,0,0,0,0,0,187,4,0,36,0,0,0,0,4,15,0,97,0,109,2,0,0,0,0,2,0,3,136,0,20,12,54,0,6,28,0,12,0,177,4,0,0,0,0,0,0,0,0,0,196,0,31,0,0,0,0,0,0,0,0,227,0,0,0,0,0,0,0,0,131,4,92
2,159,0,63,0,0,3,0,0,0,2,12,30,167,13,0,3,0,0,0,0,22,15,6,177,2,5,0,0,0,2,28,4,32,13,0,148,0,0,0,0,22,43,3,83,0,64,12,0,0,0,0,7,0,11,63,0,31,41,74,0,25,79,6,68,0,15,34,0,0,0,0,0,0,48,2,0,31,0,146,0,0,0,0,0,189,0,0,0,38,0,0,1,0,5,2,0,67,37,115
231,0,0,0,0,0,0,0,0,0,0,223,1,7,0,0,0,0,0,0,0,4,214,0,13,0,0,0,0,0,0,0,0,203,1,0,27,0,0,0,0,1,15,0,108,0,106,1,0,0,0,0,0,0,1,158,0,11,8,53,0,3,19,0,16,0,193,0,0,0,0,0,0,0,0,0,0,205,0,26,0,0,0,0,0,1,0,0,230,0,0,0,0,0,0,0,0,138,0,93
0,166,0,65,0,0,0,0,0,0,3,6,18,195,9,0,0,0,0,0,0,17,15,5,191,2,1,0,0,0,0,24,0,26,7,0,174,0,0,0,0,12,49,2,84,0,79,5,0,0,0,0,3,0,6,54,0,25,46,97,0,21,84,9,82,0,13,22,0,0,0,0,0,0,27,0,0,26,0,178,0,0,0,0,0,193,0,0,1,37,0,0,0,0,3,1,0,80,16,131
238,0,0,0,0,0,0,0,0,0,0,229,0,9,0,0,0,0,0,0,0,0,233,0,5,0,0,0,0,0,0,0,0,205,1,0,32,0,0,0,0,0,1,0,111,0,126,0,0,0,0,0,0,0,0,183,0,6,3,46,0,0,24,0,6,0,208,0,0,0,0,0,0,0,0,0,0,221,0,17,0,0,0,0,0,0,0,0,238,0,0,0,0,0,0,0,0,138,0,100
0,191,0,47,0,0,0,0,0,0,0,9,10,210,9,0,0,0,0,0,0,10,5,1,222,0,0,0,0,0,0,21,0,29,8,0,180,0,0,0,0,8,51,2,107,0,67,3,0,0,0,0,1,0,1,48,0,27,32,129,0,10,92,2,104,0,15,15,0,0,0,0,0,0,33,0,0,17,0,188,0,0,0,0,0,203,0,0,0,35,0,0,0,0,0,1,0,96,3,138
247,0,0,0,0,0,0,0,0,0,0,245,0,2,0,0,0,0,0,0,0,0,247,0,0,0,0,0,0,0,0,0,0,233,0,0,14,0,0,0,0,0,5,0,123,0,119,0,0,0,0,0,0,0,0,201,0,3,0,43,0,0,11,0,6,0,230,0,0,0,0,0,0,0,0,0,0,232,0,15,0,0,0,0,0,0,0,0,247,0,0,0,0,0,0,0,0,159,0,88
0,206,0,41,0,0,0,0,0,0,0,2,12,230,3,0,0,0,0,0,0,17,0,0,230,0,0,0,0,0,0,13,0,14,0,0,220,0,0,0,0,3,45,0,110,0,87,2,0,0,0,0,0,0,1,37,0,31,43,135,0,5,101,0,119,0,11,11,0,0,0,0,0,0,14,0,0,15,0,218,0,0,0,0,0,232,0,0,0,15,0,0,0,0,1,0,0,87,1,158
247,0,0,0,0,0,0,0,0,0,0,247,0,0,0,0,0,0,0,0,0,0,246,0,1,0,0,0,0,0,0,0,0,241,0,0,6,0,0,0,0,0,0,0,101,0,146,0,0,0,0,0,0,0,0,202,0,3,1,41,0,0,10,0,2,0,235,0,0,0,0,0,0,0,0,0,0,240,0,7,0,0,0,0,0,0,0,0,247,0,0,0,0,0,0,0,0,173,0,74
0,210,0,37,0,0,0,0,0,0,0,0,3,242,2,0,0,0,0,0,0,1,1,0,245,0,0,0,0,0,0,2,0,6,1,0,238,0,0,0,0,0,25,0,140,0,82,0,0,0,0,0,0,0,0,40,0,28,24,155,0,0,110,0,126,0,10,1,0,0,0,0,0,0,23,0,0,7,0,217,0,0,0,0,0,237,0,0,0,10,0,0,0,0,0,0,0,73,1,173
238,0,0,0,0,0,0,0,0,0,0,238,0,0,0,0,0,0,0,0,0,0,238,0,0,0,0,0,0,0,0,0,0,238,0,0,0,0,0,0,0,0,0,0,80,0,158,0,0,0,0,0,0,0,0,215,0,2,0,21,0,0,4,0,0,0,234,0,0,0,0,0,0,0,0,0,0,235,0,3,0,0,0,0,0,0,0,0,238,0,0,0,0,0,0,0,0,160,0,78
0,207,0,31,0,0,0,0,0,0,0,0,1,237,0,0,0,0,0,0,0,0,0,0,238,0,0,0,0,0,0,3,0,0,0,0,235,0,0,0,0,0,23,0,155,0,60,0,0,0,0,0,0,0,0,19,0,24,25,170,0,1,85,0,150,0,2,0,0,0,0,0,0,0,7,0,0,3,0,228,0,0,0,0,0,234,0,0,0,4,0,0,0,0,0,0,0,78,0,160
231,0,0,0,0,0,0,0,0,0,0,231,0,0,0,0,0,0,0,0,0,0,231,0,0,0,0,0,0,0,0,0,0,231,0,0,0,0,0,0,0,0,0,0,115,0,116,0,0,0,0,0,0,0,0,207,0,0,0,24,0,0,3,0,1,0,227,0,0,0,0,0,0,0,0,0,0,231,0,0,0,0,0,0,0,0,0,0,231,0,0,0,0,0,0,0,0,156,0,75
0,219,0,12,0,0,0,0,0,0,0,0,0,231,0,0,0,0,0,0,0,0,0,0,231,0,0,0,0,0,0,3,0,0,0,0,228,0,0,0,0,0,7,0,115,0,109,0,0,0,0,0,0,0,0,24,0,8,9,190,0,0,122,0,108,0,1,0,0,0,0,0,0,0,3,0,0,0,0,228,0,0,0,0,0,231,0,0,0,0,0,0,0,0,0,0,0,75,0,156
11,1,1,2,0,0,0,0,0,0,1,5,2,7,0,0,0,0,0,0,0,2,7,2,3,1,0,0,0,0,0,2,4,7,2,0,0,0,0,0,0,2,2,1,4,1,3,2,0,0,0,0,2,0,0,7,1,2,3,0,3,0,4,1,1,0,5,1,0,0,0,0,0,0,0,1,1,9,0,4,0,0,0,0,0,2,0,0,13,0,0,0,0,0,2,1,0,4,0,8
2,6,1,4,0,0,2,0,0,0,1,4,4,1,1,0,4,0,0,0,0,4,3,0,3,1,4,0,0,0,0,3,2,2,2,0,5,1,0,0,0,1,1,1,5,2,3,2,0,0,0,0,1,0,1,5,1,2,3,2,2,0,2,1,5,0,3,2,0,0,0,0,1,0,5,1,1,5,0,2,0,0,0,0,0,9,0,0,2,4,0,0,0,0,0,2,0,8,1,4
76,9,8,12,0,0,0,0,0,0,5,55,4,39,0,0,2,0,0,0,0,12,56,12,17,8,0,0,0,0,0,6,16,72,10,0,1,0,0,0,0,2,21,0,46,0,28,8,0,0,0,0,1,0,2,62,3,5,32,0,6,0,32,6,5,0,45,11,0,0,0,0,0,0,2,1,4,79,0,19,0,0,0,0,0,16,0,0,89,0,0,0,0,0,3,0,0,23,0,79
21,31,6,45,0,0,2,0,0,0,13,17,22,26,2,0,25,0,0,0,0,23,27,10,26,8,11,0,0,0,0,31,11,10,28,0,25,0,0,0,0,6,19,1,27,1,37,14,0,0,0,0,18,0,2,29,12,19,20,5,16,0,14,23,22,0,24,6,0,0,0,0,0,0,18,10,6,21,0,50,0,0,0,0,0,74,0,0,15,16,0,0,0,0,2,7,0,71,2,23
207,5,0,15,0,0,0,0,0,0,1,157,6,62,0,0,1,0,0,0,0,24,139,18,40,5,1,0,0,0,0,4,23,175,24,0,1,0,0,0,0,1,41,0,112,0,65,8,0,0,0,0,2,0,1,176,2,7,39,0,10,0,69,4,4,0,129,11,0,0,0,0,0,0,0,0,0,196,0,31,0,0,0,0,0,17,0,0,210,0,0,0,0,0,0,0,0,42,0,185
16,78,31,101,0,0,1,0,0,0,26,32,41,94,1,0,33,0,0,0,0,62,52,18,63,13,19,0,0,0,0,80,38,24,44,0,41,0,0,0,0,5,51,0,59,1,83,28,0,0,0,0,26,0,7,38,17,37,94,8,22,0,48,35,48,0,44,30,0,0,0,0,0,0,31,18,15,31,0,132,0,0,0,0,0,197,0,0,17,13,0,0,0,0,4,9,0,173,1,40
216,1,0,10,0,0,0,0,0,0,0,146,2,78,0,0,1,0,0,0,0,13,165,10,37,0,2,0,0,0,0,3,17,191,16,0,0,0,0,0,0,0,33,0,132,0,57,5,0,0,0,0,0,0,0,189,1,2,35,0,6,0,74,3,2,0,138,4,0,0,0,0,0,0,0,0,0,204,0,23,0,0,0,0,0,11,0,0,216,0,0,0,0,0,0,0,0,26,0,201
9,79,25,114,0,0,0,0,0,0,10,51,36,105,0,0,25,0,0,0,0,62,45,8,84,10,18,0,0,0,0,78,44,21,45,0,39,0,0,0,0,1,41,0,59,0,105,21,0,0,0,0,18,0,4,34,11,39,116,5,17,0,51,42,35,0,54,28,0,0,0,0,0,0,22,12,5,23,0,165,0,0,0,0,0,208,0,0,11,8,0,0,0,0,0,4,0,197,0,26
223,1,0,7,0,0,0,0,0,0,0,161,4,65,0,0,1,0,0,0,0,3,198,4,26,0,0,0,0,0,0,0,13,207,11,0,0,0,0,0,0,0,26,0,143,0,60,2,0,0,0,0,0,0,0,203,0,0,28,0,3,0,75,1,4,0,148,0,0,0,0,0,0,0,0,0,0,220,0,11,0,0,0,0,0,3,0,0,228,0,0,0,0,0,0,0,0,19,0,212
8,78,20,125,0,0,0,0,0,0,4,56,28,129,0,0,14,0,0,0,0,77,24,14,100,4,12,0,0,0,0,89,40,14,46,0,42,0,0,0,0,0,52,0,61,0,106,12,0,0,0,0,15,0,6,28,11,35,133,3,15,0,74,30,26,0,62,24,0,0,0,0,0,0,21,10,3,11,0,186,0,0,0,0,0,225,0,0,3,3,0,0,0,0,0,0,0,212,0,19
234,0,0,4,0,0,0,0,0,0,0,184,0,54,0,0,0,0,0,0,0,1,214,1,22,0,0,0,0,0,0,0,6,227,5,0,0,0,0,0,0,0,20,0,162,0,56,0,0,0,0,0,0,0,0,212,0,0,26,0,1,0,71,0,0,0,166,0,0,0,0,0,0,0,0,0,0,218,0,20,0,0,0,0,0,2,0,0,236,0,0,0,0,0,0,0,0,11,0,227
3,81,7,147,0,0,0,0,0,0,0,45,23,159,0,0,11,0,0,0,0,97,23,10,96,2,10,0,0,0,0,95,37,7,61,0,38,0,0,0,0,0,66,0,51,0,107,14,0,0,0,0,12,0,0,26,7,30,161,2,10,0,101,23,31,0,62,11,0,0,0,0,0,0,15,2,0,20,0,201,0,0,0,0,0,235,0,0,2,1,0,0,0,0,0,0,0,227,0,11
247,0,0,0,0,0,0,0,0,0,0,197,0,50,0,0,0,0,0,0,0,3,234,0,10,0,0,0,0,0,0,0,2,243,2,0,0,0,0,0,0,0,21,0,178,0,48,0,0,0,0,0,0,0,0,237,0,0,10,0,0,0,59,0,0,0,188,0,0,0,0,0,0,0,0,0,0,244,0,3,0,0,0,0,0,0,0,0,247,0,0,0,0,0,0,0,0,9,0,238
0,95,5,147,0,0,0,0,0,0,0,43,11,186,0,0,7,0,0,0,0,65,12,2,161,0,7,0,0,0,0,103,35,2,75,0,32,0,0,0,0,0,43,0,52,0,146,6,0,0,0,0,12,0,0,10,3,32,190,0,10,0,115,34,21,0,52,15,0,0,0,0,0,0,6,3,0,3,0,235,0,0,0,0,0,247,0,0,0,0,0,0,0,0,0,0,0,238,0,9
247,0,0,0,0,0,0,0,0,0,0,207,0,40,0,0,0,0,0,0,0,0,236,0,11,0,0,0,0,0,0,0,3,241,3,0,0,0,0,0,0,0,9,0,191,0,47,0,0,0,0,0,0,0,0,237,0,0,10,0,0,0,50,0,0,0,197,0,0,0,0,0,0,0,0,0,0,245,0,2,0,0,0,0,0,0,0,0,247,0,0,0,0,0,0,0,0,5,0,242
0,79,1,167,0,0,0,0,0,0,0,40,12,195,0,0,0,0,0,0,0,79,10,2,148,0,8,0,0,0,0,103,43,4,68,0,29,0,0,0,0,0,42,0,41,0,161,3,0,0,0,0,3,0,0,10,0,26,208,0,1,0,148,29,17,0,47,5,0,0,0,0,0,0,6,0,0,2,0,239,0,0,0,0,0,247,0,0,0,0,0,0,0,0,0,0,0,242,0,5
238,0,0,0,0,0,0,0,0,0,0,212,0,26,0,0,0,0,0,0,0,0,233,0,5,0,0,0,0,0,0,0,0,237,1,0,0,0,0,0,0,0,9,0,190,0,39,0,0,0,0,0,0,0,0,233,0,0,5,0,0,0,46,0,0,0,192,0,0,0,0,0,0,0,0,0,0,237,0,1,0,0,0,0,0,0,0,0,238,0,0,0,0,0,0,0,0,2,0,236
0,88,0,150,0,0,0,0,0,0,0,26,5,207,0,0,0,0,0,0,0,63,5,0,158,0,12,0,0,0,0,119,34,0,64,0,21,0,0,0,0,0,33,0,40,0,165,0,0,0,0,0,3,0,0,5,0,24,206,0,0,0,151,24,6,0,46,11,0,0,0,0,0,0,0,1,0,1,0,236,0,0,0,0,0,238,0,0,0,0,0,0,0,0,0,0,0,236,0,2
231,0,0,0,0,0,0,0,0,0,0,208,0,23,0,0,0,0,0,0,0,0,231,0,0,0,0,0,0,0,0,0,0,231,0,0,0,0,0,0,0,0,2,0,196,0,33,0,0,0,0,0,0,0,0,230,0,0,1,0,0,0,48,0,0,0,183,0,0,0,0,0,0,0,0,0,0,231,0,0,0,0,0,0,0,0,0,0,231,0,0,0,0,0,0,0,0,1,0,230
0,61,0,170,0,0,0,0,0,0,0,23,5,203,0,0,0,0,0,0,0,85,0,0,145,0,1,0,0,0,0,108,22,0,67,0,34,0,0,0,0,0,33,0,33,0,165,0,0,0,0,0,0,0,0,1,0,16,214,0,0,0,159,14,10,0,48,0,0,0,0,0,0,0,2,0,0,0,0,229,0,0,0,0,0,231,0,0,0,0,0,0,0,0,0,0,0,230,0,1
12,1,0,2,0,0,0,0,0,0,1,9,3,1,0,0,1,0,0,0,0,3,6,0,3,2,1,0,0,0,2,0,1,7,2,0,3,0,0,0,0,3,3,2,4,0,3,0,0,0,0,0,1,0,0,4,1,2,4,3,0,0,3,2,1,0,8,1,0,0,0,0,0,0,2,0,3,5,0,5,0,0,0,0,0,4,0,0,10,1,0,0,1,0,0,2,1,1,0,10
0,6,1,7,0,0,1,0,0,0,2,1,1,7,3,0,1,0,0,0,0,0,6,1,3,0,1,3,0,1,2,2,0,6,1,0,4,0,0,0,0,2,7,1,2,0,3,0,0,0,0,0,1,0,3,5,0,2,2,2,1,1,2,3,3,0,4,1,0,0,0,0,1,1,4,3,0,5,0,1,0,0,0,0,0,11,0,0,2,2,0,0,0,1,0,2,0,7,2,3
91,5,0,9,0,0,0,0,0,0,5,65,16,16,0,0,3,0,0,0,0,15,41,0,33,14,0,2,0,0,6,0,1,74,5,0,19,0,0,0,0,25,16,11,34,0,18,1,0,0,0,0,2,0,2,54,3,7,29,8,0,0,18,20,3,0,62,2,0,0,0,0,0,0,5,0,10,47,0,43,0,0,0,0,0,10,0,0,89,6,0,0,0,0,0,3,1,7,0,94
10,43,0,49,0,0,3,0,0,0,23,12,16,37,4,0,13,0,0,0,0,17,36,0,26,9,2,14,0,1,17,8,4,23,12,0,41,0,0,0,0,14,21,16,23,0,27,4,0,0,0,0,6,0,2,22,9,14,26,26,1,0,8,29,34,0,26,7,0,0,0,0,0,0,19,7,10,47,0,22,0,0,0,0,0,85,0,0,9,11,0,0,4,0,0,21,0,64,6,10
220,0,0,7,0,0,0,0,0,0,4,166,23,30,0,0,4,0,0,0,0,20,114,0,75,6,0,12,0,0,4,0,0,190,3,0,30,0,0,0,0,56,35,15,84,0,37,0,0,0,0,0,3,0,0,147,1,12,48,16,0,0,27,36,4,0,160,0,0,0,0,0,0,0,4,0,15,139,0,69,0,0,0,0,0,21,0,0,203,3,0,0,0,0,0,1,0,6,0,220
3,103,0,119,0,0,2,0,0,0,43,23,37,101,1,0,22,0,0,0,0,35,79,0,87,21,2,3,0,0,40,14,5,27,22,0,119,0,0,0,0,24,53,34,52,0,63,1,0,0,0,0,10,0,9,40,7,35,82,44,0,0,40,85,49,0,45,8,0,0,0,0,0,0,33,8,16,82,0,88,0,0,0,0,0,175,0,0,18,34,0,0,1,0,0,57,2,156,4,7
225,1,0,1,0,0,0,0,0,0,0,194,7,25,0,0,1,0,0,0,0,17,121,0,78,10,0,1,0,0,3,0,0,193,2,0,29,0,0,0,0,52,26,14,105,0,30,0,0,0,0,0,0,0,1,180,1,5,31,9,0,0,25,25,2,0,175,0,0,0,0,0,0,0,0,0,10,129,0,88,0,0,0,0,0,11,0,0,215,1,0,0,0,0,0,0,0,2,0,225
2,101,0,124,0,0,0,0,0,0,42,15,51,106,0,0,13,0,0,0,0,35,84,0,91,4,1,12,0,0,40,7,1,28,15,0,136,0,0,0,0,35,47,34,46,0,64,1,0,0,0,0,3,0,3,33,1,31,97,59,0,0,33,86,62,0,44,2,0,0,0,0,0,0,23,1,16,96,0,91,0,0,0,0,0,187,0,0,9,31,0,0,0,0,0,40,0,183,2,2
231,0,0,0,0,0,0,0,0,0,0,206,11,14,0,0,0,0,0,0,0,4,147,0,75,4,0,1,0,0,0,0,0,217,1,0,13,0,0,0,0,52,24,12,110,0,33,0,0,0,0,0,0,0,1,190,0,3,33,4,0,0,14,20,0,0,197,0,0,0,0,0,0,0,0,0,3,134,0,94,0,0,0,0,0,4,0,0,227,0,0,0,0,0,0,0,0,0,0,231
0,101,0,130,0,0,0,0,0,0,40,13,42,122,0,0,14,0,0,0,0,37,73,0,109,8,0,4,0,0,24,6,0,11,8,0,182,0,0,0,0,30,50,34,55,0,62,0,0,0,0,0,2,0,1,31,0,35,96,66,0,0,26,107,69,0,29,0,0,0,0,0,0,0,18,2,14,97,0,100,0,0,0,0,0,215,0,0,4,12,0,0,0,0,0,35,0,196,0,0
238,0,0,0,0,0,0,0,0,0,0,218,4,16,0,0,0,0,0,0,0,3,170,0,63,2,0,0,0,0,0,0,0,232,0,0,6,0,0,0,0,49,22,11,119,0,37,0,0,0,0,0,0,0,0,195,0,2,39,2,0,0,19,13,2,0,204,0,0,0,0,0,0,0,0,0,0,167,0,71,0,0,0,0,0,2,0,0,236,0,0,0,0,0,0,0,0,0,0,238
0,95,0,143,0,0,0,0,0,0,30,14,45,143,0,0,6,0,0,0,0,35,63,0,134,5,0,1,0,0,23,2,0,5,12,0,196,0,0,0,0,34,45,18,67,0,74,0,0,0,0,0,1,0,0,33,0,22,128,54,0,0,43,109,65,0,21,0,0,0,0,0,0,0,23,0,4,71,0,140,0,0,0,0,0,235,0,0,2,1,0,0,0,0,0,31,0,207,0,0
247,0,0,0,0,0,0,0,0,0,0,229,4,14,0,0,0,0,0,0,0,2,149,0,96,0,0,0,0,0,0,0,0,244,0,0,3,0,0,0,0,49,24,9,140,0,25,0,0,0,0,0,0,0,0,235,0,0,10,2,0,0,7,5,1,0,234,0,0,0,0,0,0,0,0,0,0,161,0,86,0,0,0,0,0,2,0,0,245,0,0,0,0,0,0,0,0,0,0,247
0,104,0,143,0,0,0,0,0,0,29,10,39,168,0,0,1,0,0,0,0,15,93,0,132,6,0,1,0,0,15,2,0,3,1,0,226,0,0,0,0,41,54,28,51,0,73,0,0,0,0,0,0,0,0,10,0,31,145,61,0,0,45,132,60,0,10,0,0,0,0,0,0,0,19,0,9,86,0,133,0,0,0,0,0,244,0,0,2,1,0,0,0,0,0,22,0,225,0,0
247,0,0,0,0,0,0,0,0,0,0,242,2,3,0,0,0,0,0,0,0,0,181,0,66,0,0,0,0,0,0,0,0,245,0,0,2,0,0,0,0,47,15,8,148,0,29,0,0,0,0,0,0,0,0,235,0,0,11,1,0,0,3,3,0,0,241,0,0,0,0,0,0,0,0,0,0,180,0,67,0,0,0,0,0,1,0,0,246,0,0,0,0,0,0,0,0,0,0,247
0,103,0,144,0,0,0,0,0,0,12,2,33,199,0,0,1,0,0,0,0,14,66,0,167,0,0,0,0,0,18,0,0,2,0,0,227,0,0,0,0,31,39,19,64,0,94,0,0,0,0,0,0,0,0,11,0,14,174,48,0,0,41,158,45,0,3,0,0,0,0,0,0,0,13,0,1,67,0,166,0,0,0,0,0,246,0,0,1,0,0,0,0,0,0,19,0,228,0,0
238,0,0,0,0,0,0,0,0,0,0,233,0,5,0,0,0,0,0,0,0,0,166,0,72,0,0,0,0,0,0,0,0,238,0,0,0,0,0,0,0,27,8,0,184,0,19,0,0,0,0,0,0,0,0,233,0,0,5,0,0,0,0,0,0,0,238,0,0,0,0,0,0,0,0,0,0,182,0,56,0,0,0,0,0,0,0,0,238,0,0,0,0,0,0,0,0,0,0,238
0,115,0,123,0,0,0,0,0,0,7,2,26,203,0,0,0,0,0,0,0,9,72,0,157,0,0,0,0,0,7,0,0,0,0,0,231,0,0,0,0,42,47,17,40,0,92,0,0,0,0,0,0,0,0,5,0,12,175,46,0,0,22,176,40,0,0,0,0,0,0,0,0,0,1,0,0,56,0,181,0,0,0,0,0,238,0,0,0,0,0,0,0,0,0,11,0,227,0,0
231,0,0,0,0,0,0,0,0,0,0,230,0,1,0,0,0,0,0,0,0,0,177,0,54,0,0,0,0,0,0,0,0,231,0,0,0,0,0,0,0,26,10,0,176,0,19,0,0,0,0,0,0,0,0,229,0,0,2,0,0,0,0,0,0,0,231,0,0,0,0,0,0,0,0,0,0,187,0,44,0,0,0,0,0,0,0,0,231,0,0,0,0,0,0,0,0,0,0,231
0,77,0,154,0,0,0,0,0,0,2,1,7,221,0,0,0,0,0,0,0,0,54,0,177,0,0,0,0,0,1,0,0,0,0,0,230,0,0,0,0,39,40,12,36,0,104,0,0,0,0,0,0,0,0,2,0,9,184,36,0,0,25,164,42,0,0,0,0,0,0,0,0,0,2,0,0,44,0,185,0,0,0,0,0,231,0,0,0,0,0,0,0,0,0,4,0,227,0,0
11,2,0,2,0,0,0,0,0,0,2,9,2,1,0,0,1,0,0,0,1,1,7,0,3,3,0,0,0,0,1,0,4,5,1,0,4,0,0,0,1,0,3,1,4,0,3,3,0,0,0,0,1,0,2,3,0,3,5,1,1,0,3,1,3,0,7,0,0,0,0,0,1,0,2,1,1,7,0,3,0,0,0,0,0,3,0,0,12,0,0,0,0,0,0,4,0,3,1,7
3,6,0,6,0,0,0,0,0,0,4,2,2,1,4,0,2,0,0,0,0,4,1,2,5,0,1,1,0,1,0,4,3,4,1,0,3,0,0,0,0,3,1,0,5,1,2,3,0,0,0,0,0,0,2,5,1,2,0,5,0,0,1,2,5,1,5,1,0,0,0,0,0,0,8,1,0,3,0,3,0,0,0,0,0,6,0,0,3,6,0,0,0,0,0,1,0,6,1,7
100,4,0,1,0,0,0,0,0,0,11,77,7,6,0,0,4,0,0,0,6,6,56,1,11,25,0,0,0,0,1,1,9,67,8,0,19,0,0,0,3,3,18,9,38,0,24,10,0,0,0,0,5,0,11,18,0,14,55,2,8,0,26,2,8,0,61,0,0,0,0,0,0,0,4,13,10,63,0,15,0,0,0,0,0,20,0,0,85,0,0,0,0,0,0,27,0,20,6,52
2,59,0,44,0,0,0,0,0,0,23,14,26,16,12,0,14,0,0,0,8,15,20,4,41,14,1,0,0,2,2,35,12,15,6,0,35,0,0,0,5,11,21,5,31,2,12,18,0,0,0,0,5,0,15,44,0,19,6,16,12,0,10,13,47,1,22,0,0,0,0,0,1,0,23,7,9,28,0,37,0,0,0,0,0,65,0,0,20,20,0,0,0,0,0,14,0,44,11,36
224,2,0,1,0,0,0,0,0,0,15,191,7,6,1,0,7,0,0,0,0,13,153,0,16,44,1,0,0,0,0,6,9,170,7,0,35,0,0,0,0,12,35,5,104,0,54,17,0,0,0,0,3,0,14,41,0,21,147,1,5,0,42,2,16,0,162,0,0,0,0,0,0,0,7,19,7,181,0,13,0,0,0,0,0,26,0,0,201,0,0,0,0,0,0,52,0,37,4,134
1,148,0,78,0,0,0,0,0,0,66,23,47,43,17,0,31,0,0,0,21,28,42,4,75,57,0,0,0,0,1,63,20,31,24,0,88,0,0,0,0,4,57,22,63,1,33,47,0,0,0,0,8,0,24,108,0,49,19,19,27,0,44,19,98,1,38,0,0,0,0,0,0,0,41,23,27,35,0,101,0,0,0,0,0,179,0,0,26,22,0,0,0,0,0,31,0,111,19,66
227,0,0,0,0,0,0,0,0,0,5,215,5,1,0,0,1,0,0,0,0,6,174,0,20,27,0,0,0,0,0,1,7,196,2,0,21,0,0,0,0,3,32,7,123,0,53,9,0,0,0,0,2,0,11,41,0,25,148,0,5,0,31,0,14,0,177,0,0,0,0,0,0,0,0,13,10,193,0,11,0,0,0,0,0,23,0,0,204,0,0,0,0,0,0,54,0,30,0,143
0,157,0,70,0,0,0,0,0,0,75,6,41,52,19,0,34,0,0,0,2,34,43,2,91,54,1,0,0,0,0,69,13,17,13,0,115,0,0,0,0,11,65,10,57,0,45,39,0,0,0,0,7,0,23,119,0,34,31,13,11,0,62,18,100,0,36,0,0,0,0,0,0,0,31,36,17,29,0,114,0,0,0,0,0,187,0,0,23,17,0,0,0,0,0,30,0,115,18,64
231,0,0,0,0,0,0,0,0,0,1,230,0,0,0,0,0,0,0,0,0,5,196,0,5,25,0,0,0,0,0,0,3,215,0,0,13,0,0,0,0,7,29,3,131,0,54,7,0,0,0,0,0,0,11,44,0,11,165,0,0,0,22,0,5,0,204,0,0,0,0,0,0,0,1,4,0,223,0,3,0,0,0,0,0,14,0,0,217,0,0,0,0,0,0,46,0,29,0,156
0,165,0,66,0,0,0,0,0,0,88,1,46,51,14,0,31,0,0,0,0,31,28,1,114,57,0,0,0,0,0,63,8,10,10,0,140,0,0,0,0,5,68,11,66,0,46,35,0,0,0,0,6,0,12,124,0,46,30,13,17,0,59,18,118,0,19,0,0,0,0,0,0,0,28,36,17,7,0,143,0,0,0,0,0,211,0,0,14,6,0,0,0,0,0,41,0,117,11,62
238,0,0,0,0,0,0,0,0,0,0,238,0,0,0,0,0,0,0,0,0,2,216,0,2,18,0,0,0,0,0,0,4,224,0,0,10,0,0,0,0,1,27,1,152,0,53,4,0,0,0,0,0,0,6,28,0,14,190,0,0,0,30,0,3,0,205,0,0,0,0,0,0,0,2,1,0,235,0,0,0,0,0,0,0,8,0,0,230,0,0,0,0,0,0,41,0,13,0,184
0,183,0,55,0,0,0,0,0,0,105,0,48,39,20,0,26,0,0,0,0,23,17,0,133,65,0,0,0,0,0,71,9,9,3,0,146,0,0,0,0,6,66,6,59,0,72,29,0,0,0,0,4,0,15,134,0,48,27,10,3,0,71,6,136,0,22,0,0,0,0,0,0,0,21,78,16,2,0,121,0,0,0,0,0,229,0,0,8,1,0,0,0,0,0,38,0,153,4,43
247,0,0,0,0,0,0,0,0,0,0,247,0,0,0,0,0,0,0,0,0,0,232,0,2,13,0,0,0,0,0,0,0,243,0,0,4,0,0,0,0,0,25,0,182,0,40,0,0,0,0,0,0,0,1,42,0,10,194,0,0,0,7,0,3,0,237,0,0,0,0,0,0,0,0,0,0,246,0,1,0,0,0,0,0,2,0,0,245,0,0,0,0,0,0,31,0,15,0,201
0,193,0,54,0,0,0,0,0,0,90,0,54,60,14,0,29,0,0,0,0,37,15,0,122,73,0,0,0,0,0,57,3,2,2,0,183,0,0,0,0,0,81,0,45,0,84,37,0,0,0,0,0,0,9,166,0,38,29,5,0,0,73,11,155,0,8,0,0,0,0,0,0,0,27,37,15,1,0,167,0,0,0,0,0,245,0,0,2,0,0,0,0,0,0,64,0,146,0,37
247,0,0,0,0,0,0,0,0,0,0,247,0,0,0,0,0,0,0,0,0,0,237,0,1,9,0,0,0,0,0,0,0,245,0,0,2,0,0,0,0,0,17,0,185,0,45,0,0,0,0,0,0,0,0,35,0,14,198,0,0,0,14,0,0,0,233,0,0,0,0,0,0,0,0,0,0,246,0,1,0,0,0,0,0,0,0,0,247,0,0,0,0,0,0,21,0,6,0,220
0,214,0,33,0,0,0,0,0,0,97,0,54,60,8,0,28,0,0,0,0,14,10,0,146,77,0,0,0,0,0,61,1,2,0,0,183,0,0,0,0,0,82,0,52,0,90,23,0,0,0,0,0,0,5,175,0,32,33,2,0,0,91,4,142,0,10,0,0,0,0,0,0,0,22,51,7,1,0,166,0,0,0,0,0,247,0,0,0,0,0,0,0,0,0,58,0,163,0,26
238,0,0,0,0,0,0,0,0,0,0,238,0,0,0,0,0,0,0,0,0,0,233,0,4,1,0,0,0,0,0,0,0,236,0,0,2,0,0,0,0,0,12,0,191,0,35,0,0,0,0,0,0,0,0,37,0,5,196,0,0,0,2,0,1,0,235,0,0,0,0,0,0,0,0,0,0,238,0,0,0,0,0,0,0,0,0,0,238,0,0,0,0,0,0,28,0,6,0,204
0,204,0,34,0,0,0,0,0,0,112,0,60,38,6,0,22,0,0,0,0,10,4,0,163,61,0,0,0,0,0,45,0,2,0,0,191,0,0,0,0,0,75,0,43,0,90,30,0,0,0,0,0,0,0,180,0,32,26,0,0,0,93,0,142,0,3,0,0,0,0,0,0,0,18,20,1,0,0,199,0,0,0,0,0,238,0,0,0,0,0,0,0,0,0,61,0,147,0,30
231,0,0,0,0,0,0,0,0,0,0,231,0,0,0,0,0,0,0,0,0,0,229,0,0,2,0,0,0,0,0,0,0,231,0,0,0,0,0,0,0,0,7,0,201,0,23,0,0,0,0,0,0,0,0,28,0,1,202,0,0,0,0,0,0,0,231,0,0,0,0,0,0,0,0,0,0,231,0,0,0,0,0,0,0,0,0,0,231,0,0,0,0,0,0,10,0,1,0,220
0,210,0,21,0,0,0,0,0,0,104,0,50,50,6,0,21,0,0,0,0,4,2,0,161,64,0,0,0,0,0,32,0,0,0,0,199,0,0,0,0,0,72,0,27,0,120,12,0,0,0,0,0,0,0,187,0,22,22,0,0,0,76,0,155,0,0,0,0,0,0,0,0,0,13,26,1,0,0,191,0,0,0,0,0,231,0,0,0,0,0,0,0,0,0,53,0,167,0,11
11,3,0,1,0,0,0,0,0,0,1,6,0,5,3,0,0,0,0,0,0,2,10,1,1,0,1,0,0,0,1,2,1,4,3,0,4,0,0,0,0,0,1,2,8,0,3,1,0,0,0,0,2,0,2,5,0,1,5,0,1,0,0,3,4,0,6,1,0,0,0,0,2,0,0,0,0,7,0,6,0,0,0,0,0,0,0,0,13,2,0,0,0,0,0,0,0,6,1,8
4,4,0,7,0,0,0,0,0,0,1,4,1,1,6,0,2,0,0,0,0,3,3,1,6,1,1,0,0,0,1,5,1,2,2,0,4,0,0,0,0,1,4,1,3,0,2,4,0,0,0,0,0,0,3,4,0,4,1,3,1,1,3,2,3,0,3,2,0,0,0,0,2,0,4,2,0,5,1,1,0,0,0,0,0,15,0,0,0,0,0,0,0,0,2,3,0,4,0,6
98,5,0,2,0,0,0,0,0,0,12,44,0,39,10,0,0,0,0,0,0,8,70,11,15,0,1,0,0,0,6,9,1,40,17,0,32,0,0,0,0,0,3,10,75,0,16,1,0,0,0,0,9,0,3,53,0,11,28,1,10,0,0,35,14,0,33,13,0,0,0,0,0,0,1,1,0,42,0,61,0,0,0,0,0,1,0,0,99,5,0,0,0,0,0,0,0,31,0,74
6,55,0,44,0,0,0,0,0,0,2,34,5,18,40,0,6,0,0,0,0,10,24,4,54,0,13,0,0,0,9,32,10,15,11,0,28,0,0,0,0,1,31,20,14,0,26,13,0,0,0,0,6,0,12,36,0,14,27,10,6,1,6,9,43,0,39,1,0,0,0,0,1,0,28,10,0,50,3,13,0,0,0,0,0,86,0,0,3,16,0,0,0,0,1,12,0,55,7,30
223,4,0,0,0,0,0,0,0,0,20,115,0,76,16,0,0,0,0,0,0,8,182,12,23,0,2,0,0,0,1,33,0,98,26,0,69,0,0,0,0,0,6,12,174,0,35,0,0,0,0,0,14,0,1,135,0,20,57,0,8,0,0,83,31,0,79,26,0,0,0,0,0,0,2,0,0,75,0,150,0,0,0,0,0,0,0,0,222,5,0,0,0,0,0,0,0,60,0,167
4,133,0,90,0,0,0,0,0,0,24,56,7,63,70,0,7,0,0,0,0,29,25,29,128,0,16,0,0,0,22,59,7,35,41,0,63,0,0,0,0,0,80,14,31,0,74,28,0,0,0,0,18,0,13,70,0,27,80,19,39,0,3,34,60,0,72,19,0,0,0,0,0,0,32,16,0,137,0,42,0,0,0,0,0,179,0,0,4,44,0,0,0,0,2,22,0,140,5,58
226,1,0,0,0,0,0,0,0,0,2,128,0,77,20,0,0,0,0,0,0,2,196,7,22,0,0,0,0,0,2,21,0,108,20,0,76,0,0,0,0,0,4,8,191,0,24,0,0,0,0,0,8,0,0,158,0,18,43,0,2,0,0,77,32,0,102,14,0,0,0,0,0,0,0,0,0,81,0,146,0,0,0,0,0,0,0,0,226,1,0,0,0,0,0,0,0,52,0,175
1,144,0,82,0,0,0,0,0,0,38,63,0,60,64,0,2,0,0,0,0,23,22,15,158,0,9,0,0,0,7,58,6,49,36,0,71,0,0,0,0,0,71,23,27,0,89,17,0,0,0,0,24,0,11,59,0,33,90,10,13,0,0,44,80,0,63,27,0,0,0,0,0,0,12,6,0,142,0,67,0,0,0,0,0,185,0,0,0,42,0,0,0,0,0,10,0,164,1,52
231,0,0,0,0,0,0,0,0,0,0,135,0,88,8,0,0,0,0,0,0,3,209,2,17,0,0,0,0,0,0,22,0,121,14,0,74,0,0,0,0,0,2,4,207,0,18,0,0,0,0,0,1,0,0,179,0,6,45,0,0,0,0,82,30,0,116,3,0,0,0,0,0,0,0,0,0,70,0,161,0,0,0,0,0,0,0,0,231,0,0,0,0,0,0,0,0,48,0,183
0,150,0,81,0,0,0,0,0,0,23,76,0,55,75,0,2,0,0,0,0,12,17,13,184,0,5,0,0,0,0,60,2,46,32,0,91,0,0,0,0,0,86,15,19,0,97,14,0,0,0,0,22,0,8,46,0,49,98,8,6,0,0,41,84,0,72,28,0,0,0,0,0,0,17,3,0,159,0,52,0,0,0,0,0,196,0,0,0,35,0,0,0,0,0,3,0,180,0,48
238,0,0,0,0,0,0,0,0,0,0,144,0,89,5,0,0,0,0,0,0,0,230,0,8,0,0,0,0,0,0,24,0,122,15,0,77,0,0,0,0,0,0,1,220,0,17,0,0,0,0,0,0,0,0,200,0,4,34,0,0,0,0,76,30,0,130,2,0,0,0,0,0,0,0,0,0,69,0,169,0,0,0,0,0,0,0,0,238,0,0,0,0,0,0,0,0,44,0,194
0,166,0,72,0,0,0,0,0,0,8,82,0,86,62,0,0,0,0,0,0,2,7,4,222,0,3,0,0,0,1,62,1,52,39,0,83,0,0,0,0,0,81,10,13,0,124,10,0,0,0,0,26,0,1,36,0,45,127,3,2,0,0,55,108,0,66,7,0,0,0,0,0,0,6,1,0,169,0,62,0,0,0,0,0,219,0,0,0,19,0,0,0,0,0,6,0,188,0,44
247,0,0,0,0,0,0,0,0,0,0,151,0,91,5,0,0,0,0,0,0,0,241,0,6,0,0,0,0,0,0,9,0,136,6,0,96,0,0,0,0,0,0,0,242,0,5,0,0,0,0,0,0,0,0,213,0,0,34,0,0,0,0,70,28,0,149,0,0,0,0,0,0,0,0,0,0,77,0,170,0,0,0,0,0,0,0,0,247,0,0,0,0,0,0,0,0,35,0,212
0,174,0,73,0,0,0,0,0,0,5,83,0,91,68,0,0,0,0,0,0,10,6,3,226,0,2,0,0,0,0,61,0,61,29,0,96,0,0,0,0,0,77,5,5,0,155,5,0,0,0,0,6,0,0,34,0,47,155,5,0,0,0,62,115,0,68,2,0,0,0,0,0,0,6,0,0,170,0,71,0,0,0,0,0,236,0,0,0,11,0,0,0,0,0,4,0,208,0,35
247,0,0,0,0,0,0,0,0,0,0,159,0,86,2,0,0,0,0,0,0,0,242,0,5,0,0,0,0,0,0,9,0,149,6,0,83,0,0,0,0,0,0,0,246,0,1,0,0,0,0,0,0,0,0,220,0,0,27,0,0,0,0,87,20,0,140,0,0,0,0,0,0,0,0,0,0,55,0,192,0,0,0,0,0,0,0,0,247,0,0,0,0,0,0,0,0,18,0,229
0,179,0,68,0,0,0,0,0,0,0,82,0,109,56,0,0,0,0,0,0,2,5,0,240,0,0,0,0,0,0,59,0,46,37,0,105,0,0,0,0,0,81,8,1,0,156,1,0,0,0,0,7,0,0,27,0,42,171,0,0,0,0,53,119,0,75,0,0,0,0,0,0,0,1,0,0,192,0,54,0,0,0,0,0,245,0,0,0,2,0,0,0,0,0,1,0,228,0,18
238,0,0,0,0,0,0,0,0,0,0,172,0,66,0,0,0,0,0,0,0,0,238,0,0,0,0,0,0,0,0,5,0,145,2,0,86,0,0,0,0,0,0,0,237,0,1,0,0,0,0,0,0,0,0,220,0,0,18,0,0,0,0,67,20,0,151,0,0,0,0,0,0,0,0,0,0,59,0,179,0,0,0,0,0,0,0,0,238,0,0,0,0,0,0,0,0,16,0,222
0,188,0,50,0,0,0,0,0,0,0,62,0,121,55,0,0,0,0,0,0,3,0,0,234,0,1,0,0,0,0,52,0,51,31,0,104,0,0,0,0,0,65,0,1,0,172,0,0,0,0,0,0,0,0,18,0,37,183,0,0,0,0,66,107,0,65,0,0,0,0,0,0,0,0,0,0,179,0,59,0,0,0,0,0,238,0,0,0,0,0,0,0,0,0,0,0,222,0,16
231,0,0,0,0,0,0,0,0,0,0,153,0,78,0,0,0,0,0,0,0,0,231,0,0,0,0,0,0,0,0,4,0,143,0,0,84,0,0,0,0,0,0,0,231,0,0,0,0,0,0,0,0,0,0,222,0,0,9,0,0,0,0,70,17,0,144,0,0,0,0,0,0,0,0,0,0,45,0,186,0,0,0,0,0,0,0,0,231,0,0,0,0,0,0,0,0,9,0,222
0,180,0,51,0,0,0,0,0,0,0,75,0,118,38,0,0,0,0,0,0,0,0,0,231,0,0,0,0,0,0,36,0,64,19,0,112,0,0,0,0,0,64,0,0,0,167,0,0,0,0,0,0,0,0,9,0,33,188,1,0,0,0,76,88,0,67,0,0,0,0,0,0,0,1,0,0,186,0,44,0,0,0,0,0,231,0,0,0,0,0,0,0,0,0,0,0,222,0,9
11,2,1,1,0,0,0,0,0,0,2,6,3,2,2,0,0,0,0,0,0,1,5,1,3,3,0,1,0,1,4,1,0,7,1,0,2,0,0,0,0,3,3,1,2,0,3,3,0,0,0,0,1,0,1,7,0,2,2,2,0,2,3,1,2,0,6,1,0,0,0,0,1,0,1,1,1,9,0,2,0,0,0,0,0,2,0,1,10,2,0,0,0,0,1,2,1,5,1,5
2,3,0,1,0,0,9,0,0,0,2,5,2,3,1,0,2,0,0,0,0,1,2,0,4,3,2,2,0,1,3,3,1,4,0,0,4,0,0,0,0,0,1,2,6,0,3,2,0,1,0,0,0,0,2,4,2,2,2,3,1,2,1,2,5,0,2,1,0,1,0,0,1,0,3,1,0,2,1,7,0,0,0,0,0,9,0,0,3,3,0,0,0,0,0,1,1,7,1,5
94,8,0,3,0,0,0,0,0,0,21,62,12,9,1,0,0,0,0,0,0,9,39,2,11,32,0,11,0,1,21,4,0,71,0,0,9,0,0,0,0,28,17,2,28,0,24,6,0,0,0,0,10,0,3,54,1,5,26,6,0,7,26,10,9,0,52,1,0,0,0,0,1,0,6,8,0,66,0,24,0,0,0,0,0,14,0,0,84,7,0,0,0,0,0,12,0,22,13,58
6,31,11,22,0,0,35,0,0,0,7,30,29,31,6,0,2,0,0,0,0,7,26,14,30,10,4,7,0,7,21,24,1,20,4,0,35,0,0,0,0,10,21,15,27,0,20,12,0,0,0,0,4,0,11,22,4,25,10,29,3,15,11,7,43,0,17,9,0,0,0,0,4,0,16,13,6,28,0,38,0,0,0,0,0,53,0,12,14,26,0,0,0,0,0,13,0,55,1,36
219,7,0,1,0,0,0,0,0,0,30,168,17,12,0,0,0,0,0,0,0,6,110,3,18,69,1,20,0,0,36,3,0,173,0,0,15,0,0,0,0,37,28,5,76,0,63,18,0,0,0,0,7,0,1,145,0,8,60,6,0,5,57,13,18,0,133,1,0,0,0,0,0,0,7,6,0,161,0,53,0,0,0,0,0,19,0,0,204,4,0,0,0,0,0,21,0,33,31,142
6,87,23,54,0,0,57,0,0,0,30,43,64,83,7,0,0,0,0,0,0,34,56,12,73,29,3,12,0,8,44,50,1,42,2,0,88,0,0,0,0,24,38,13,86,0,44,22,0,0,0,0,33,0,15,40,7,41,35,56,4,22,29,24,101,0,39,8,0,0,0,0,1,0,36,30,3,56,0,101,0,0,0,0,0,140,0,3,17,67,0,0,0,0,0,28,0,121,18,60
224,3,0,0,0,0,0,0,0,0,17,188,18,4,0,0,0,0,0,0,0,4,140,0,7,67,1,8,0,0,30,0,0,190,0,0,7,0,0,0,0,29,27,6,96,0,57,12,0,0,0,0,7,0,0,169,0,6,41,4,0,4,51,6,10,0,156,0,0,0,0,0,0,0,3,0,0,176,0,48,0,0,0,0,0,9,0,0,211,7,0,0,0,0,0,11,0,32,19,165
3,121,13,53,0,0,37,0,0,0,38,31,65,90,3,0,0,0,0,0,0,34,41,6,81,38,3,24,0,0,56,49,0,34,0,0,88,0,0,0,0,14,37,13,81,0,62,20,0,0,0,0,29,0,7,38,4,33,65,51,0,9,29,25,111,0,42,11,0,0,0,0,0,0,31,27,0,49,0,120,0,0,0,0,0,165,0,0,12,50,0,0,0,0,0,30,0,126,24,47
230,1,0,0,0,0,0,0,0,0,10,214,6,1,0,0,0,0,0,0,0,0,131,0,12,81,0,7,0,0,15,0,0,212,0,0,4,0,0,0,0,33,18,0,107,0,68,5,0,0,0,0,0,0,1,188,0,5,35,2,0,0,55,8,6,0,162,0,0,0,0,0,0,0,2,0,0,193,0,36,0,0,0,0,0,4,0,0,227,0,0,0,0,0,0,9,0,34,1,187
1,147,8,47,0,0,28,0,0,0,48,14,76,93,0,0,0,0,0,0,0,29,65,6,82,29,2,18,0,0,61,51,0,17,0,0,102,0,0,0,0,11,51,9,79,0,60,21,0,0,0,0,22,0,1,32,0,32,91,53,0,13,29,26,121,0,35,7,0,0,0,0,0,0,26,17,0,37,0,151,0,0,0,0,0,183,0,0,3,45,0,0,0,0,0,22,0,134,37,38
238,0,0,0,0,0,0,0,0,0,8,225,4,1,0,0,0,0,0,0,0,0,157,0,10,70,0,1,0,0,8,0,0,229,0,0,1,0,0,0,0,22,18,0,129,0,68,1,0,0,0,0,0,0,0,199,0,1,37,1,0,1,46,1,3,0,187,0,0,0,0,0,0,0,0,0,0,208,0,30,0,0,0,0,0,2,0,0,236,0,0,0,0,0,0,1,0,13,0,224
0,144,1,62,0,0,31,0,0,0,44,13,82,99,0,0,0,0,0,0,0,11,58,1,95,66,0,7,0,0,80,40,0,9,0,0,109,0,0,0,0,30,40,2,86,0,71,9,0,0,0,0,14,0,0,34,0,42,99,49,0,7,42,19,138,0,31,1,0,0,0,0,0,0,22,19,0,30,0,167,0,0,0,0,0,195,0,0,2,41,0,0,0,0,0,26,0,191,7,14
247,0,0,0,0,0,0,0,0,0,0,244,1,2,0,0,0,0,0,0,0,0,147,0,9,91,0,0,0,0,7,0,0,240,0,0,0,0,0,0,0,33,9,0,136,0,69,0,0,0,0,0,0,0,0,218,0,1,28,0,0,0,36,1,4,0,206,0,0,0,0,0,0,0,0,0,0,222,0,25,0,0,0,0,0,0,0,0,247,0,0,0,0,0,0,0,0,12,0,235
0,177,1,57,0,0,12,0,0,0,45,3,100,99,0,0,0,0,0,0,0,9,81,0,95,56,0,6,0,0,65,51,0,7,0,0,124,0,0,0,0,21,36,1,84,0,98,7,0,0,0,0,3,0,0,29,0,36,118,61,0,9,48,19,142,0,29,0,0,0,0,0,0,0,20,6,0,25,0,196,0,0,0,0,0,217,0,0,0,30,0,0,0,0,0,24,0,204,7,12
247,0,0,0,0,0,0,0,0,0,0,247,0,0,0,0,0,0,0,0,0,0,178,0,1,68,0,0,0,0,1,0,0,246,0,0,0,0,0,0,0,13,13,0,164,0,57,0,0,0,0,0,0,0,0,229,0,0,18,0,0,0,30,0,2,0,215,0,0,0,0,0,0,0,0,0,0,237,0,10,0,0,0,0,0,0,0,0,247,0,0,0,0,0,0,0,0,12,0,235
0,196,1,42,0,0,8,0,0,0,44,0,84,119,0,0,0,0,0,0,0,9,55,0,121,61,0,1,0,0,85,40,0,1,0,0,121,0,0,0,0,22,41,0,66,0,116,2,0,0,0,0,1,0,0,18,0,33,143,52,0,1,53,7,161,0,25,0,0,0,0,0,0,0,12,7,0,10,0,218,0,0,0,0,0,221,0,0,0,26,0,0,0,0,0,9,0,226,0,12
238,0,0,0,0,0,0,0,0,0,0,238,0,0,0,0,0,0,0,0,0,0,175,0,1,62,0,0,0,0,0,0,0,238,0,0,0,0,0,0,0,10,2,0,169,0,57,0,0,0,0,0,0,0,0,229,0,0,9,0,0,0,26,0,0,0,212,0,0,0,0,0,0,0,0,0,0,233,0,5,0,0,0,0,0,0,0,0,238,0,0,0,0,0,0,0,0,4,0,234
0,208,1,23,0,0,6,0,0,0,26,0,82,130,0,0,0,0,0,0,0,1,55,0,121,61,0,0,0,0,65,50,0,0,0,0,123,0,0,0,0,15,39,0,66,0,118,0,0,0,0,0,1,0,0,9,0,26,157,45,0,0,48,2,165,0,23,0,0,0,0,0,0,0,5,3,0,5,0,225,0,0,0,0,0,217,0,0,0,21,0,0,0,0,0,1,0,233,0,4
231,0,0,0,0,0,0,0,0,0,0,231,0,0,0,0,0,0,0,0,0,0,176,0,1,54,0,0,0,0,0,0,0,231,0,0,0,0,0,0,0,6,0,0,175,0,50,0,0,0,0,0,0,0,0,230,0,0,1,0,0,0,12,0,0,0,219,0,0,0,0,0,0,0,0,0,0,230,0,1,0,0,0,0,0,0,0,0,231,0,0,0,0,0,0,0,0,3,0,228
0,200,0,26,0,0,5,0,0,0,36,0,70,125,0,0,0,0,0,0,0,0,52,0,102,77,0,0,0,0,63,36,0,0,0,0,132,0,0,0,0,19,47,0,50,0,115,0,0,0,0,0,0,0,0,1,0,36,150,44,0,0,64,3,157,0,7,0,0,0,0,0,0,0,7,1,0,1,0,222,0,0,0,0,0,224,0,0,0,7,0,0,0,0,0,0,0,228,0,3
13,1,1,0,0,0,0,0,0,0,0,7,3,3,2,0,0,0,0,0,0,0,5,1,3,3,1,2,0,0,2,0,0,7,3,0,3,0,0,0,0,1,4,0,6,0,3,1,0,0,0,0,2,0,2,6,0,2,2,1,1,1,2,2,5,0,3,1,0,0,0,0,1,0,2,3,0,8,0,1,0,0,0,0,0,1,0,1,13,0,0,0,1,0,0,4,0,5,0,5
1,9,1,4,0,0,0,0,0,0,3,3,2,2,4,0,1,0,0,0,0,3,4,0,3,1,3,1,0,0,1,6,0,2,2,0,4,0,0,0,0,1,4,0,3,1,3,3,0,0,0,0,0,0,0,4,0,5,3,3,2,0,0,2,1,1,8,1,0,0,0,0,2,0,5,0,0,3,0,5,0,0,0,0,1,11,0,0,1,2,0,0,1,0,0,0,0,5,1,8
103,1,1,0,0,0,0,0,0,0,0,71,15,7,12,0,0,0,0,0,0,4,53,7,19,18,3,1,0,0,4,2,0,70,16,0,13,0,0,0,0,7,33,0,45,0,15,5,0,0,0,0,13,0,12,59,0,10,10,1,14,1,16,17,16,0,36,5,0,0,0,0,2,0,13,6,0,69,0,15,0,0,0,0,0,3,0,0,102,0,0,0,2,0,0,27,0,21,0,55
2,70,9,24,0,0,0,0,0,0,16,15,23,38,12,0,1,0,0,0,0,7,17,7,29,18,18,9,0,0,18,21,0,16,17,0,33,0,0,0,0,8,20,0,29,2,28,18,0,0,0,0,14,0,15,12,0,22,27,15,4,4,4,13,35,0,34,11,0,0,0,0,5,0,22,21,0,25,0,32,0,0,0,0,0,88,0,8,3,6,0,0,8,0,0,14,0,48,1,34
227,0,0,0,0,0,0,0,0,0,0,181,22,13,11,0,0,0,0,0,0,7,146,1,39,25,7,2,0,0,4,2,0,179,28,0,14,0,0,0,0,8,78,0,109,0,27,5,0,0,0,0,22,0,12,159,0,21,13,0,26,1,37,13,37,0,108,5,0,0,0,0,0,0,34,6,0,160,0,27,0,0,0,0,0,1,0,0,226,0,0,0,0,0,0,46,0,29,0,152
0,161,14,52,0,0,0,0,0,0,20,17,64,84,42,0,0,0,0,0,0,15,47,17,71,37,31,9,0,0,22,42,0,25,48,0,90,0,0,0,0,27,45,0,68,0,60,27,0,0,0,0,38,0,41,31,0,42,61,14,23,8,12,43,59,0,64,18,0,0,0,0,7,0,48,29,0,54,0,89,0,0,0,0,0,216,0,3,1,7,0,0,5,0,0,39,0,126,0,57
227,0,0,0,0,0,0,0,0,0,0,201,16,2,8,0,0,0,0,0,0,3,167,0,28,24,4,1,0,0,0,0,0,197,18,0,12,0,0,0,0,1,83,0,112,0,30,1,0,0,0,0,10,0,16,180,0,12,9,0,22,0,26,11,29,0,138,1,0,0,0,0,0,0,27,5,0,181,0,14,0,0,0,0,0,1,0,0,226,0,0,0,0,0,0,49,0,20,0,158
0,183,6,38,0,0,0,0,0,0,15,15,72,94,31,0,0,0,0,0,0,20,40,0,96,31,35,5,0,0,18,45,0,23,57,0,84,0,0,0,0,12,51,0,71,0,74,19,0,0,0,0,49,0,15,29,0,67,51,16,20,0,36,33,75,0,50,13,0,0,0,0,2,0,52,31,0,41,0,101,0,0,0,0,0,224,0,0,1,2,0,0,0,0,0,46,0,125,0,56
231,0,0,0,0,0,0,0,0,0,0,203,20,2,6,0,0,0,0,0,0,1,181,0,29,14,6,0,0,0,0,0,0,207,18,0,6,0,0,0,0,0,89,0,120,0,22,0,0,0,0,0,10,0,11,196,0,7,7,0,16,0,19,11,26,0,159,0,0,0,0,0,0,0,10,1,0,203,0,17,0,0,0,0,0,0,0,0,231,0,0,0,0,0,0,37,0,14,0,180
0,189,0,42,0,0,0,0,0,0,11,20,70,97,33,0,0,0,0,0,0,11,34,0,110,43,29,4,0,0,7,38,0,20,66,0,100,0,0,0,0,4,57,0,86,0,69,15,0,0,0,0,38,0,17,28,0,76,63,9,29,2,37,32,76,0,53,2,0,0,0,0,0,0,57,23,0,25,0,126,0,0,0,0,0,231,0,0,0,0,0,0,0,0,0,44,0,145,0,42
238,0,0,0,0,0,0,0,0,0,0,224,12,0,2,0,0,0,0,0,0,0,201,0,20,13,4,0,0,0,0,0,0,224,11,0,3,0,0,0,0,0,92,0,129,0,17,0,0,0,0,0,2,0,2,223,0,7,4,0,9,0,5,6,34,0,184,0,0,0,0,0,0,0,6,0,0,225,0,7,0,0,0,0,0,0,0,0,238,0,0,0,0,0,0,35,0,5,0,198
0,215,0,23,0,0,0,0,0,0,8,9,79,109,33,0,0,0,0,0,0,8,32,0,129,31,38,0,0,0,6,41,0,10,75,0,106,0,0,0,0,3,72,0,80,0,80,3,0,0,0,0,47,0,25,5,0,71,82,8,19,0,45,32,99,0,41,2,0,0,0,0,0,0,83,13,0,13,0,129,0,0,0,0,0,238,0,0,0,0,0,0,0,0,0,60,0,143,0,35
247,0,0,0,0,0,0,0,0,0,0,236,8,2,1,0,0,0,0,0,0,0,223,0,17,6,1,0,0,0,0,0,0,240,5,0,2,0,0,0,0,0,93,0,133,0,21,0,0,0,0,0,0,0,1,243,0,2,1,0,1,0,1,3,13,0,229,0,0,0,0,0,0,0,1,0,0,244,0,2,0,0,0,0,0,0,0,0,247,0,0,0,0,0,0,24,0,5,0,218
0,225,0,22,0,0,0,0,0,0,2,10,102,111,22,0,0,0,0,0,0,6,23,0,158,39,20,1,0,0,5,37,0,2,79,0,124,0,0,0,0,1,73,0,87,0,85,1,0,0,0,0,39,0,30,3,0,105,67,3,27,0,49,43,114,0,14,0,0,0,0,0,0,0,68,15,0,3,0,161,0,0,0,0,0,247,0,0,0,0,0,0,0,0,0,52,0,168,0,27
247,0,0,0,0,0,0,0,0,0,0,243,4,0,0,0,0,0,0,0,0,0,237,0,9,0,1,0,0,0,0,0,0,242,3,0,2,0,0,0,0,0,92,0,142,0,13,0,0,0,0,0,0,0,0,244,0,3,0,0,0,0,1,0,17,0,229,0,0,0,0,0,0,0,0,0,0,246,0,1,0,0,0,0,0,0,0,0,247,0,0,0,0,0,0,16,0,10,0,221
0,236,0,11,0,0,0,0,0,0,1,1,97,128,20,0,0,0,0,0,0,8,9,0,171,38,21,0,0,0,2,32,0,3,86,0,124,0,0,0,0,0,85,0,87,0,72,3,0,0,0,0,48,0,11,1,0,104,82,1,20,0,34,39,136,0,18,0,0,0,0,0,0,0,74,10,0,1,0,162,0,0,0,0,0,247,0,0,0,0,0,0,0,0,0,56,0,167,0,24
238,0,0,0,0,0,0,0,0,0,0,238,0,0,0,0,0,0,0,0,0,0,235,0,3,0,0,0,0,0,0,0,0,235,2,0,1,0,0,0,0,0,82,0,150,0,6,0,0,0,0,0,0,0,0,237,0,1,0,0,0,0,0,0,4,0,234,0,0,0,0,0,0,0,0,0,0,238,0,0,0,0,0,0,0,0,0,0,238,0,0,0,0,0,0,4,0,1,0,233
0,229,0,9,0,0,0,0,0,0,0,0,117,111,10,0,0,0,0,0,0,1,3,0,188,30,16,0,0,0,0,20,0,1,100,0,117,0,0,0,0,0,98,0,77,0,61,2,0,0,0,0,44,0,8,1,0,125,60,0,13,0,17,45,159,0,4,0,0,0,0,0,0,0,52,2,0,0,0,184,0,0,0,0,0,238,0,0,0,0,0,0,0,0,0,49,0,185,0,4
231,0,0,0,0,0,0,0,0,0,0,231,0,0,0,0,0,0,0,0,0,0,229,0,2,0,0,0,0,0,0,0,0,231,0,0,0,0,0,0,0,0,74,0,156,0,1,0,0,0,0,0,0,0,0,231,0,0,0,0,0,0,0,0,4,0,227,0,0,0,0,0,0,0,0,0,0,231,0,0,0,0,0,0,0,0,0,0,231,0,0,0,0,0,0,3,0,2,0,226
0,229,0,2,0,0,0,0,0,0,1,0,110,110,10,0,0,0,0,0,0,0,2,0,203,13,13,0,0,0,0,20,0,0,96,0,115,0,0,0,0,0,104,0,69,0,58,0,0,0,0,0,28,0,0,0,0,119,84,0,6,0,9,37,175,0,4,0,0,0,0,0,0,0,51,2,0,0,0,178,0,0,0,0,0,231,0,0,0,0,0,0,0,0,0,58,0,168,0,5
8,5,0,2,0,0,0,0,0,0,4,8,1,1,0,0,1,0,0,0,0,2,8,2,0,2,0,1,0,0,3,2,2,6,0,0,2,0,0,0,0,1,3,0,5,0,3,3,0,0,0,0,2,0,0,7,1,3,1,1,2,1,1,1,6,0,3,1,0,0,0,0,0,0,0,0,2,7,1,5,0,0,0,0,0,0,0,1,13,1,0,0,0,0,0,4,0,3,0,8
2,7,2,2,0,0,2,0,0,0,1,4,2,3,5,0,0,0,0,0,0,2,2,1,6,1,2,0,0,1,4,2,0,4,4,0,1,0,0,0,0,0,3,2,5,0,0,5,0,0,0,0,1,0,5,2,0,2,3,2,1,1,3,2,4,1,3,0,0,0,0,0,0,0,4,4,0,5,0,2,0,0,0,0,1,12,0,0,0,2,0,0,0,0,1,3,0,4,3,4
77,24,0,4,0,0,0,0,0,0,30,69,4,1,0,0,1,0,0,0,0,10,73,5,2,14,1,0,0,0,19,20,6,42,0,0,18,0,0,0,0,2,10,1,52,0,16,24,0,0,0,0,19,0,0,49,1,10,14,12,1,19,11,17,28,0,28,1,0,0,0,0,0,0,0,5,12,35,0,53,0,0,0,0,0,0,0,0,101,4,0,0,0,0,0,21,0,15,0,69
13,62,5,23,0,0,2,0,0,0,19,25,21,13,22,0,5,0,0,0,0,10,14,16,40,13,8,4,0,0,14,33,12,23,10,0,13,0,0,0,0,4,22,7,35,0,13,24,0,0,0,0,9,0,3,32,11,22,8,20,10,8,10,5,45,2,21,4,0,0,0,0,0,0,8,13,6,53,4,21,0,0,0,0,0,70,0,12,3,20,0,0,0,0,1,28,0,43,6,27
176,46,0,5,0,0,0,0,0,0,52,174,1,0,0,0,0,0,0,0,0,16,181,10,2,18,0,0,0,0,45,38,6,97,3,0,38,0,0,0,0,1,13,1,137,0,26,49,0,0,0,0,33,0,0,121,1,18,32,22,2,39,12,28,82,0,64,0,0,0,0,0,0,0,0,6,8,92,0,121,0,0,0,0,0,0,0,0,225,2,0,0,0,0,0,39,0,22,0,166
35,147,1,44,0,0,0,0,0,0,72,46,42,27,37,0,3,0,0,0,0,30,25,18,106,41,5,2,0,0,28,81,10,64,8,0,36,0,0,0,0,9,48,4,68,0,33,65,0,0,0,0,33,0,4,69,5,48,22,46,7,30,31,29,71,0,56,3,0,0,0,0,0,0,9,19,25,118,0,56,0,0,0,0,0,157,0,19,2,49,0,0,0,0,0,68,0,108,7,44
182,41,0,4,0,0,0,0,0,0,42,184,0,1,0,0,0,0,0,0,0,6,203,6,1,11,0,0,0,0,46,40,1,115,0,0,25,0,0,0,0,0,15,0,153,0,15,44,0,0,0,0,17,0,0,156,0,11,24,19,0,21,5,26,101,0,74,0,0,0,0,0,0,0,0,1,4,89,0,133,0,0,0,0,0,0,0,0,227,0,0,0,0,0,0,30,0,16,0,181
38,156,0,33,0,0,0,0,0,0,112,40,43,11,20,0,1,0,0,0,0,53,16,11,102,42,3,0,0,0,25,69,15,50,9,0,59,0,0,0,0,2,46,4,63,0,26,86,0,0,0,0,49,0,2,45,0,37,43,51,3,39,29,36,62,0,57,1,0,0,0,0,0,0,3,24,20,119,0,61,0,0,0,0,0,160,0,3,0,64,0,0,0,0,0,81,0,113,0,33
199,32,0,0,0,0,0,0,0,0,30,201,0,0,0,0,0,0,0,0,0,4,217,4,0,6,0,0,0,0,43,35,0,123,1,0,29,0,0,0,0,0,6,0,169,0,12,44,0,0,0,0,25,0,0,180,0,7,10,9,0,23,2,22,113,0,71,0,0,0,0,0,0,0,0,0,0,93,0,138,0,0,0,0,0,0,0,0,231,0,0,0,0,0,0,22,0,9,0,200
27,180,0,24,0,0,0,0,0,0,126,30,35,7,33,0,0,0,0,0,0,53,8,10,126,33,1,0,0,0,31,79,8,57,5,0,51,0,0,0,0,1,56,0,54,0,32,88,0,0,0,0,34,0,0,41,0,35,55,66,0,33,23,31,74,0,70,0,0,0,0,0,0,0,1,10,15,131,0,74,0,0,0,0,0,171,0,1,0,59,0,0,0,0,0,90,0,113,1,27
212,26,0,0,0,0,0,0,0,0,40,198,0,0,0,0,0,0,0,0,0,1,232,3,0,2,0,0,0,0,40,30,0,149,0,0,19,0,0,0,0,0,6,0,206,0,6,20,0,0,0,0,19,0,0,195,0,8,8,8,0,26,0,6,135,0,71,0,0,0,0,0,0,0,0,0,0,84,0,154,0,0,0,0,0,0,0,0,238,0,0,0,0,0,0,8,0,3,0,227
26,196,0,16,0,0,0,0,0,0,142,40,29,4,23,0,0,0,0,0,0,49,5,22,134,28,0,0,0,0,47,90,1,53,4,0,43,0,0,0,0,0,43,0,30,0,34,131,0,0,0,0,39,0,0,35,0,34,67,63,0,26,29,28,79,0,76,0,0,0,0,0,0,0,0,1,8,154,0,75,0,0,0,0,0,175,0,0,0,63,0,0,0,0,0,104,0,123,0,11
226,21,0,0,0,0,0,0,0,0,18,229,0,0,0,0,0,0,0,0,0,0,246,0,0,1,0,0,0,0,31,37,0,162,0,0,17,0,0,0,0,0,3,0,213,0,3,28,0,0,0,0,8,0,0,230,0,2,0,7,0,21,0,6,140,0,80,0,0,0,0,0,0,0,0,0,0,95,0,152,0,0,0,0,0,0,0,0,247,0,0,0,0,0,0,10,0,4,0,233
20,219,0,8,0,0,0,0,0,0,154,18,43,9,23,0,0,0,0,0,0,44,1,3,146,53,0,0,0,0,45,107,1,52,1,0,41,0,0,0,0,0,46,0,34,0,22,145,0,0,0,0,38,0,0,12,0,33,92,72,0,24,16,40,80,0,87,0,0,0,0,0,0,0,1,2,2,152,0,90,0,0,0,0,0,210,0,0,0,37,0,0,0,0,0,99,0,135,0,13
229,18,0,0,0,0,0,0,0,0,12,235,0,0,0,0,0,0,0,0,0,0,247,0,0,0,0,0,0,0,19,22,0,191,0,0,15,0,0,0,0,0,0,0,231,0,0,16,0,0,0,0,3,0,0,242,0,0,0,2,0,6,0,4,160,0,77,0,0,0,0,0,0,0,0,0,0,79,0,168,0,0,0,0,0,0,0,0,247,0,0,0,0,0,0,3,0,0,0,244
18,225,0,4,0,0,0,0,0,0,201,12,25,0,9,0,0,0,0,0,0,29,0,1,183,34,0,0,0,0,59,98,0,35,1,0,54,0,0,0,0,0,47,0,16,0,31,153,0,0,0,0,39,0,0,4,0,41,85,78,0,41,8,28,66,0,104,0,0,0,0,0,0,0,0,1,2,168,0,76,0,0,0,0,0,207,0,0,0,40,0,0,0,0,0,105,0,139,0,3
232,6,0,0,0,0,0,0,0,0,3,235,0,0,0,0,0,0,0,0,0,0,238,0,0,0,0,0,0,0,10,23,0,202,0,0,3,0,0,0,0,0,0,0,223,0,0,15,0,0,0,0,3,0,0,235,0,0,0,0,0,1,0,0,153,0,84,0,0,0,0,0,0,0,0,0,0,91,0,147,0,0,0,0,0,0,0,0,238,0,0,0,0,0,0,0,0,0,0,238
6,230,0,2,0,0,0,0,0,0,200,3,28,1,6,0,0,0,0,0,0,21,0,0,203,14,0,0,0,0,54,94,0,29,0,0,61,0,0,0,0,0,32,0,15,0,18,173,0,0,0,0,28,0,0,3,0,29,92,86,0,32,4,20,75,0,107,0,0,0,0,0,0,0,0,0,0,147,0,91,0,0,0,0,0,219,0,0,0,19,0,0,0,0,0,98,0,140,0,0
228,3,0,0,0,0,0,0,0,0,1,230,0,0,0,0,0,0,0,0,0,0,231,0,0,0,0,0,0,0,17,13,0,196,0,0,5,0,0,0,0,0,0,0,223,0,0,8,0,0,0,0,0,0,0,231,0,0,0,0,0,0,0,0,175,0,56,0,0,0,0,0,0,0,0,0,0,68,0,163,0,0,0,0,0,0,0,0,231,0,0,0,0,0,0,0,0,0,0,231
3,227,0,1,0,0,0,0,0,0,202,1,22,0,6,0,0,0,0,0,0,8,0,0,223,0,0,0,0,0,41,123,0,18,0,0,49,0,0,0,0,0,27,0,8,0,16,180,0,0,0,0,52,0,0,0,0,16,80,83,0,18,6,11,56,0,140,0,0,0,0,0,0,0,0,0,0,163,0,68,0,0,0,0,0,223,0,0,0,8,0,0,0,0,0,99,0,132,0,0
11,1,0,3,0,0,0,0,0,0,3,4,2,5,1,0,0,0,0,0,0,1,8,2,1,0,1,2,0,0,1,2,0,9,1,0,2,0,0,0,0,0,3,0,8,0,4,0,0,0,0,0,3,1,1,4,1,1,1,3,2,0,1,4,1,0,7,0,0,0,0,0,0,0,1,3,1,9,0,1,0,0,0,0,0,3,0,2,8,2,0,0,0,0,0,1,1,6,1,6
1,8,1,3,0,0,2,0,0,0,1,5,2,1,3,0,3,0,0,0,0,0,2,0,6,0,5,0,0,2,1,5,0,2,4,0,3,0,0,0,0,1,1,0,5,0,4,3,0,1,0,2,1,0,2,4,1,0,3,2,0,1,0,3,5,0,6,0,0,0,0,0,0,0,5,1,0,2,0,7,0,0,0,0,0,8,0,0,4,3,0,0,0,0,1,5,0,2,1,6
91,4,0,10,0,0,0,0,0,0,19,49,13,19,5,0,0,0,0,0,0,9,72,3,4,0,4,12,0,1,11,19,0,63,1,0,11,0,0,0,0,0,20,0,51,0,26,8,0,0,0,2,16,1,6,34,5,5,9,27,15,0,2,23,3,0,61,1,0,0,0,0,0,0,0,11,11,64,0,19,0,0,0,0,0,23,0,2,75,5,0,0,0,0,0,1,0,41,0,63
6,53,1,40,0,0,5,0,0,0,17,21,16,33,11,0,7,0,0,0,0,6,20,15,37,0,17,10,0,0,4,31,0,26,9,0,35,0,0,0,0,0,20,0,40,0,25,20,0,0,0,1,11,9,15,24,8,6,7,24,14,2,7,24,27,0,31,0,0,0,0,0,0,0,23,19,3,23,0,37,0,0,0,0,0,55,0,9,12,29,0,0,0,0,0,18,0,41,7,39
213,2,0,12,0,0,0,0,0,0,47,112,21,43,4,0,0,0,0,0,0,5,196,6,6,0,1,13,0,0,4,44,0,172,1,0,6,0,0,0,0,0,33,0,140,0,47,7,0,0,0,1,42,0,14,88,4,8,11,59,21,0,3,43,0,0,160,0,0,0,0,0,0,0,0,19,11,168,0,29,0,0,0,0,0,49,0,0,172,6,0,0,0,0,0,0,0,89,0,138
12,108,0,104,0,0,3,0,0,0,37,63,42,61,21,0,3,0,0,0,0,39,19,16,101,0,32,19,0,1,31,63,0,37,9,0,87,0,0,0,0,0,42,0,73,0,80,32,0,0,0,6,17,0,32,56,15,17,25,59,32,0,9,69,63,0,54,0,0,0,0,0,0,0,36,25,26,36,0,104,0,0,0,0,0,143,0,4,33,47,0,0,0,0,0,22,0,114,3,88
217,2,0,8,0,0,0,0,0,0,43,136,11,37,0,0,0,0,0,0,0,0,216,0,4,0,1,6,0,0,0,33,0,189,0,0,5,0,0,0,0,0,27,0,161,0,39,0,0,0,0,0,43,0,14,113,0,3,3,51,15,0,2,29,0,0,181,0,0,0,0,0,0,0,0,9,1,186,0,31,0,0,0,0,0,41,0,0,184,2,0,0,0,0,0,0,0,79,0,148
6,105,0,116,0,0,0,0,0,0,42,53,41,78,13,0,0,0,0,0,0,41,7,12,134,0,23,10,0,0,23,67,0,33,6,0,98,0,0,0,0,0,48,0,58,0,90,31,0,0,0,1,28,0,21,49,11,13,29,75,19,0,5,100,62,0,41,0,0,0,0,0,0,0,28,27,39,25,0,108,0,0,0,0,0,146,0,6,27,48,0,0,0,0,0,13,0,130,5,79
228,0,0,3,0,0,0,0,0,0,37,146,8,40,0,0,0,0,0,0,0,0,226,0,2,0,0,3,0,0,0,29,0,199,0,0,3,0,0,0,0,0,17,0,181,0,32,1,0,0,0,0,50,0,10,117,0,1,2,51,11,0,0,31,0,0,189,0,0,0,0,0,0,0,0,9,0,205,0,17,0,0,0,0,0,29,0,0,201,1,0,0,0,0,0,0,0,76,0,155
2,108,0,121,0,0,0,0,0,0,56,56,34,79,6,0,0,0,0,0,0,31,5,8,150,0,25,12,0,0,14,97,0,29,2,0,89,0,0,0,0,0,49,0,44,0,113,25,0,0,0,0,33,0,22,59,5,11,22,79,29,0,4,102,58,0,38,0,0,0,0,0,0,0,17,20,33,20,0,141,0,0,0,0,0,170,0,1,25,35,0,0,0,0,0,9,0,146,0,76
238,0,0,0,0,0,0,0,0,0,27,182,2,27,0,0,0,0,0,0,0,0,238,0,0,0,0,0,0,0,0,13,0,222,0,0,3,0,0,0,0,0,16,0,186,0,36,0,0,0,0,0,50,0,10,126,0,0,0,52,3,0,0,18,0,0,217,0,0,0,0,0,0,0,0,4,0,210,0,24,0,0,0,0,0,23,0,0,215,0,0,0,0,0,0,0,0,75,0,163
0,97,0,141,0,0,0,0,0,0,70,40,34,91,3,0,0,0,0,0,0,21,0,4,172,0,33,8,0,0,9,121,0,15,1,0,92,0,0,0,0,0,53,0,50,0,115,20,0,0,0,0,39,0,28,59,3,2,24,83,15,0,1,128,74,0,20,0,0,0,0,0,0,0,13,12,40,27,0,146,0,0,0,0,0,194,0,0,23,21,0,0,0,0,0,8,0,155,0,75
247,0,0,0,0,0,0,0,0,0,20,191,3,33,0,0,0,0,0,0,0,0,247,0,0,0,0,0,0,0,0,11,0,236,0,0,0,0,0,0,0,0,5,0,214,0,28,0,0,0,0,0,49,0,5,129,0,0,0,64,1,0,0,17,0,0,229,0,0,0,0,0,0,0,0,1,0,234,0,12,0,0,0,0,0,20,0,0,227,0,0,0,0,0,0,0,0,74,0,173
0,110,0,137,0,0,0,0,0,0,75,39,19,110,4,0,0,0,0,0,0,10,0,0,228,0,5,4,0,0,2,143,0,11,0,0,91,0,0,0,0,0,58,0,30,0,145,14,0,0,0,0,49,0,21,69,2,2,9,95,20,0,0,159,50,0,18,0,0,0,0,0,0,0,8,13,16,13,0,197,0,0,0,0,0,217,0,0,19,11,0,0,0,0,0,3,0,170,0,74
247,0,0,0,0,0,0,0,0,0,13,208,2,24,0,0,0,0,0,0,0,0,247,0,0,0,0,0,0,0,0,6,0,241,0,0,0,0,0,0,0,0,2,0,228,0,17,0,0,0,0,0,30,0,0,178,0,0,0,39,0,0,0,10,0,0,237,0,0,0,0,0,0,0,0,0,0,241,0,6,0,0,0,0,0,12,0,0,235,0,0,0,0,0,0,0,0,56,0,191
0,110,0,137,0,0,0,0,0,0,91,24,23,109,0,0,0,0,0,0,0,5,0,0,229,0,13,0,0,0,0,144,0,6,0,0,97,0,0,0,0,0,48,0,17,0,171,11,0,0,0,0,54,0,12,46,0,0,1,134,12,0,0,166,59,0,10,0,0,0,0,0,0,0,19,6,16,6,0,200,0,0,0,0,0,232,0,0,12,3,0,0,0,0,0,1,0,190,0,56
238,0,0,0,0,0,0,0,0,0,10,206,0,22,0,0,0,0,0,0,0,0,238,0,0,0,0,0,0,0,0,0,0,238,0,0,0,0,0,0,0,0,0,0,224,0,14,0,0,0,0,0,22,0,0,177,0,0,0,39,0,0,0,5,0,0,233,0,0,0,0,0,0,0,0,0,0,237,0,1,0,0,0,0,0,13,0,0,225,0,0,0,0,0,0,0,0,39,0,199
0,117,0,121,0,0,0,0,0,0,79,23,18,118,0,0,0,0,0,0,0,0,0,0,235,0,3,0,0,0,0,149,0,0,0,0,89,0,0,0,0,0,40,0,14,0,177,7,0,0,0,0,75,0,4,38,0,1,0,120,4,0,0,191,38,0,5,0,0,0,0,0,0,0,9,2,7,1,0,219,0,0,0,0,0,222,0,0,13,3,0,0,0,0,0,0,0,199,0,39
231,0,0,0,0,0,0,0,0,0,5,214,0,12,0,0,0,0,0,0,0,0,231,0,0,0,0,0,0,0,0,0,0,231,0,0,0,0,0,0,0,0,0,0,226,0,5,0,0,0,0,0,20,0,0,173,0,0,0,38,0,0,0,1,0,0,230,0,0,0,0,0,0,0,0,0,0,231,0,0,0,0,0,0,0,2,0,0,229,0,0,0,0,0,0,0,0,47,0,184
0,97,0,134,0,0,0,0,0,0,86,14,9,122,0,0,0,0,0,0,0,0,0,0,231,0,0,0,0,0,0,156,0,0,0,0,75,0,0,0,0,0,29,0,5,0,195,2,0,0,0,0,62,0,3,41,0,0,0,125,0,0,0,194,36,0,1,0,0,0,0,0,0,0,4,1,3,0,0,223,0,0,0,0,0,228,0,0,2,1,0,0,0,0,0,0,0,184,0,47
11,1,1,2,0,0,0,0,0,0,6,4,2,3,0,0,0,0,0,0,1,1,6,1,2,3,0,0,0,1,1,3,2,7,1,0,1,0,0,0,0,1,2,1,4,1,5,1,0,0,0,0,0,0,0,7,1,1,5,1,1,1,3,3,0,0,5,2,0,0,0,0,1,0,1,3,0,9,0,1,0,0,0,0,0,2,0,0,12,1,0,0,0,0,0,2,0,6,1,6
1,4,0,5,0,0,5,0,0,0,0,7,1,2,2,0,3,0,0,0,0,3,3,0,3,1,2,2,0,1,2,4,0,5,2,0,2,0,0,0,0,1,4,0,3,1,2,4,0,0,0,0,0,0,2,3,0,1,2,7,2,1,1,1,5,0,4,0,0,1,0,0,0,0,3,0,1,4,0,7,0,0,0,0,0,5,0,1,2,7,0,0,1,0,0,2,0,5,0,7
95,3,3,4,0,0,0,0,0,0,41,43,9,12,0,0,0,0,0,0,0,14,42,10,10,26,3,0,0,0,0,26,7,60,2,0,10,0,0,0,0,12,16,2,29,5,37,4,0,0,0,0,0,0,1,44,4,2,44,10,0,12,25,19,1,0,32,16,0,0,0,0,1,0,4,7,0,77,0,16,0,0,0,0,0,1,0,0,94,10,0,0,0,0,0,10,0,25,2,68
4,25,11,57,0,0,8,0,0,0,20,37,19,23,1,0,5,0,0,0,8,11,23,4,22,21,8,0,0,8,7,23,12,33,15,0,15,0,0,0,0,8,17,15,25,7,21,12,0,0,0,0,0,0,1,30,10,11,14,39,7,4,12,21,13,0,37,11,0,0,0,0,0,0,12,27,4,24,0,38,0,0,0,0,0,31,0,1,10,63,0,0,0,0,0,12,0,52,8,33
223,2,0,2,0,0,0,0,0,0,95,107,9,16,0,0,0,0,0,0,0,27,113,16,11,58,2,0,0,0,0,46,12,156,2,0,11,0,0,0,0,13,34,3,84,4,84,5,0,0,0,0,0,0,3,100,0,0,103,21,0,26,46,28,2,0,99,26,0,0,0,0,0,0,1,6,0,183,0,37,0,0,0,0,0,0,0,0,215,12,0,0,0,0,0,4,0,49,2,172
2,60,30,126,0,0,9,0,0,0,60,71,38,55,1,0,2,0,0,0,0,40,48,26,46,47,12,1,0,7,6,82,18,58,13,0,50,0,0,0,0,17,42,13,60,11,71,13,0,0,0,0,0,0,2,80,13,19,47,66,7,18,37,63,26,0,56,20,0,0,0,0,2,0,24,61,1,41,0,98,0,0,0,0,0,51,0,0,11,165,0,0,0,0,0,30,0,134,9,54
226,0,0,1,0,0,0,0,0,0,101,110,4,12,0,0,0,0,0,0,0,20,129,7,9,62,0,0,0,0,0,33,4,178,2,0,10,0,0,0,0,5,34,1,97,0,90,0,0,0,0,0,0,0,0,108,0,0,104,15,0,24,50,28,2,0,108,15,0,0,0,0,0,0,0,2,0,191,0,34,0,0,0,0,0,0,0,0,222,5,0,0,0,0,0,4,0,32,0,191
1,57,27,140,0,0,2,0,0,0,69,84,22,52,0,0,0,0,0,0,0,51,54,23,51,35,7,0,0,6,1,105,9,41,13,0,58,0,0,0,0,13,46,13,68,5,70,12,0,0,0,0,0,0,7,82,1,8,50,79,4,33,37,47,14,0,68,24,0,0,0,0,0,0,23,55,1,33,0,115,0,0,0,0,0,46,0,0,5,176,0,0,0,0,0,18,0,170,3,36
231,0,0,0,0,0,0,0,0,0,104,114,3,10,0,0,0,0,0,0,0,14,150,1,10,55,1,0,0,0,0,22,1,207,0,0,1,0,0,0,0,1,26,0,109,0,95,0,0,0,0,0,0,0,0,116,0,0,105,10,0,19,44,21,4,0,127,16,0,0,0,0,0,0,0,0,0,210,0,21,0,0,0,0,0,0,0,0,229,2,0,0,0,0,0,2,0,28,0,201
0,62,20,149,0,0,0,0,0,0,74,92,13,52,0,0,0,0,0,0,0,62,49,21,44,48,7,0,0,0,0,134,11,23,7,0,56,0,0,0,0,13,56,8,60,3,81,10,0,0,0,0,0,0,1,90,0,9,60,71,2,38,32,65,14,0,57,23,0,0,0,0,0,0,14,41,0,20,0,156,0,0,0,0,0,38,0,0,2,191,0,0,0,0,0,15,0,186,0,30
238,0,0,0,0,0,0,0,0,0,97,136,0,5,0,0,0,0,0,0,0,11,147,0,3,77,0,0,0,0,0,27,0,211,0,0,0,0,0,0,0,0,37,0,115,0,85,1,0,0,0,0,0,0,0,123,0,0,112,3,0,5,39,28,2,0,158,6,0,0,0,0,0,0,0,0,0,232,0,6,0,0,0,0,0,0,0,0,238,0,0,0,0,0,0,0,0,21,0,217
0,36,13,189,0,0,0,0,0,0,90,80,21,47,0,0,0,0,0,0,0,62,64,0,56,48,4,0,0,4,0,138,9,25,4,0,62,0,0,0,0,6,56,4,75,2,94,1,0,0,0,0,0,0,0,92,0,1,81,64,0,40,45,74,10,0,41,28,0,0,0,0,0,0,21,51,0,6,0,160,0,0,0,0,0,52,0,0,0,186,0,0,0,0,0,6,0,211,0,21
247,0,0,0,0,0,0,0,0,0,113,129,0,5,0,0,0,0,0,0,0,8,202,0,3,34,0,0,0,0,0,16,0,231,0,0,0,0,0,0,0,0,11,0,124,0,112,0,0,0,0,0,0,0,0,124,0,0,119,4,0,5,33,19,1,0,186,3,0,0,0,0,0,0,0,0,0,245,0,2,0,0,0,0,0,0,0,0,247,0,0,0,0,0,0,0,0,14,0,233
0,55,12,180,0,0,0,0,0,0,94,101,8,44,0,0,0,0,0,0,0,74,36,0,51,86,0,0,0,0,0,160,12,16,3,0,56,0,0,0,0,0,56,6,89,0,95,1,0,0,0,0,0,0,0,106,0,1,75,65,0,27,51,85,14,0,44,26,0,0,0,0,0,0,5,33,0,2,0,207,0,0,0,0,0,31,0,0,0,216,0,0,0,0,0,7,0,226,0,14
247,0,0,0,0,0,0,0,0,0,94,152,0,1,0,0,0,0,0,0,0,3,200,0,1,43,0,0,0,0,0,11,0,236,0,0,0,0,0,0,0,0,14,0,132,0,101,0,0,0,0,0,0,0,0,120,0,0,125,2,0,2,24,20,1,0,200,0,0,0,0,0,0,0,0,0,0,247,0,0,0,0,0,0,0,0,0,0,247,0,0,0,0,0,0,0,0,4,0,243
0,39,4,204,0,0,0,0,0,0,126,89,3,29,0,0,0,0,0,0,0,69,42,0,38,97,1,0,0,0,0,179,1,11,2,0,54,0,0,0,0,0,62,0,78,0,106,1,0,0,0,0,0,0,0,119,0,0,78,50,0,17,74,97,7,0,33,19,0,0,0,0,0,0,4,30,0,0,0,213,0,0,0,0,0,22,0,0,0,225,0,0,0,0,0,2,0,241,0,4
238,0,0,0,0,0,0,0,0,0,74,164,0,0,0,0,0,0,0,0,0,4,207,0,0,27,0,0,0,0,0,5,0,233,0,0,0,0,0,0,0,0,16,0,120,0,102,0,0,0,0,0,0,0,0,137,0,0,101,0,0,1,17,14,0,0,206,0,0,0,0,0,0,0,0,0,0,238,0,0,0,0,0,0,0,0,0,0,238,0,0,0,0,0,0,0,0,1,0,237
0,45,0,193,0,0,0,0,0,0,142,71,2,23,0,0,0,0,0,0,0,69,25,0,36,108,0,0,0,0,0,192,6,5,3,0,32,0,0,0,0,0,42,0,91,0,105,0,0,0,0,0,0,0,0,95,0,0,105,38,0,7,63,116,13,0,28,11,0,0,0,0,0,0,0,19,0,0,0,219,0,0,0,0,0,7,0,0,0,231,0,0,0,0,0,0,0,237,0,1
231,0,0,0,0,0,0,0,0,0,85,146,0,0,0,0,0,0,0,0,0,0,209,0,0,22,0,0,0,0,0,0,0,231,0,0,0,0,0,0,0,0,1,0,139,0,91,0,0,0,0,0,0,0,0,113,0,0,118,0,0,0,11,7,0,0,213,0,0,0,0,0,0,0,0,0,0,231,0,0,0,0,0,0,0,0,0,0,231,0,0,0,0,0,0,0,0,1,0,230
0,22,1,208,0,0,0,0,0,0,131,83,0,17,0,0,0,0,0,0,0,70,21,0,27,113,0,0,0,0,0,206,0,0,0,0,25,0,0,0,0,0,40,0,73,0,118,0,0,0,0,0,0,0,0,116,0,0,92,23,0,2,85,117,7,0,14,6,0,0,0,0,0,0,0,11,0,0,0,220,0,0,0,0,0,9,0,0,0,222,0,0,0,0,0,0,0,230,0,1
11,2,0,2,0,0,0,0,0,0,3,4,1,5,1,0,1,0,0,0,0,1,5,0,2,2,2,0,0,3,1,0,1,7,3,0,3,0,0,0,0,1,3,1,5,0,1,1,0,3,0,0,2,1,1,5,0,0,4,2,0,1,1,0,5,0,6,2,0,0,0,0,1,0,2,2,0,5,0,5,0,0,0,0,0,1,0,2,12,0,0,0,0,0,0,1,0,4,1,9
1,11,0,3,0,0,0,0,0,0,2,4,3,4,1,0,1,0,0,0,0,1,3,0,6,3,1,1,0,0,2,3,1,4,0,0,4,1,0,0,0,0,5,0,4,0,3,2,0,1,0,1,1,0,0,5,2,3,0,3,0,0,1,1,5,2,4,2,0,0,0,0,2,0,2,0,2,6,0,3,0,0,0,0,1,9,0,1,1,3,0,0,1,0,0,3,0,6,0,5
81,15,0,9,0,0,0,0,0,0,15,65,5,13,7,0,0,0,0,0,0,13,39,0,22,17,2,0,0,12,0,1,0,68,20,0,16,0,0,0,0,1,16,0,67,0,13,2,0,6,0,0,3,4,7,47,0,0,27,17,0,10,10,0,35,1,43,6,0,0,0,0,2,0,10,3,0,39,0,51,0,0,0,0,0,7,0,1,96,1,0,0,0,0,0,7,0,14,12,72
16,70,0,19,0,0,0,0,0,0,22,24,12,35,7,0,5,0,0,0,0,2,27,0,33,17,13,2,0,11,1,15,8,17,19,0,45,0,0,0,0,0,31,1,26,0,16,11,0,20,0,1,10,8,7,17,2,7,23,30,0,4,5,4,44,3,33,12,0,0,0,0,1,0,18,20,4,40,0,22,0,0,0,0,0,75,0,6,6,18,0,0,1,0,0,14,0,60,2,28
196,23,0,8,0,0,0,0,0,0,25,171,5,20,6,0,0,0,0,0,0,28,106,0,43,29,3,0,0,18,0,0,0,161,34,0,32,0,0,0,0,0,23,0,169,0,16,3,0,16,0,0,4,0,5,124,0,0,65,29,0,12,13,0,99,0,97,6,0,0,0,0,0,0,10,3,0,87,0,127,0,0,0,0,0,5,0,0,221,1,0,0,0,0,0,4,0,25,13,185
19,159,0,49,0,0,0,0,0,0,54,38,21,88,23,0,3,0,0,0,0,18,49,0,94,38,7,2,0,19,1,37,4,33,35,0,117,0,0,0,0,0,84,0,42,0,55,14,0,32,0,0,12,11,24,49,1,15,49,66,0,15,17,5,89,2,84,15,0,0,0,0,5,0,39,18,0,111,0,54,0,0,0,0,0,185,0,9,3,30,0,0,0,0,0,29,0,138,26,34
207,13,0,7,0,0,0,0,0,0,20,183,1,19,4,0,0,0,0,0,0,13,120,0,44,33,0,0,0,17,0,0,0,174,30,0,23,0,0,0,0,0,28,0,182,0,7,1,0,9,0,0,3,0,2,135,1,0,59,27,0,3,4,0,113,0,104,3,0,0,0,0,0,0,10,0,0,88,0,129,0,0,0,0,0,1,0,0,226,0,0,0,0,0,0,1,0,23,1,202
15,177,0,35,0,0,0,0,0,0,57,33,21,96,17,0,3,0,0,0,0,27,42,0,83,41,8,0,0,26,0,36,1,31,13,0,146,0,0,0,0,0,91,0,38,0,61,12,0,25,0,0,13,0,14,56,3,10,51,80,0,13,20,0,88,0,91,15,0,0,0,0,2,0,31,8,0,116,0,70,0,0,0,0,0,200,0,4,1,22,0,0,0,0,0,27,0,149,28,23
220,11,0,0,0,0,0,0,0,0,7,210,1,13,0,0,0,0,0,0,0,8,132,0,47,29,0,0,0,15,0,0,0,193,16,0,22,0,0,0,0,0,13,0,210,0,5,0,0,3,0,0,1,0,0,143,0,0,62,25,0,0,0,0,105,0,122,4,0,0,0,0,0,0,5,0,0,75,0,151,0,0,0,0,0,0,0,0,231,0,0,0,0,0,0,1,0,14,0,216
10,188,0,33,0,0,0,0,0,0,64,18,21,106,22,0,0,0,0,0,0,22,50,0,89,37,5,0,0,28,0,28,0,26,29,0,148,0,0,0,0,0,108,0,20,0,69,6,0,28,0,0,8,0,6,64,5,8,72,68,0,4,7,0,118,0,88,14,0,0,0,0,0,0,19,7,0,145,0,60,0,0,0,0,0,213,0,0,0,18,0,0,0,0,0,16,0,185,16,14
237,1,0,0,0,0,0,0,0,0,1,233,0,4,0,0,0,0,0,0,0,9,156,0,42,25,0,0,0,6,0,0,0,204,13,0,21,0,0,0,0,0,2,0,234,0,2,0,0,0,0,0,0,0,0,177,0,0,42,19,0,1,0,0,123,0,114,0,0,0,0,0,0,0,0,0,0,83,0,155,0,0,0,0,0,0,0,0,238,0,0,0,0,0,0,0,0,4,0,234
1,209,0,28,0,0,0,0,0,0,75,5,7,133,18,0,0,0,0,0,0,29,35,0,125,32,1,0,0,16,0,19,0,26,42,0,151,0,0,0,0,0,128,0,4,0,78,4,0,24,0,0,13,0,0,48,0,4,82,91,0,2,4,0,108,0,120,4,0,0,0,0,0,0,15,2,0,149,0,72,0,0,0,0,0,235,0,0,0,3,0,0,0,0,0,31,0,199,4,4
244,3,0,0,0,0,0,0,0,0,0,245,0,2,0,0,0,0,0,0,0,1,169,0,52,20,0,0,0,5,0,0,0,226,9,0,12,0,0,0,0,0,3,0,244,0,0,0,0,0,0,0,0,0,0,183,0,0,47,17,0,0,0,0,117,0,130,0,0,0,0,0,0,0,2,0,0,84,0,161,0,0,0,0,0,0,0,0,247,0,0,0,0,0,0,0,0,0,0,247
3,227,0,17,0,0,0,0,0,0,78,2,9,145,13,0,0,0,0,0,0,13,47,0,128,40,0,0,0,19,0,20,0,17,22,0,188,0,0,0,0,0,144,0,3,0,81,2,0,17,0,0,2,0,0,45,0,1,93,106,0,1,1,0,129,0,116,0,0,0,0,0,0,0,12,0,0,160,0,75,0,0,0,0,0,245,0,0,0,2,0,0,0,0,0,12,0,235,0,0
247,0,0,0,0,0,0,0,0,0,0,247,0,0,0,0,0,0,0,0,0,0,194,0,41,9,0,0,0,3,0,0,0,236,5,0,6,0,0,0,0,0,0,0,247,0,0,0,0,0,0,0,0,0,0,192,0,0,39,16,0,0,0,0,125,0,122,0,0,0,0,0,0,0,0,0,0,81,0,166,0,0,0,0,0,0,0,0,247,0,0,0,0,0,0,0,0,0,0,247
0,238,0,9,0,0,0,0,0,0,65,0,3,173,6,0,0,0,0,0,0,2,40,0,163,34,0,0,0,8,0,17,0,7,19,0,204,0,0,0,0,0,153,0,0,0,81,0,0,13,0,0,1,0,0,48,0,0,97,101,0,0,0,0,122,0,123,2,0,0,0,0,0,0,4,0,0,164,0,79,0,0,0,0,0,245,0,0,0,2,0,0,0,0,0,7,0,240,0,0
238,0,0,0,0,0,0,0,0,0,0,238,0,0,0,0,0,0,0,0,0,0,206,0,25,7,0,0,0,0,0,0,0,234,0,0,4,0,0,0,0,0,0,0,238,0,0,0,0,0,0,0,0,0,0,193,0,0,35,10,0,0,0,0,91,0,147,0,0,0,0,0,0,0,0,0,0,78,0,160,0,0,0,0,0,0,0,0,238,0,0,0,0,0,0,0,0,0,0,238
0,233,0,5,0,0,0,0,0,0,58,0,0,178,2,0,0,0,0,0,0,1,26,0,181,24,0,0,0,6,0,10,0,4,17,0,207,0,0,0,0,0,173,0,0,0,57,0,0,8,0,0,0,0,0,37,0,0,102,99,0,0,0,0,147,0,91,0,0,0,0,0,0,0,1,0,0,160,0,77,0,0,0,0,0,238,0,0,0,0,0,0,0,0,0,3,0,235,0,0
231,0,0,0,0,0,0,0,0,0,0,231,0,0,0,0,0,0,0,0,0,0,198,0,31,2,0,0,0,0,0,0,0,229,0,0,2,0,0,0,0,0,0,0,231,0,0,0,0,0,0,0,0,0,0,200,0,0,28,3,0,0,0,0,104,0,127,0,0,0,0,0,0,0,0,0,0,71,0,160,0,0,0,0,0,0,0,0,231,0,0,0,0,0,0,0,0,0,0,231
0,229,0,2,0,0,0,0,0,0,65,0,0,165,1,0,0,0,0,0,0,0,31,0,179,20,0,0,0,1,0,3,0,2,11,0,215,0,0,0,0,0,163,0,0,0,66,0,0,2,0,0,0,0,0,24,0,0,115,92,0,0,0,0,127,0,104,0,0,0,0,0,0,0,0,0,0,160,0,71,0,0,0,0,0,231,0,0,0,0,0,0,0,0,0,4,0,227,0,0
14,0,0,1,0,0,0,0,0,0,2,9,3,1,0,0,0,0,0,0,0,1,6,2,2,3,0,1,0,0,3,0,0,8,1,0,3,0,0,0,0,1,6,0,5,0,2,1,0,0,0,0,0,0,1,8,1,2,2,1,1,0,2,0,3,0,9,0,0,0,0,0,1,0,3,4,0,5,0,2,0,0,0,0,0,1,0,0,14,0,0,0,0,0,1,3,0,9,2,0
1,9,0,5,0,0,0,0,0,0,5,0,4,3,1,0,2,0,0,0,0,1,2,0,6,2,3,0,0,1,0,7,0,1,3,0,4,0,0,0,0,2,2,1,6,0,3,1,0,0,0,0,0,0,3,4,0,0,4,4,0,1,1,3,8,1,1,0,0,0,0,0,1,0,5,1,1,3,0,4,0,0,0,0,0,12,0,0,1,2,0,0,0,0,0,3,0,3,0,9
105,0,0,0,0,0,0,0,0,0,0,93,9,3,0,0,0,0,0,0,0,3,50,2,17,22,0,11,0,0,27,10,0,60,3,0,5,0,0,0,0,2,35,0,45,0,13,10,0,0,0,0,0,0,2,76,0,6,15,6,12,0,10,1,14,0,68,0,0,0,0,0,1,0,10,12,2,54,0,26,0,0,0,0,0,6,0,0,99,0,0,0,0,0,0,5,0,57,27,16
0,68,0,37,0,0,0,0,0,0,33,6,28,34,2,0,2,0,0,0,0,14,23,6,38,18,1,3,0,2,12,38,0,17,2,0,36,0,0,0,0,10,26,0,39,0,20,10,0,0,0,0,0,0,1,17,10,23,30,24,2,1,14,17,53,0,18,0,0,0,0,0,2,0,25,20,3,24,0,31,0,0,0,0,0,89,0,0,6,10,0,0,0,0,3,14,0,24,5,59
227,0,0,0,0,0,0,0,0,0,0,214,10,3,0,0,0,0,0,0,0,1,127,0,37,53,0,9,0,0,21,26,0,168,2,0,10,0,0,0,0,1,78,0,122,0,14,12,0,0,0,0,0,0,1,182,0,9,31,4,9,0,10,2,31,0,175,0,0,0,0,0,0,0,20,20,0,125,0,62,0,0,0,0,0,5,0,0,222,0,0,0,0,0,0,9,0,134,49,35
0,145,0,82,0,0,0,0,0,0,65,11,80,68,2,0,1,0,0,0,0,30,45,6,89,31,3,23,0,0,48,75,0,30,9,0,65,0,0,0,0,22,66,0,67,0,50,22,0,0,0,0,0,0,13,37,3,42,71,61,15,1,14,24,134,0,39,0,0,0,0,0,3,0,47,28,6,64,0,79,0,0,0,0,0,214,0,0,5,8,0,0,0,0,1,23,0,48,25,130
227,0,0,0,0,0,0,0,0,0,0,222,4,1,0,0,0,0,0,0,0,2,141,0,31,52,0,1,0,0,30,17,0,171,3,0,6,0,0,0,0,0,84,0,129,0,11,3,0,0,0,0,0,0,0,199,0,2,24,2,0,0,4,0,25,0,198,0,0,0,0,0,0,0,9,19,0,156,0,43,0,0,0,0,0,0,0,0,227,0,0,0,0,0,0,6,0,138,45,38
0,152,0,75,0,0,0,0,0,0,69,4,84,70,0,0,0,0,0,0,0,21,58,0,101,32,6,9,0,0,17,86,0,38,3,0,83,0,0,0,0,8,59,0,80,0,56,24,0,0,0,0,0,0,5,28,0,48,85,61,10,0,15,20,160,0,22,0,0,0,0,0,0,0,54,24,1,50,0,98,0,0,0,0,0,226,0,0,0,1,0,0,0,0,0,13,0,58,22,134
231,0,0,0,0,0,0,0,0,0,0,231,0,0,0,0,0,0,0,0,0,0,172,0,22,37,0,0,0,0,17,13,0,199,0,0,2,0,0,0,0,0,67,0,160,0,4,0,0,0,0,0,0,0,0,221,0,0,10,0,0,0,2,0,21,0,208,0,0,0,0,0,0,0,10,9,0,153,0,59,0,0,0,0,0,0,0,0,231,0,0,0,0,0,0,0,0,157,41,33
0,170,0,61,0,0,0,0,0,0,84,0,86,61,0,0,0,0,0,0,0,23,38,0,117,53,0,0,0,0,23,89,0,20,6,0,93,0,0,0,0,5,96,0,59,0,53,18,0,0,0,0,0,0,2,10,0,37,123,59,5,0,11,14,180,0,21,0,0,0,0,0,0,0,50,15,0,70,0,96,0,0,0,0,0,231,0,0,0,0,0,0,0,0,0,9,0,47,20,155
238,0,0,0,0,0,0,0,0,0,0,238,0,0,0,0,0,0,0,0,0,0,161,0,26,51,0,0,0,0,17,8,0,211,0,0,2,0,0,0,0,0,76,0,161,0,1,0,0,0,0,0,0,0,0,231,0,0,7,0,0,0,1,0,10,0,227,0,0,0,0,0,0,0,10,5,0,166,0,57,0,0,0,0,0,0,0,0,238,0,0,0,0,0,0,0,0,174,33,31
0,164,0,74,0,0,0,0,0,0,77,0,86,75,0,0,0,0,0,0,0,9,60,0,130,39,0,0,0,0,47,99,0,22,0,0,70,0,0,0,0,1,104,0,75,0,49,9,0,0,0,0,0,0,1,7,0,42,123,65,0,0,3,12,213,0,10,0,0,0,0,0,0,0,43,12,0,63,0,120,0,0,0,0,0,238,0,0,0,0,0,0,0,0,0,5,0,42,17,174
247,0,0,0,0,0,0,0,0,0,0,247,0,0,0,0,0,0,0,0,0,0,197,0,16,34,0,0,0,0,6,3,0,238,0,0,0,0,0,0,0,0,63,0,181,0,3,0,0,0,0,0,0,0,0,247,0,0,0,0,0,0,0,0,11,0,236,0,0,0,0,0,0,0,4,6,0,196,0,41,0,0,0,0,0,0,0,0,247,0,0,0,0,0,0,0,0,195,26,26
0,198,0,49,0,0,0,0,0,0,93,0,97,57,0,0,0,0,0,0,0,7,42,0,139,59,0,0,0,0,30,120,0,7,0,0,90,0,0,0,0,0,108,0,66,0,68,5,0,0,0,0,0,0,0,0,0,25,154,68,0,0,3,8,225,0,11,0,0,0,0,0,0,0,41,16,0,46,0,144,0,0,0,0,0,247,0,0,0,0,0,0,0,0,0,2,0,34,27,184
247,0,0,0,0,0,0,0,0,0,0,247,0,0,0,0,0,0,0,0,0,0,210,0,16,21,0,0,0,0,5,4,0,238,0,0,0,0,0,0,0,0,68,0,179,0,0,0,0,0,0,0,0,0,0,247,0,0,0,0,0,0,0,0,5,0,242,0,0,0,0,0,0,0,0,3,0,208,0,36,0,0,0,0,0,0,0,0,247,0,0,0,0,0,0,0,0,209,17,21
0,194,0,53,0,0,0,0,0,0,82,0,96,69,0,0,0,0,0,0,0,3,33,0,137,74,0,0,0,0,32,129,0,5,0,0,81,0,0,0,0,0,140,0,68,0,34,5,0,0,0,0,0,0,0,0,0,29,160,58,0,0,0,3,239,0,5,0,0,0,0,0,0,0,27,14,0,38,0,168,0,0,0,0,0,247,0,0,0,0,0,0,0,0,0,0,0,27,18,202
238,0,0,0,0,0,0,0,0,0,0,238,0,0,0,0,0,0,0,0,0,0,222,0,5,11,0,0,0,0,0,2,0,236,0,0,0,0,0,0,0,0,62,0,176,0,0,0,0,0,0,0,0,0,0,238,0,0,0,0,0,0,0,0,0,0,238,0,0,0,0,0,0,0,0,1,0,214,0,23,0,0,0,0,0,0,0,0,238,0,0,0,0,0,0,0,0,220,1,17
0,197,0,41,0,0,0,0,0,0,93,0,87,58,0,0,0,0,0,0,0,0,13,0,160,65,0,0,0,0,18,136,0,1,0,0,83,0,0,0,0,0,139,0,62,0,34,3,0,0,0,0,0,0,0,0,0,31,154,53,0,0,0,0,238,0,0,0,0,0,0,0,0,0,32,4,0,23,0,179,0,0,0,0,0,238,0,0,0,0,0,0,0,0,0,0,0,17,14,207
231,0,0,0,0,0,0,0,0,0,0,231,0,0,0,0,0,0,0,0,0,0,222,0,1,8,0,0,0,0,0,1,0,230,0,0,0,0,0,0,0,0,49,0,182,0,0,0,0,0,0,0,0,0,0,231,0,0,0,0,0,0,0,0,1,0,230,0,0,0,0,0,0,0,0,0,0,208,0,23,0,0,0,0,0,0,0,0,231,0,0,0,0,0,0,0,0,219,3,9
0,200,0,31,0,0,0,0,0,0,76,0,89,66,0,0,0,0,0,0,0,0,7,0,165,59,0,0,0,0,24,146,0,1,0,0,60,0,0,0,0,0,156,0,49,0,26,0,0,0,0,0,0,0,0,0,0,18,168,45,0,0,0,0,230,0,1,0,0,0,0,0,0,0,29,4,0,23,0,175,0,0,0,0,0,231,0,0,0,0,0,0,0,0,0,0,0,11,12,208
14,0,0,1,0,0,0,0,0,0,0,11,0,3,0,0,1,0,0,0,0,0,8,2,5,0,0,0,0,0,0,1,2,9,1,0,2,0,0,0,0,1,4,0,5,1,2,2,0,0,0,0,0,0,1,9,1,2,2,0,2,0,1,2,4,1,4,1,0,0,0,0,2,0,0,1,1,5,0,6,0,0,0,0,0,4,0,1,10,0,0,0,0,0,0,4,0,3,1,7
1,12,0,2,0,0,0,0,0,0,1,2,2,3,6,0,1,0,0,0,0,2,4,0,6,2,1,0,0,0,1,6,1,1,5,0,1,0,0,0,0,0,2,2,7,0,2,2,0,0,0,0,2,0,1,2,1,1,4,4,0,0,1,4,5,0,5,0,0,0,0,0,0,0,4,3,0,6,0,2,0,0,0,0,0,9,0,0,4,2,0,0,0,0,0,5,0,5,0,5
105,0,0,0,0,0,0,0,0,0,0,86,1,14,0,0,4,0,0,0,0,4,71,12,17,0,1,0,0,0,0,12,4,85,1,0,3,0,0,0,0,10,15,4,47,2,18,9,0,0,0,0,0,0,4,70,2,7,22,0,13,0,10,26,20,0,30,6,0,0,0,0,2,0,1,6,2,49,0,45,0,0,0,0,0,22,0,0,83,0,0,0,0,0,0,19,0,11,7,68
0,80,0,25,0,0,0,0,0,0,8,12,8,49,12,0,16,0,0,0,0,15,22,13,46,5,4,0,0,0,0,44,11,13,19,0,18,0,0,0,0,8,15,15,39,1,10,17,0,0,0,0,3,0,11,21,13,14,26,17,10,0,5,20,28,0,32,10,0,0,0,0,3,0,10,12,3,42,0,35,0,0,0,0,0,70,0,11,18,6,0,0,0,0,0,35,0,41,7,22
227,0,0,0,0,0,0,0,0,0,0,202,0,25,0,0,0,0,0,0,0,7,175,23,22,0,0,0,0,0,0,15,4,205,1,0,2,0,0,0,0,10,27,4,147,0,32,7,0,0,0,0,1,0,5,186,5,7,23,0,10,0,12,63,46,0,87,9,0,0,0,0,1,0,2,7,0,122,0,95,0,0,0,0,0,38,0,0,189,0,0,0,0,0,0,37,0,13,4,173
0,181,0,46,0,0,0,0,0,0,9,21,16,124,22,0,35,0,0,0,0,19,36,30,132,3,7,0,0,0,0,108,25,15,31,0,48,0,0,0,0,15,55,18,60,0,38,41,0,0,0,0,7,0,12,30,9,36,103,30,16,0,17,45,63,0,75,11,0,0,0,0,4,0,19,24,2,85,0,93,0,0,0,0,0,175,0,8,37,7,0,0,0,0,0,75,0,87,28,37
227,0,0,0,0,0,0,0,0,0,0,221,0,6,0,0,0,0,0,0,0,2,192,11,22,0,0,0,0,0,0,5,2,220,0,0,0,0,0,0,0,5,22,6,166,0,24,4,0,0,0,0,0,0,0,200,4,6,17,0,10,0,2,52,53,0,108,2,0,0,0,0,0,0,0,1,0,139,0,87,0,0,0,0,0,27,0,0,200,0,0,0,0,0,0,34,0,15,0,178
0,184,0,43,0,0,0,0,0,0,6,6,14,158,27,0,16,0,0,0,0,25,27,18,151,4,2,0,0,0,0,138,16,5,34,0,34,0,0,0,0,11,70,13,54,0,44,35,0,0,0,0,5,0,11,19,9,34,123,26,6,0,11,66,62,0,74,8,0,0,0,0,0,0,6,18,0,81,0,122,0,0,0,0,0,194,0,1,27,5,0,0,0,0,0,93,0,87,9,38
231,0,0,0,0,0,0,0,0,0,0,225,0,6,0,0,0,0,0,0,0,1,215,7,8,0,0,0,0,0,0,1,0,229,1,0,0,0,0,0,0,1,16,1,193,0,18,2,0,0,0,0,0,0,0,219,2,1,9,0,5,0,1,63,52,0,109,1,0,0,0,0,0,0,0,1,0,150,0,80,0,0,0,0,0,18,0,0,213,0,0,0,0,0,0,19,0,5,0,207
0,204,0,27,0,0,0,0,0,0,3,6,13,185,16,0,8,0,0,0,0,24,11,16,179,0,1,0,0,0,0,154,12,2,29,0,34,0,0,0,0,22,71,8,35,0,58,37,0,0,0,0,3,0,4,10,12,44,130,28,16,0,8,50,84,0,72,1,0,0,0,0,0,0,10,8,0,76,0,137,0,0,0,0,0,213,0,0,18,0,0,0,0,0,0,108,0,101,1,21
238,0,0,0,0,0,0,0,0,0,0,231,0,7,0,0,0,0,0,0,0,0,226,1,11,0,0,0,0,0,0,0,0,238,0,0,0,0,0,0,0,0,6,0,220,0,11,1,0,0,0,0,0,0,0,231,0,2,5,0,0,0,0,54,51,0,133,0,0,0,0,0,0,0,0,0,0,135,0,103,0,0,0,0,0,14,0,0,224,0,0,0,0,0,0,20,0,4,0,214
0,223,0,15,0,0,0,0,0,0,0,7,14,190,14,0,13,0,0,0,0,6,12,22,198,0,0,0,0,0,0,168,7,0,27,0,36,0,0,0,0,15,102,7,17,0,61,36,0,0,0,0,0,0,2,6,5,38,166,21,4,0,2,75,67,0,90,0,0,0,0,0,0,0,1,6,0,100,0,131,0,0,0,0,0,224,0,0,14,0,0,0,0,0,0,124,0,93,0,21
247,0,0,0,0,0,0,0,0,0,0,246,0,1,0,0,0,0,0,0,0,0,240,0,7,0,0,0,0,0,0,0,0,247,0,0,0,0,0,0,0,0,2,0,236,0,9,0,0,0,0,0,0,0,0,245,0,0,2,0,0,0,0,49,49,0,149,0,0,0,0,0,0,0,0,0,0,185,0,62,0,0,0,0,0,6,0,0,241,0,0,0,0,0,0,12,0,0,0,235
0,236,0,11,0,0,0,0,0,0,0,1,3,215,17,0,11,0,0,0,0,11,7,19,210,0,0,0,0,0,0,181,3,0,27,0,36,0,0,0,0,8,115,3,11,0,78,32,0,0,0,0,0,0,1,2,3,39,186,16,0,0,1,83,80,0,83,0,0,0,0,0,0,0,0,0,0,62,0,185,0,0,0,0,0,241,0,0,6,0,0,0,0,0,0,128,0,108,0,11
247,0,0,0,0,0,0,0,0,0,0,247,0,0,0,0,0,0,0,0,0,0,243,0,4,0,0,0,0,0,0,0,0,247,0,0,0,0,0,0,0,0,0,0,244,0,3,0,0,0,0,0,0,0,0,247,0,0,0,0,0,0,0,53,38,0,156,0,0,0,0,0,0,0,0,0,0,165,0,82,0,0,0,0,0,5,0,0,242,0,0,0,0,0,0,6,0,0,0,241
0,239,0,8,0,0,0,0,0,0,0,0,3,228,12,0,4,0,0,0,0,5,4,5,233,0,0,0,0,0,0,188,0,0,29,0,30,0,0,0,0,3,123,2,3,0,89,27,0,0,0,0,0,0,0,0,0,18,218,11,0,0,0,85,84,0,78,0,0,0,0,0,0,0,0,0,0,82,0,165,0,0,0,0,0,242,0,0,5,0,0,0,0,0,0,136,0,105,0,6
238,0,0,0,0,0,0,0,0,0,0,238,0,0,0,0,0,0,0,0,0,0,237,0,1,0,0,0,0,0,0,0,0,238,0,0,0,0,0,0,0,0,0,0,238,0,0,0,0,0,0,0,0,0,0,238,0,0,0,0,0,0,0,37,35,0,166,0,0,0,0,0,0,0,0,0,0,179,0,59,0,0,0,0,0,0,0,0,238,0,0,0,0,0,0,3,0,0,0,235
0,238,0,0,0,0,0,0,0,0,0,0,0,219,16,0,3,0,0,0,0,1,1,0,236,0,0,0,0,0,0,202,0,0,17,0,19,0,0,0,0,1,120,1,0,0,92,24,0,0,0,0,0,0,0,0,0,33,194,11,0,0,0,88,89,0,61,0,0,0,0,0,0,0,0,0,0,59,0,179,0,0,0,0,0,238,0,0,0,0,0,0,0,0,0,130,0,105,0,3
231,0,0,0,0,0,0,0,0,0,0,231,0,0,0,0,0,0,0,0,0,0,231,0,0,0,0,0,0,0,0,0,0,231,0,0,0,0,0,0,0,0,0,0,231,0,0,0,0,0,0,0,0,0,0,231,0,0,0,0,0,0,0,30,22,0,179,0,0,0,0,0,0,0,0,0,0,166,0,65,0,0,0,0,0,0,0,0,231,0,0,0,0,0,0,1,0,0,0,230
0,231,0,0,0,0,0,0,0,0,0,0,0,228,3,0,0,0,0,0,0,1,0,0,230,0,0,0,0,0,0,206,0,0,13,0,12,0,0,0,0,0,119,0,0,0,89,23,0,0,0,0,0,0,0,0,0,21,200,10,0,0,0,81,104,0,46,0,0,0,0,0,0,0,0,0,0,65,0,166,0,0,0,0,0,231,0,0,0,0,0,0,0,0,0,143,0,87,0,1
12,0,0,3,0,0,0,0,0,0,3,5,4,2,0,0,1,0,0,0,0,1,5,1,1,4,0,3,0,0,1,1,2,7,2,0,2,0,0,0,0,0,6,1,6,0,0,2,0,0,0,0,0,0,0,7,1,2,3,2,0,0,2,2,7,0,3,1,0,0,0,0,0,0,1,1,0,6,0,7,0,0,0,0,0,3,0,1,10,1,0,0,0,0,0,2,0,2,0,11
0,10,0,4,0,0,1,0,0,0,2,7,1,1,3,0,1,0,0,0,0,2,2,0,7,0,0,2,0,2,1,3,3,3,2,0,3,0,0,0,0,0,0,0,6,1,2,6,0,0,0,0,1,1,1,3,0,2,0,7,0,0,0,1,6,1,5,2,0,0,0,0,0,0,4,1,1,6,0,3,0,0,0,0,0,9,0,1,2,3,0,0,0,0,0,1,0,8,2,4
93,0,0,12,0,0,0,0,0,0,21,59,16,7,0,0,2,0,0,0,0,8,52,0,9,26,1,9,0,0,10,12,19,52,8,0,4,0,0,0,0,0,32,0,57,1,2,13,0,0,0,0,0,0,0,62,4,6,19,14,0,1,24,2,39,0,37,2,0,0,0,0,0,0,3,11,0,42,0,49,0,0,0,0,0,8,0,1,92,4,0,0,0,0,0,7,0,5,0,93
9,33,0,60,0,0,3,0,0,0,21,20,27,16,15,0,6,0,0,0,0,10,14,7,25,22,2,22,0,3,6,19,12,21,18,0,29,0,0,0,0,0,20,5,37,4,6,33,0,0,0,0,3,0,0,30,9,14,11,38,0,8,3,10,41,1,34,8,0,0,0,0,0,0,13,13,0,46,0,33,0,0,0,0,0,78,0,10,4,13,0,0,0,0,0,17,0,74,3,11
212,0,0,15,0,0,0,0,0,0,30,143,42,11,0,0,1,0,0,0,0,7,134,0,16,54,0,16,0,0,12,34,34,132,12,0,3,0,0,0,0,0,64,0,135,0,2,26,0,0,0,0,0,0,0,156,0,5,44,22,0,0,31,0,98,0,98,0,0,0,0,0,0,0,0,13,0,105,0,109,0,0,0,0,0,16,0,0,201,10,0,0,0,0,0,5,0,3,0,219
14,48,0,162,0,0,3,0,0,0,48,54,57,36,22,0,10,0,0,0,0,33,24,0,66,50,5,48,0,1,31,31,38,41,32,0,54,0,0,0,0,0,61,0,83,2,13,68,0,0,0,0,0,0,0,59,7,28,20,113,0,1,37,14,84,0,80,11,0,0,0,0,0,0,19,35,0,98,0,75,0,0,0,0,0,164,0,9,21,33,0,0,0,0,0,47,0,171,2,7
220,0,0,7,0,0,0,0,0,0,21,172,30,4,0,0,0,0,0,0,0,3,156,0,10,48,0,10,0,0,5,27,34,151,8,0,2,0,0,0,0,0,61,0,157,0,0,9,0,0,0,0,0,0,0,184,0,1,31,11,0,0,19,0,115,0,93,0,0,0,0,0,0,0,0,6,0,102,0,119,0,0,0,0,0,12,0,0,211,4,0,0,0,0,0,0,0,0,0,227
6,49,0,172,0,0,0,0,0,0,71,37,61,37,16,0,5,0,0,0,0,27,24,0,77,53,1,45,0,0,23,50,40,31,24,0,59,0,0,0,0,0,81,0,68,0,6,72,0,0,0,0,0,0,0,34,2,37,42,112,0,2,43,10,87,0,80,5,0,0,0,0,0,0,11,30,0,101,0,85,0,0,0,0,0,167,0,0,10,50,0,0,0,0,0,47,0,180,0,0
229,0,0,2,0,0,0,0,0,0,19,183,28,1,0,0,0,0,0,0,0,1,165,0,10,49,0,6,0,0,1,25,32,163,9,0,1,0,0,0,0,0,61,0,166,0,0,4,0,0,0,0,0,0,0,200,0,0,25,6,0,0,18,0,112,0,101,0,0,0,0,0,0,0,0,3,0,97,0,131,0,0,0,0,0,3,0,0,226,2,0,0,0,0,0,0,0,0,0,231
2,40,0,189,0,0,0,0,0,0,78,37,68,35,12,0,1,0,0,0,0,20,29,0,90,61,0,31,0,0,16,65,37,32,16,0,65,0,0,0,0,0,94,0,65,0,0,72,0,0,0,0,0,0,0,27,0,32,44,128,0,0,24,6,101,0,96,4,0,0,0,0,0,0,6,17,0,124,0,84,0,0,0,0,0,176,0,0,4,51,0,0,0,0,0,45,0,186,0,0
237,0,0,1,0,0,0,0,0,0,12,207,18,1,0,0,0,0,0,0,0,0,190,0,6,40,0,2,0,0,0,15,15,206,2,0,0,0,0,0,0,0,46,0,189,0,0,3,0,0,0,0,0,0,0,218,0,0,12,8,0,0,13,0,127,0,98,0,0,0,0,0,0,0,0,0,0,108,0,130,0,0,0,0,0,3,0,0,235,0,0,0,0,0,0,0,0,0,0,238
1,23,0,214,0,0,0,0,0,0,70,24,103,33,6,0,2,0,0,0,0,12,19,0,101,84,0,22,0,0,9,76,48,18,16,0,71,0,0,0,0,0,102,0,49,0,0,87,0,0,0,0,0,0,0,19,0,25,55,139,0,0,20,3,100,0,115,0,0,0,0,0,0,0,9,10,0,121,0,98,0,0,0,0,0,188,0,0,2,48,0,0,0,0,0,34,0,204,0,0
247,0,0,0,0,0,0,0,0,0,7,235,5,0,0,0,0,0,0,0,0,0,203,0,3,38,0,3,0,0,0,13,34,198,2,0,0,0,0,0,0,0,53,0,194,0,0,0,0,0,0,0,0,0,0,240,0,0,5,2,0,0,7,0,129,0,111,0,0,0,0,0,0,0,0,0,0,109,0,138,0,0,0,0,0,1,0,0,246,0,0,0,0,0,0,0,0,0,0,247
0,21,0,226,0,0,0,0,0,0,105,11,99,27,4,0,1,0,0,0,0,5,23,0,94,100,0,25,0,0,1,93,58,22,19,0,54,0,0,0,0,0,115,0,53,0,0,79,0,0,0,0,0,0,0,5,0,19,64,159,0,0,31,0,108,0,108,0,0,0,0,0,0,0,2,5,0,135,0,105,0,0,0,0,0,221,0,0,1,25,0,0,0,0,0,22,0,225,0,0
247,0,0,0,0,0,0,0,0,0,5,233,9,0,0,0,0,0,0,0,0,0,215,0,4,27,0,1,0,0,0,9,12,226,0,0,0,0,0,0,0,0,34,0,213,0,0,0,0,0,0,0,0,0,0,244,0,0,2,1,0,0,2,0,139,0,106,0,0,0,0,0,0,0,0,0,0,112,0,135,0,0,0,0,0,0,0,0,247,0,0,0,0,0,0,0,0,0,0,247
0,13,0,234,0,0,0,0,0,0,90,14,119,22,2,0,0,0,0,0,0,1,23,0,92,117,0,14,0,0,0,105,51,13,8,0,70,0,0,0,0,0,136,0,34,0,0,77,0,0,0,0,0,0,0,3,0,9,55,180,0,0,17,0,106,0,124,0,0,0,0,0,0,0,1,0,0,135,0,111,0,0,0,0,0,234,0,0,0,13,0,0,0,0,0,17,0,230,0,0
238,0,0,0,0,0,0,0,0,0,0,235,3,0,0,0,0,0,0,0,0,0,220,0,1,17,0,0,0,0,0,7,15,216,0,0,0,0,0,0,0,0,32,0,206,0,0,0,0,0,0,0,0,0,0,238,0,0,0,0,0,0,0,0,131,0,107,0,0,0,0,0,0,0,0,0,0,80,0,158,0,0,0,0,0,0,0,0,238,0,0,0,0,0,0,0,0,0,0,238
0,9,0,229,0,0,0,0,0,0,106,2,115,14,1,0,0,0,0,0,0,0,14,0,90,123,0,11,0,0,0,89,75,16,4,0,54,0,0,0,0,0,153,0,32,0,0,53,0,0,0,0,0,0,0,0,0,5,54,179,0,0,5,0,107,0,126,0,0,0,0,0,0,0,0,0,0,158,0,80,0,0,0,0,0,235,0,0,0,3,0,0,0,0,0,6,0,232,0,0
231,0,0,0,0,0,0,0,0,0,0,231,0,0,0,0,0,0,0,0,0,0,218,0,0,13,0,0,0,0,0,2,5,224,0,0,0,0,0,0,0,0,14,0,217,0,0,0,0,0,0,0,0,0,0,231,0,0,0,0,0,0,0,0,143,0,88,0,0,0,0,0,0,0,0,0,0,87,0,144,0,0,0,0,0,0,0,0,231,0,0,0,0,0,0,0,0,0,0,231
0,3,0,228,0,0,0,0,0,0,95,0,120,16,0,0,0,0,0,0,0,0,11,0,83,130,0,7,0,0,0,94,66,7,0,0,64,0,0,0,0,0,164,0,14,0,0,53,0,0,0,0,0,0,0,0,0,2,35,194,0,0,5,0,88,0,138,0,0,0,0,0,0,0,0,0,0,144,0,87,0,0,0,0,0,231,0,0,0,0,0,0,0,0,0,5,0,226,0,0
11,2,0,2,0,0,0,0,0,0,0,6,1,8,0,0,0,0,0,0,0,0,7,2,4,2,0,0,0,0,0,1,2,10,2,0,0,0,0,0,0,1,3,1,6,1,2,1,0,0,0,0,1,0,1,7,1,0,3,2,1,1,3,3,1,0,4,1,0,1,0,0,0,0,1,0,3,6,0,5,0,0,0,0,0,2,0,1,12,0,0,0,0,0,1,1,0,4,1,8
3,8,0,3,0,0,1,0,0,0,2,5,1,4,2,0,1,0,0,0,0,4,5,0,3,1,2,0,0,0,1,3,0,3,1,0,7,0,0,0,0,0,2,1,4,1,5,1,0,1,0,0,2,0,1,6,0,1,3,2,1,2,0,2,4,0,5,0,0,1,0,0,1,0,4,2,0,4,0,4,0,0,0,0,0,12,0,0,1,2,0,0,0,0,1,5,0,3,3,3
85,11,0,9,0,0,0,0,0,0,0,57,1,47,0,0,0,0,0,0,0,0,54,25,21,5,0,0,0,0,0,0,1,91,9,0,4,0,0,0,0,0,18,0,46,2,31,8,0,0,0,0,1,0,4,81,3,0,10,6,2,12,20,23,4,0,32,12,0,0,0,0,0,0,11,2,11,35,0,46,0,0,0,0,0,10,0,3,92,0,0,0,0,0,0,0,0,27,0,78
14,65,0,24,0,0,2,0,0,0,8,26,12,45,13,0,1,0,0,0,0,17,27,2,42,12,5,0,0,0,12,11,7,8,13,0,54,0,0,0,0,9,14,14,29,2,27,10,0,0,0,0,8,0,8,16,9,0,34,30,6,3,15,23,18,0,34,2,0,4,0,0,0,0,16,10,14,36,0,29,0,0,0,0,0,82,0,11,9,3,0,0,0,0,1,29,0,39,10,26
213,8,0,6,0,0,0,0,0,0,0,129,0,98,0,0,0,0,0,0,0,0,136,36,49,6,0,0,0,0,0,0,1,213,8,0,5,0,0,0,0,0,41,0,114,0,63,9,0,0,0,0,0,0,3,207,0,0,12,5,0,22,40,56,4,0,84,21,0,0,0,0,0,0,24,4,14,74,0,111,0,0,0,0,0,16,0,0,211,0,0,0,0,0,0,0,0,58,0,169
9,142,0,76,0,0,0,0,0,0,13,70,9,122,10,0,3,0,0,0,0,27,65,46,78,9,2,0,0,0,25,15,6,9,40,0,132,0,0,0,0,3,37,11,74,6,74,22,0,0,0,0,15,0,12,18,9,4,93,76,3,18,42,51,29,0,63,21,0,0,0,0,0,0,27,10,15,113,0,62,0,0,0,0,0,203,0,9,15,0,0,0,0,0,0,49,0,108,12,58
222,4,0,1,0,0,0,0,0,0,0,124,0,103,0,0,0,0,0,0,0,0,163,18,40,6,0,0,0,0,0,0,0,224,1,0,2,0,0,0,0,0,37,0,135,0,49,6,0,0,0,0,0,0,2,218,0,0,5,2,0,22,46,55,4,0,95,5,0,0,0,0,0,0,17,0,12,69,0,129,0,0,0,0,0,6,0,0,221,0,0,0,0,0,0,0,0,38,0,189
4,149,0,74,0,0,0,0,0,0,0,97,4,123,2,0,1,0,0,0,0,14,50,37,120,6,0,0,0,0,14,6,1,2,46,0,158,0,0,0,0,0,51,6,64,0,91,15,0,0,0,0,8,0,7,9,6,4,111,82,1,23,30,57,21,0,63,32,0,0,0,0,0,0,26,2,17,129,0,53,0,0,0,0,0,220,0,1,6,0,0,0,0,0,0,47,0,138,4,38
230,1,0,0,0,0,0,0,0,0,0,126,0,105,0,0,0,0,0,0,0,0,175,21,35,0,0,0,0,0,0,0,0,231,0,0,0,0,0,0,0,0,33,0,155,0,43,0,0,0,0,0,0,0,0,230,0,0,1,0,0,12,44,60,2,0,110,3,0,0,0,0,0,0,15,0,4,72,0,140,0,0,0,0,0,5,0,0,226,0,0,0,0,0,0,0,0,25,0,206
1,162,0,68,0,0,0,0,0,0,0,104,0,125,2,0,0,0,0,0,0,10,48,12,152,9,0,0,0,0,6,5,0,0,37,0,183,0,0,0,0,0,57,3,56,0,100,15,0,0,0,0,14,0,11,1,0,2,109,94,0,30,33,60,28,0,62,18,0,0,0,0,0,0,17,2,10,145,0,57,0,0,0,0,0,226,0,0,5,0,0,0,0,0,0,28,0,175,3,25
238,0,0,0,0,0,0,0,0,0,0,148,0,90,0,0,0,0,0,0,0,0,195,13,30,0,0,0,0,0,0,0,0,238,0,0,0,0,0,0,0,0,27,0,161,0,50,0,0,0,0,0,0,0,0,238,0,0,0,0,0,3,33,74,4,0,124,0,0,0,0,0,0,0,21,0,0,75,0,142,0,0,0,0,0,0,0,0,238,0,0,0,0,0,0,0,0,36,0,202
0,178,0,60,0,0,0,0,0,0,0,89,1,148,0,0,0,0,0,0,0,15,37,22,162,2,0,0,0,0,1,3,0,0,24,0,210,0,0,0,0,0,59,1,61,0,106,11,0,0,0,0,4,0,7,0,0,0,136,91,0,17,36,70,33,0,76,6,0,0,0,0,0,0,21,0,9,150,0,58,0,0,0,0,0,238,0,0,0,0,0,0,0,0,0,43,0,158,1,36
246,1,0,0,0,0,0,0,0,0,0,144,0,103,0,0,0,0,0,0,0,0,229,4,14,0,0,0,0,0,0,0,0,247,0,0,0,0,0,0,0,0,19,0,190,0,38,0,0,0,0,0,0,0,0,247,0,0,0,0,0,0,32,80,1,0,134,0,0,0,0,0,0,0,0,0,0,84,0,163,0,0,0,0,0,0,0,0,247,0,0,0,0,0,0,0,0,17,0,230
1,196,0,50,0,0,0,0,0,0,0,103,0,144,0,0,0,0,0,0,0,8,13,31,195,0,0,0,0,0,0,2,0,0,32,0,213,0,0,0,0,0,74,0,45,0,125,3,0,0,0,0,2,0,8,0,0,0,127,110,0,25,41,78,29,0,74,0,0,0,0,0,0,0,22,0,0,161,0,64,0,0,0,0,0,247,0,0,0,0,0,0,0,0,0,23,0,207,0,17
247,0,0,0,0,0,0,0,0,0,0,149,0,98,0,0,0,0,0,0,0,0,231,0,16,0,0,0,0,0,0,0,0,247,0,0,0,0,0,0,0,0,9,0,207,0,31,0,0,0,0,0,0,0,0,247,0,0,0,0,0,0,22,73,1,0,151,0,0,0,0,0,0,0,4,0,0,75,0,168,0,0,0,0,0,0,0,0,247,0,0,0,0,0,0,0,0,9,0,238
0,201,0,46,0,0,0,0,0,0,0,98,0,149,0,0,0,0,0,0,0,4,14,26,203,0,0,0,0,0,0,1,0,0,16,0,230,0,0,0,0,0,72,0,33,0,142,0,0,0,0,0,0,0,1,0,0,0,158,88,0,7,52,99,19,0,70,0,0,0,0,0,0,0,6,0,4,170,0,67,0,0,0,0,0,247,0,0,0,0,0,0,0,0,0,14,0,224,0,9
238,0,0,0,0,0,0,0,0,0,0,146,0,92,0,0,0,0,0,0,0,0,220,0,18,0,0,0,0,0,0,0,0,238,0,0,0,0,0,0,0,0,8,0,205,0,25,0,0,0,0,0,0,0,0,238,0,0,0,0,0,0,18,72,0,0,148,0,0,0,0,0,0,0,0,0,0,94,0,144,0,0,0,0,0,0,0,0,238,0,0,0,0,0,0,0,0,5,0,233
0,198,0,40,0,0,0,0,0,0,0,92,0,146,0,0,0,0,0,0,0,0,18,16,204,0,0,0,0,0,0,1,0,0,8,0,229,0,0,0,0,0,71,0,27,0,140,0,0,0,0,0,1,0,0,0,0,0,148,89,0,0,50,97,17,0,74,0,0,0,0,0,0,0,12,0,0,144,0,82,0,0,0,0,0,238,0,0,0,0,0,0,0,0,0,8,0,225,0,5
231,0,0,0,0,0,0,0,0,0,0,158,0,73,0,0,0,0,0,0,0,0,222,0,9,0,0,0,0,0,0,0,0,231,0,0,0,0,0,0,0,0,0,0,214,0,17,0,0,0,0,0,0,0,0,231,0,0,0,0,0,0,11,76,0,0,144,0,0,0,0,0,0,0,0,0,0,56,0,175,0,0,0,0,0,0,0,0,231,0,0,0,0,0,0,0,0,3,0,228
0,209,0,22,0,0,0,0,0,0,0,73,0,158,0,0,0,0,0,0,0,0,9,1,221,0,0,0,0,0,0,0,0,0,5,0,226,0,0,0,0,0,64,0,16,0,151,0,0,0,0,0,0,0,0,0,0,0,153,78,0,0,44,98,15,0,74,0,0,0,0,0,0,0,2,0,0,175,0,54,0,0,0,0,0,231,0,0,0,0,0,0,0,0,0,3,0,225,0,3
13,1,0,1,0,0,0,0,0,0,2,6,2,4,1,0,0,0,0,0,0,1,8,2,1,3,0,0,0,0,1,0,2,9,0,0,3,0,0,0,0,3,2,1,4,0,5,0,0,0,0,0,0,0,0,8,1,3,2,1,1,0,1,2,3,0,7,1,0,0,0,0,1,0,4,2,0,8,0,0,0,0,0,0,0,2,0,1,12,0,0,0,0,0,0,2,0,4,0,9
1,8,0,6,0,0,0,0,0,0,1,5,3,4,2,0,0,0,0,0,0,3,1,0,2,2,3,2,0,2,0,5,2,2,2,0,4,0,0,0,0,1,3,2,4,0,4,1,0,0,0,0,0,0,2,4,0,1,4,4,1,1,1,4,5,1,2,0,0,0,0,0,1,0,5,0,0,3,0,6,0,0,0,0,0,11,0,1,2,1,0,0,0,0,0,2,0,8,0,5
103,2,0,0,0,0,0,0,0,0,8,72,9,16,0,0,0,0,0,0,0,12,56,5,2,27,2,1,0,0,0,0,3,88,3,0,11,0,0,0,0,26,15,14,27,0,23,0,0,0,0,0,0,0,1,72,0,12,19,1,6,0,1,9,17,0,67,5,0,0,0,0,0,0,24,8,0,70,0,3,0,0,0,0,0,11,0,0,93,1,0,0,0,0,0,10,0,9,0,86
1,59,0,45,0,0,0,0,0,0,22,21,22,35,5,0,0,0,0,0,0,24,23,17,21,13,2,3,0,2,3,28,14,9,8,0,43,0,0,0,0,13,23,10,31,0,24,4,0,0,0,0,0,0,2,17,13,25,26,22,9,0,12,20,42,0,15,7,0,0,0,0,2,0,25,18,0,18,0,42,0,0,0,0,0,89,0,0,9,7,0,0,0,0,0,16,0,72,0,17
223,4,0,0,0,0,0,0,0,0,6,183,13,25,0,0,0,0,0,0,0,29,147,3,2,44,1,1,0,0,0,0,6,203,2,0,16,0,0,0,0,37,35,18,81,0,56,0,0,0,0,0,0,0,0,187,0,15,24,1,3,0,4,16,31,0,169,4,0,0,0,0,0,0,44,5,0,171,0,7,0,0,0,0,0,15,0,0,212,0,0,0,0,0,0,8,0,2,0,217
4,131,0,92,0,0,0,0,0,0,46,36,49,95,1,0,0,0,0,0,0,61,52,14,34,45,16,3,0,2,2,54,18,17,13,0,123,0,0,0,0,44,43,40,55,0,43,2,0,0,0,0,0,0,5,32,8,65,73,44,13,0,10,45,112,0,38,9,0,0,0,0,2,0,72,35,0,36,0,82,0,0,0,0,0,207,0,0,14,6,0,0,0,0,0,43,0,174,0,10
227,0,0,0,0,0,0,0,0,0,1,202,5,19,0,0,0,0,0,0,0,11,157,7,3,48,1,0,0,0,0,0,1,216,0,0,10,0,0,0,0,39,33,17,89,0,49,0,0,0,0,0,0,0,0,205,0,10,12,0,1,0,0,13,28,0,185,0,0,0,0,0,0,0,40,3,0,181,0,3,0,0,0,0,0,8,0,0,219,0,0,0,0,0,0,4,0,3,0,220
0,147,0,80,0,0,0,0,0,0,29,20,54,124,0,0,0,0,0,0,0,71,54,13,37,48,3,1,0,0,0,62,23,11,7,0,124,0,0,0,0,32,58,26,60,0,51,0,0,0,0,0,0,0,0,18,0,61,114,34,12,0,7,53,126,0,24,5,0,0,0,0,0,0,91,13,0,38,0,85,0,0,0,0,0,218,0,0,8,1,0,0,0,0,0,41,0,179,0,7
231,0,0,0,0,0,0,0,0,0,0,219,2,10,0,0,0,0,0,0,0,6,179,0,0,45,1,0,0,0,0,0,0,225,0,0,6,0,0,0,0,30,37,10,94,0,60,0,0,0,0,0,0,0,0,214,0,5,12,0,1,0,0,6,20,0,204,0,0,0,0,0,0,0,33,5,0,190,0,3,0,0,0,0,0,2,0,0,229,0,0,0,0,0,0,0,0,1,0,230
0,155,0,76,0,0,0,0,0,0,36,9,51,135,0,0,0,0,0,0,0,70,41,16,42,57,3,2,0,0,0,53,18,6,2,0,152,0,0,0,0,31,57,32,61,0,50,0,0,0,0,0,0,0,0,16,0,59,120,36,5,0,3,59,141,0,22,1,0,0,0,0,0,0,90,22,0,34,0,85,0,0,0,0,0,229,0,0,2,0,0,0,0,0,0,39,0,191,0,1
238,0,0,0,0,0,0,0,0,0,0,227,2,9,0,0,0,0,0,0,0,4,209,0,1,24,0,0,0,0,0,0,0,237,0,0,1,0,0,0,0,49,20,5,105,0,59,0,0,0,0,0,0,0,0,232,0,3,3,0,0,0,0,0,18,0,220,0,0,0,0,0,0,0,18,0,0,219,0,1,0,0,0,0,0,1,0,0,237,0,0,0,0,0,0,0,0,0,0,238
0,170,0,68,0,0,0,0,0,0,30,11,45,152,0,0,0,0,0,0,0,96,26,10,31,70,5,0,0,0,0,38,15,1,2,0,182,0,0,0,0,29,69,23,58,0,59,0,0,0,0,0,0,0,0,6,0,84,114,34,3,0,0,45,173,0,17,0,0,0,0,0,0,0,113,18,0,18,0,89,0,0,0,0,0,237,0,0,1,0,0,0,0,0,0,33,0,205,0,0
247,0,0,0,0,0,0,0,0,0,0,245,0,2,0,0,0,0,0,0,0,0,220,0,0,27,0,0,0,0,0,0,0,244,0,0,3,0,0,0,0,26,38,6,113,0,64,0,0,0,0,0,0,0,0,245,0,2,0,0,0,0,0,0,6,0,241,0,0,0,0,0,0,0,10,0,0,237,0,0,0,0,0,0,0,0,0,0,247,0,0,0,0,0,0,0,0,0,0,247
0,189,0,58,0,0,0,0,0,0,29,2,37,179,0,0,0,0,0,0,0,86,27,3,41,86,4,0,0,0,0,40,10,3,0,0,194,0,0,0,0,31,52,25,69,0,70,0,0,0,0,0,0,0,0,1,0,66,152,28,0,0,0,47,194,0,6,0,0,0,0,0,0,0,127,6,0,9,0,105,0,0,0,0,0,247,0,0,0,0,0,0,0,0,0,25,0,222,0,0
247,0,0,0,0,0,0,0,0,0,0,245,0,2,0,0,0,0,0,0,0,0,227,0,0,20,0,0,0,0,0,0,0,247,0,0,0,0,0,0,0,27,35,2,127,0,56,0,0,0,0,0,0,0,0,247,0,0,0,0,0,0,0,2,13,0,232,0,0,0,0,0,0,0,11,0,0,236,0,0,0,0,0,0,0,0,0,0,247,0,0,0,0,0,0,0,0,0,0,247
0,191,0,56,0,0,0,0,0,0,15,2,31,199,0,0,0,0,0,0,0,101,20,1,34,91,0,0,0,0,0,33,5,0,0,0,209,0,0,0,0,36,56,15,66,0,74,0,0,0,0,0,0,0,0,0,0,75,149,23,0,0,0,38,195,0,14,0,0,0,0,0,0,0,155,1,0,11,0,80,0,0,0,0,0,247,0,0,0,0,0,0,0,0,0,14,0,233,0,0
238,0,0,0,0,0,0,0,0,0,0,238,0,0,0,0,0,0,0,0,0,0,219,0,0,19,0,0,0,0,0,0,0,238,0,0,0,0,0,0,0,25,27,0,133,0,53,0,0,0,0,0,0,0,0,238,0,0,0,0,0,0,0,0,3,0,235,0,0,0,0,0,0,0,4,0,0,234,0,0,0,0,0,0,0,0,0,0,238,0,0,0,0,0,0,0,0,0,0,238
0,200,0,38,0,0,0,0,0,0,13,0,22,203,0,0,0,0,0,0,0,79,19,0,25,115,0,0,0,0,0,14,2,0,0,0,222,0,0,0,0,21,60,8,61,0,88,0,0,0,0,0,0,0,0,0,0,56,169,13,0,0,0,24,211,0,3,0,0,0,0,0,0,0,145,0,0,4,0,89,0,0,0,0,0,238,0,0,0,0,0,0,0,0,0,9,0,229,0,0
231,0,0,0,0,0,0,0,0,0,0,231,0,0,0,0,0,0,0,0,0,0,227,0,0,4,0,0,0,0,0,0,0,231,0,0,0,0,0,0,0,13,14,0,153,0,51,0,0,0,0,0,0,0,0,231,0,0,0,0,0,0,0,0,0,0,231,0,0,0,0,0,0,0,1,0,0,230,0,0,0,0,0,0,0,0,0,0,231,0,0,0,0,0,0,0,0,0,0,231
0,199,0,32,0,0,0,0,0,0,4,0,17,210,0,0,0,0,0,0,0,102,4,0,18,107,0,0,0,0,0,18,0,0,0,0,213,0,0,0,0,28,62,3,49,0,89,0,0,0,0,0,0,0,0,0,0,66,156,9,0,0,0,25,206,0,0,0,0,0,0,0,0,0,152,0,0,1,0,78,0,0,0,0,0,231,0,0,0,0,0,0,0,0,0,0,0,231,0,0
