22,4,1,2,0,0,0,0,1,0,5,7,2,2,3,1,5,0,4,1,2,3,12,2,6,2,2,1,0,0,3,7,3,7,1,0,5,1,2,1,1,5,3,1,4,6,1,4,1,4,1,0,3,0,3,11,2,5,3,2,3,2,1,3,5,2,9,4,1,0,0,0,3,1,7,2,2,9,5,1,0,1,0,0,3,5,3,3,12,3,0,0,0,0,4,2,3,8,4,9
4,10,3,8,2,1,1,1,0,0,2,5,2,7,4,2,5,1,0,2,0,11,5,1,6,2,1,2,2,0,6,3,3,10,0,0,4,0,2,2,1,2,3,4,5,1,3,6,4,1,1,1,2,0,3,4,1,3,8,7,1,2,1,4,6,0,7,5,2,2,0,1,3,2,4,3,4,5,1,7,1,0,1,0,3,5,4,4,6,6,2,0,4,0,4,1,6,5,2,6
205,4,1,6,0,0,0,0,1,0,45,87,14,16,6,9,25,0,11,4,17,19,102,2,45,13,8,11,0,0,19,40,16,82,2,0,47,3,4,4,2,35,13,20,57,26,9,34,8,13,2,0,18,0,17,91,3,28,40,18,23,5,6,14,45,3,86,33,1,1,0,2,21,2,43,7,15,77,33,17,1,0,1,0,10,26,14,13,121,31,0,0,6,0,20,4,26,64,23,74
12,104,10,79,1,3,1,0,7,0,13,56,22,43,20,8,31,1,15,8,2,65,46,10,43,22,10,9,10,0,40,44,12,60,8,1,24,7,9,12,9,24,22,26,37,20,19,33,11,16,4,6,26,0,15,37,10,35,48,36,7,18,7,25,35,17,49,40,6,13,0,5,14,7,54,18,25,52,22,20,1,3,2,0,15,63,24,33,29,47,2,0,13,0,20,13,18,52,22,77
228,7,0,3,0,0,0,0,0,0,56,97,14,22,5,5,26,0,9,4,23,15,127,1,37,26,5,4,0,0,18,42,15,115,1,0,42,1,3,1,4,31,13,26,77,21,16,29,9,12,0,0,18,0,16,115,1,22,52,14,20,6,2,8,39,1,122,38,1,1,0,0,25,0,37,9,6,120,22,19,0,0,0,0,6,32,11,10,142,37,0,0,2,0,16,2,19,66,17,116
10,131,8,74,3,2,0,0,10,0,20,68,24,46,15,7,43,0,10,5,2,75,42,7,61,22,12,13,4,0,52,49,9,68,5,0,31,7,4,13,5,28,23,23,49,22,26,46,7,9,2,4,25,0,33,48,5,36,52,33,21,12,11,23,64,10,44,39,3,11,0,3,15,2,73,18,27,50,17,33,0,0,1,0,14,70,21,29,42,61,0,0,7,0,30,9,22,72,32,66
246,2,0,1,0,0,0,0,0,0,49,133,11,18,4,3,21,0,8,2,22,14,160,0,39,9,1,4,0,0,15,35,12,139,4,0,41,0,3,0,1,34,10,27,101,23,9,38,2,4,0,0,12,0,14,133,0,21,52,17,11,0,1,4,39,1,157,36,0,0,0,1,18,0,35,7,13,123,26,26,0,0,0,0,4,23,10,3,174,35,0,0,1,0,9,0,19,81,18,121
3,170,5,66,1,0,0,0,4,0,31,59,14,65,20,10,41,0,7,2,6,77,47,7,63,33,9,6,1,0,43,72,7,69,3,0,41,3,4,7,2,33,17,25,48,24,27,55,6,12,1,2,28,0,29,58,1,34,68,28,25,5,4,15,73,8,46,57,1,15,0,1,19,0,84,26,24,55,13,27,0,0,0,0,8,83,20,17,45,76,0,0,5,0,22,8,27,62,37,88
249,0,0,0,0,0,0,0,0,0,52,160,2,12,3,1,17,0,2,0,29,8,180,0,21,6,2,3,0,0,12,34,11,148,0,0,43,0,1,0,1,29,12,20,106,16,13,48,1,3,0,0,3,0,10,161,1,17,43,14,8,3,0,4,44,1,160,29,0,0,0,0,10,0,46,4,13,135,26,15,0,0,0,0,1,25,9,4,178,32,0,0,0,0,8,0,21,78,15,127
0,166,0,82,1,0,0,0,0,0,40,61,21,59,10,11,40,0,7,0,13,83,40,2,73,22,3,13,0,0,47,63,12,68,3,0,49,0,5,2,4,22,22,24,59,19,26,62,4,7,0,4,27,0,19,35,1,45,83,35,10,5,3,32,80,8,36,69,0,6,0,0,10,0,79,13,26,68,17,36,0,0,1,0,5,80,23,23,46,71,0,0,4,0,15,3,18,88,36,85
249,0,0,0,0,0,0,0,0,0,53,145,2,24,0,2,20,0,3,0,21,4,195,0,24,5,0,0,0,0,8,27,1,178,0,0,35,0,0,0,0,24,10,18,122,19,9,44,2,1,0,0,4,0,11,166,1,16,40,11,4,0,0,1,39,0,179,26,0,0,0,0,10,0,50,2,6,150,15,16,0,0,0,0,0,15,5,7,202,20,0,0,1,0,6,0,11,88,13,130
0,168,2,78,1,0,0,0,0,0,49,65,19,53,9,13,33,0,8,0,18,97,34,1,64,28,3,4,0,0,51,73,15,52,4,0,51,0,1,2,1,27,19,28,56,21,36,49,3,9,0,2,17,0,27,48,0,42,85,28,5,0,0,24,89,3,44,74,0,10,0,0,15,0,94,5,19,60,23,33,0,0,0,0,5,92,12,18,28,94,0,0,1,0,21,4,16,85,36,86
249,0,0,0,0,0,0,0,0,0,48,171,2,13,1,1,10,0,2,1,14,2,211,0,20,2,0,0,0,0,3,22,3,182,0,0,39,0,0,0,0,30,5,12,133,14,8,47,0,0,0,0,4,0,6,169,0,11,41,18,2,0,0,1,30,0,194,22,0,0,0,0,3,0,44,2,4,167,17,12,0,0,0,0,0,12,3,3,204,27,0,0,0,0,6,0,4,79,8,152
0,156,2,91,0,0,0,0,0,0,44,51,11,78,10,4,44,0,7,0,43,88,25,0,71,19,2,1,0,0,49,83,12,50,1,0,51,0,1,2,0,27,15,22,60,22,22,72,1,8,0,2,24,0,17,49,0,49,84,24,5,3,0,34,95,2,37,70,0,3,0,0,17,0,112,14,17,49,14,26,0,0,0,0,1,96,18,14,27,93,0,0,1,0,18,0,11,110,32,77
249,0,0,0,0,0,0,0,0,0,48,177,0,12,2,0,10,0,0,0,9,4,213,0,19,3,1,0,0,0,6,18,3,182,0,0,40,0,0,0,0,17,5,17,149,9,5,43,0,4,0,0,1,0,2,191,0,5,41,9,3,0,0,0,33,0,185,28,0,0,0,0,4,0,42,4,1,181,10,7,0,0,0,0,0,10,5,2,210,22,0,0,0,0,3,0,2,80,3,161
0,188,0,61,0,0,0,0,0,0,52,56,15,70,2,6,43,0,5,0,36,86,24,0,73,30,0,0,0,0,47,76,9,52,1,0,63,0,0,1,0,33,15,22,58,15,36,62,4,4,0,0,11,0,23,36,0,49,104,26,7,3,0,14,95,0,47,81,0,2,0,0,12,0,103,7,16,45,21,45,0,0,0,0,1,95,14,20,28,91,0,0,1,0,12,0,17,104,39,76
249,0,0,0,0,0,0,0,0,0,42,186,1,10,0,0,10,0,0,0,11,4,218,0,14,2,0,0,0,0,4,17,2,204,0,0,22,0,0,0,0,17,3,11,158,18,4,38,0,0,0,0,1,0,0,199,0,7,35,7,0,0,0,0,28,0,203,18,0,0,0,0,2,0,32,1,1,198,11,4,0,0,0,0,0,6,1,0,225,17,0,0,0,0,2,0,1,77,1,168
0,173,0,76,0,0,0,0,0,0,63,41,5,78,8,3,48,0,3,0,47,82,20,0,80,19,1,0,0,0,43,86,7,38,0,0,74,0,0,1,0,33,16,17,66,17,28,69,0,3,0,0,18,0,25,36,0,43,111,16,1,0,0,27,106,0,33,82,0,0,0,0,8,0,128,7,12,38,15,41,0,0,0,0,2,104,11,7,17,108,0,0,0,0,6,0,11,124,35,73
249,0,0,0,0,0,0,0,0,0,27,211,0,8,0,0,3,0,0,0,0,1,236,0,11,1,0,0,0,0,1,20,0,203,0,0,25,0,0,0,0,10,5,14,169,8,9,33,1,0,0,0,2,0,3,208,0,4,27,5,0,0,0,1,37,0,196,15,0,0,0,0,3,0,35,0,0,196,10,5,0,0,0,0,0,3,0,0,229,17,0,0,0,0,1,0,2,62,3,181
0,184,0,65,0,0,0,0,0,0,69,28,6,77,8,2,54,0,5,0,28,91,11,0,108,11,0,0,0,0,44,93,6,34,0,0,72,0,0,0,0,29,19,23,54,17,27,75,1,4,0,0,15,0,12,23,0,54,120,25,0,0,0,10,120,0,44,75,0,0,0,0,10,0,146,2,11,32,18,30,0,0,0,0,4,103,6,6,13,117,0,0,0,0,5,0,6,140,35,63
18,0,2,8,1,0,0,0,0,1,5,12,3,3,2,0,5,0,0,0,0,4,9,1,6,5,2,1,0,2,3,6,2,9,3,0,4,1,0,2,0,2,6,2,5,4,1,6,3,1,1,1,2,0,4,8,1,2,7,4,1,1,3,3,3,0,11,3,2,3,0,2,1,3,4,3,3,7,4,3,0,1,0,1,0,3,3,3,16,3,0,1,0,0,1,2,1,4,8,13
3,11,1,11,1,1,0,0,1,1,3,8,6,5,2,2,2,0,0,2,0,5,7,1,4,3,5,1,3,1,2,6,3,7,4,0,5,1,1,1,1,2,3,2,5,5,2,3,2,5,2,1,2,2,1,9,1,4,4,4,1,2,1,3,3,1,7,4,3,5,0,0,2,0,5,4,5,7,3,4,1,0,1,0,2,7,1,5,4,9,1,0,1,3,1,4,8,6,2,4
174,2,2,39,0,0,0,0,0,0,18,131,17,26,8,2,12,0,1,2,0,16,113,6,32,21,16,7,1,5,33,40,8,91,20,0,20,3,1,1,0,12,47,12,41,18,14,60,8,5,1,6,15,3,9,81,1,12,64,25,3,3,20,25,22,0,109,17,7,11,0,13,4,16,46,11,21,51,40,15,0,1,1,2,0,12,8,16,149,28,0,0,0,0,4,10,15,39,60,89
23,40,18,118,7,1,2,0,1,7,43,47,33,36,19,5,30,0,1,3,0,63,25,4,38,39,20,7,6,15,16,47,17,68,23,0,36,7,1,2,1,22,30,8,52,31,13,18,22,20,9,10,11,2,21,59,5,30,40,30,6,17,7,34,29,0,46,27,27,24,0,8,8,9,31,28,26,48,22,37,0,2,3,1,10,40,10,32,31,88,0,3,0,7,7,21,30,57,31,61
202,0,1,34,0,0,0,0,0,1,12,184,12,21,2,0,7,0,0,0,0,19,155,0,25,14,16,4,0,5,33,41,4,118,17,0,22,2,0,1,0,5,58,5,51,12,15,74,14,4,1,5,23,0,10,81,0,9,81,28,1,6,21,25,12,0,150,12,4,7,0,8,2,14,50,7,16,74,54,13,0,0,0,1,0,4,2,10,197,24,0,0,0,0,2,8,10,49,67,102
26,42,10,157,0,0,1,0,0,2,50,33,52,55,18,4,24,1,1,0,0,74,26,4,47,47,22,5,0,13,33,66,16,62,28,0,28,2,1,2,0,18,36,12,64,35,16,27,18,12,1,15,6,0,14,84,2,34,52,30,3,23,10,42,41,0,40,28,22,29,0,13,8,12,45,16,21,50,27,46,0,0,0,1,6,48,17,30,22,114,0,0,0,8,6,16,33,71,28,76
226,1,2,20,0,0,0,0,0,0,9,198,14,23,1,0,4,0,0,0,0,19,180,0,17,20,11,0,0,2,48,48,4,120,11,0,18,0,0,0,0,4,68,5,66,14,13,70,7,2,0,0,10,2,8,96,0,9,103,21,0,1,24,18,5,0,188,4,6,3,0,5,1,9,58,2,18,92,51,13,0,0,0,0,0,2,3,6,223,15,0,0,0,0,1,2,9,41,78,118
14,35,19,180,0,0,0,0,1,0,50,34,54,59,26,1,23,0,2,0,0,86,19,2,76,45,10,3,3,5,26,73,8,77,26,0,36,1,0,2,0,15,37,15,68,27,16,40,18,13,0,6,16,2,19,67,2,32,52,53,1,10,10,52,45,0,34,46,22,29,0,12,5,13,52,23,31,54,25,34,0,0,0,1,2,42,9,32,20,143,0,0,0,2,6,24,35,74,47,61
238,0,0,11,0,0,0,0,0,0,5,221,10,11,1,0,1,0,0,0,0,20,192,0,19,12,5,0,0,1,46,30,4,140,9,0,18,1,0,1,0,2,52,2,88,17,9,76,3,0,0,0,7,0,5,122,0,5,97,13,1,0,19,9,8,0,204,7,1,0,0,4,0,7,61,9,20,92,34,22,0,0,0,0,0,1,1,2,231,14,0,0,0,0,0,1,4,49,76,119
10,23,8,208,0,0,0,0,0,0,35,27,73,74,20,0,20,0,0,0,0,86,24,0,67,48,18,2,1,3,32,83,9,59,20,0,41,5,0,0,0,10,52,7,73,18,17,46,19,7,0,5,11,0,8,86,0,30,71,38,1,10,16,59,55,0,27,42,14,25,0,7,1,6,54,23,35,56,37,30,0,0,0,0,2,32,9,22,13,171,0,0,0,0,0,15,25,79,44,86
237,0,0,12,0,0,0,0,0,0,3,238,3,5,0,0,0,0,0,0,0,20,197,0,18,11,3,0,0,0,38,31,0,158,2,0,20,0,0,0,0,1,55,0,87,10,9,83,4,0,0,0,4,0,2,110,0,11,107,15,0,1,17,10,7,0,209,4,1,0,0,1,0,4,62,6,23,91,40,22,0,0,0,0,0,1,0,0,240,8,0,0,0,0,0,3,3,44,74,125
10,13,8,218,0,0,0,0,0,0,46,8,71,88,14,0,22,0,0,0,0,82,23,1,62,59,15,0,0,7,21,97,5,64,18,0,44,0,0,0,0,8,53,4,90,26,15,38,11,4,0,3,12,1,10,90,0,23,72,38,0,12,27,62,47,0,30,38,13,20,0,6,0,10,57,15,24,74,30,33,0,0,0,0,0,22,5,25,8,189,0,0,0,0,0,6,21,76,60,86
246,0,0,3,0,0,0,0,0,0,4,238,2,5,0,0,0,0,0,0,0,13,213,0,9,10,2,1,0,1,36,34,0,168,1,0,10,0,0,0,0,1,57,1,98,8,3,81,0,0,0,1,3,0,1,128,0,0,104,12,0,0,11,6,3,0,225,4,0,0,0,0,0,3,71,5,19,90,41,20,0,0,0,0,0,1,1,1,236,10,0,0,0,0,0,3,1,41,71,133
3,15,1,230,0,0,0,0,0,0,49,11,76,84,18,0,11,0,0,0,0,86,16,0,80,52,13,0,1,1,42,88,1,59,17,0,42,0,0,0,0,12,54,2,89,19,16,49,6,2,0,1,5,0,13,94,0,23,83,30,0,5,32,61,46,0,21,45,12,27,0,2,1,8,57,13,27,83,34,24,0,0,0,0,0,27,3,24,11,184,0,0,0,0,1,5,22,82,61,78
244,0,0,5,0,0,0,0,0,0,2,244,1,1,0,0,1,0,0,0,0,5,219,0,12,12,1,0,0,0,27,34,0,175,2,0,11,0,0,0,0,1,50,0,107,3,8,80,0,0,0,0,1,0,1,135,0,2,100,10,0,0,3,7,4,0,234,1,0,0,0,0,0,3,62,1,11,119,38,15,0,0,0,0,0,1,1,0,245,2,0,0,0,0,0,0,1,38,59,151
5,11,1,232,0,0,0,0,0,0,38,5,90,92,12,0,12,0,0,0,0,89,16,0,83,47,12,0,0,2,43,98,0,55,13,0,40,0,0,0,0,2,61,0,88,28,12,52,5,1,0,1,5,0,6,80,0,21,99,37,0,11,29,72,47,0,13,54,7,16,0,0,0,2,65,8,24,75,43,32,0,0,0,0,0,18,3,18,3,207,0,0,0,0,0,6,19,93,67,64
248,0,0,1,0,0,0,0,0,0,1,247,0,1,0,0,0,0,0,0,0,6,232,0,7,3,1,0,0,0,23,27,0,191,0,0,8,0,0,0,0,1,47,0,116,1,1,83,0,0,0,0,0,0,0,138,0,2,104,5,0,0,3,4,1,0,238,3,0,0,0,0,0,0,77,2,11,116,30,13,0,0,0,0,0,0,0,2,245,2,0,0,0,0,0,0,0,37,66,146
1,10,0,238,0,0,0,0,0,0,57,1,78,86,14,0,13,0,0,0,0,99,6,0,99,42,2,0,0,1,61,93,0,47,7,0,41,0,0,0,0,1,55,3,95,19,18,49,7,2,0,0,5,0,4,92,0,14,101,33,0,2,33,82,51,0,8,50,4,19,0,1,0,5,65,7,31,71,41,28,0,0,0,0,0,18,0,20,3,208,0,0,0,0,0,4,9,97,62,77
247,0,0,2,0,0,0,0,0,0,2,247,0,0,0,0,0,0,0,0,0,8,233,0,6,2,0,0,0,0,24,32,0,189,0,0,4,0,0,0,0,1,43,1,112,8,1,83,0,0,0,0,0,0,0,128,0,3,114,4,0,0,1,5,1,0,242,0,0,0,0,0,0,0,66,0,9,129,37,8,0,0,0,0,0,0,0,0,247,2,0,0,0,0,0,0,1,25,62,161
2,8,0,239,0,0,0,0,0,0,49,2,86,95,10,0,7,0,0,0,0,102,11,0,85,45,5,0,0,1,44,98,0,50,16,0,41,0,0,0,0,4,75,2,88,13,12,51,4,0,0,0,2,0,2,107,0,12,102,24,0,1,40,69,53,0,5,63,3,15,0,0,0,1,69,10,29,72,29,39,0,0,0,0,0,12,0,21,2,214,0,0,0,0,0,5,5,105,70,64
18,2,0,4,3,0,1,0,0,2,2,13,1,4,0,6,3,1,0,0,1,5,11,2,3,5,0,1,1,1,7,3,4,6,2,0,6,0,2,0,0,2,7,1,3,3,4,6,2,2,0,0,1,2,0,12,0,5,7,3,3,1,0,5,1,1,12,3,1,3,1,2,2,1,5,1,1,6,4,7,3,0,3,0,3,3,2,2,11,3,1,1,0,1,1,4,3,4,7,8
5,13,2,5,0,2,2,1,0,0,2,7,1,7,5,4,2,1,0,1,0,4,6,4,7,1,1,2,4,1,2,8,1,10,4,0,2,1,0,2,0,3,3,1,10,2,1,4,5,1,0,2,4,0,1,7,2,6,5,3,1,4,2,6,6,0,4,1,1,5,0,3,3,2,4,1,4,8,2,3,0,3,2,2,2,5,1,3,6,6,0,0,1,2,4,4,0,3,7,9
185,11,0,11,4,2,1,0,0,3,12,132,7,16,3,38,6,3,0,0,12,23,96,18,19,28,1,7,8,5,57,39,9,69,10,0,30,0,3,0,0,28,35,7,33,20,24,56,12,2,0,4,8,5,8,100,1,30,42,19,29,14,0,41,9,11,80,11,1,21,0,9,7,2,51,9,13,52,23,51,6,1,21,0,18,22,14,15,98,22,0,2,0,6,12,34,6,12,71,74
12,116,3,57,9,1,4,0,0,15,14,42,24,49,22,45,9,3,7,2,1,56,45,12,42,26,2,11,14,8,27,51,9,74,17,2,29,0,5,3,0,24,37,12,52,24,15,30,18,5,0,11,7,5,7,57,1,61,46,22,13,24,4,41,26,3,52,21,7,26,1,8,12,10,29,9,13,73,19,43,10,10,15,12,22,40,6,21,40,41,0,5,1,10,10,32,8,36,46,69
230,3,0,4,1,0,0,0,0,0,11,168,1,18,4,35,1,0,0,0,4,27,123,11,31,29,0,4,6,3,55,37,3,102,7,0,33,0,1,0,0,34,39,5,53,19,17,56,15,0,0,0,7,3,2,143,0,43,29,11,21,12,0,50,4,9,115,6,0,21,0,4,9,0,72,8,7,82,13,43,3,0,16,2,15,19,13,12,147,11,0,0,1,6,9,40,5,8,92,77
7,130,1,87,3,0,2,0,0,8,17,43,32,54,26,56,7,2,1,0,13,62,57,10,40,34,0,8,7,7,33,64,9,76,11,0,44,0,1,0,0,24,47,8,47,39,12,42,17,2,0,6,12,2,5,49,0,78,63,23,17,27,3,59,22,6,52,22,4,26,0,11,8,6,33,15,19,64,18,64,5,5,18,3,21,52,14,34,33,53,0,2,2,2,15,34,3,37,52,91
246,2,0,1,0,0,0,0,0,0,10,196,0,9,2,32,0,0,0,0,0,29,146,11,18,39,0,0,4,2,62,38,2,120,3,0,24,0,0,0,0,48,41,4,54,22,14,58,8,0,0,1,5,0,0,158,0,36,42,7,20,8,0,53,7,1,137,7,0,16,0,0,4,0,52,9,3,117,16,48,3,1,16,0,15,14,9,9,173,9,0,0,0,4,1,26,2,7,102,107
2,147,0,96,2,0,1,0,0,1,24,32,32,84,21,51,4,0,0,1,5,55,58,16,72,30,0,3,7,3,46,55,4,87,11,0,43,0,0,3,0,22,38,10,56,40,25,39,18,1,0,5,10,0,4,67,0,88,59,16,18,25,0,77,19,7,53,20,0,30,0,2,9,3,48,10,19,68,18,72,4,3,21,4,15,64,12,36,25,65,0,1,0,0,8,38,6,27,78,91
248,1,0,0,0,0,0,0,0,0,5,211,0,11,0,22,0,0,0,0,0,27,171,4,12,32,0,0,3,0,59,35,2,131,4,0,18,0,0,0,0,39,42,1,59,11,19,74,4,0,0,0,1,0,1,191,0,25,25,6,21,10,1,56,5,0,133,8,0,15,0,1,2,0,76,3,4,104,5,54,1,0,17,0,11,10,2,11,194,3,0,0,0,1,2,16,2,5,111,112
1,156,0,91,0,0,0,0,0,1,27,31,30,73,21,64,3,0,0,0,0,70,42,15,53,52,0,4,10,3,43,75,3,77,5,0,46,0,0,0,0,21,38,10,61,38,30,43,8,0,0,1,8,0,2,43,0,88,81,26,18,16,0,67,22,1,62,29,0,34,0,3,5,1,52,8,20,83,18,59,0,1,18,1,28,69,14,27,30,61,0,0,0,1,8,32,5,25,79,99
248,1,0,0,0,0,0,0,0,0,2,225,0,5,1,16,0,0,0,0,0,17,189,2,16,24,0,0,1,0,66,38,1,130,4,0,10,0,0,0,0,33,30,0,68,12,22,81,3,0,0,0,1,0,0,201,0,25,18,4,10,11,0,61,0,0,141,10,0,16,0,1,1,0,73,2,0,124,8,40,0,0,12,0,8,14,7,7,198,3,0,0,0,0,1,17,0,4,109,118
1,161,0,85,1,0,0,0,0,1,28,19,25,82,21,74,0,0,0,0,0,86,38,15,58,42,0,2,7,1,55,68,4,76,4,0,42,0,0,0,0,23,42,8,61,34,28,42,11,0,0,1,4,0,2,36,0,99,92,15,18,15,0,78,24,1,62,16,0,35,0,1,4,1,61,7,12,74,15,74,2,1,20,1,23,75,7,29,27,64,0,0,0,2,1,37,2,19,86,102
249,0,0,0,0,0,0,0,0,0,0,232,0,6,0,11,0,0,0,0,0,14,203,4,10,18,0,0,0,0,66,40,1,133,0,0,9,0,0,0,0,26,41,0,73,10,13,85,1,0,0,0,0,0,0,217,0,11,20,1,15,7,0,47,1,0,162,4,0,13,0,2,1,0,69,0,0,129,8,40,0,0,5,0,4,9,2,7,220,2,0,0,0,0,0,16,0,5,116,112
0,173,0,76,0,0,0,0,0,0,26,16,28,83,20,75,1,0,0,0,0,86,36,14,55,54,0,0,4,0,64,72,0,81,1,0,31,0,0,0,0,20,47,3,62,41,17,51,7,1,0,0,5,0,1,25,0,117,84,17,19,18,0,91,11,0,51,17,0,42,0,1,6,1,47,6,8,79,9,92,0,1,23,0,22,75,12,26,19,71,0,0,0,0,0,31,0,16,91,111
249,0,0,0,0,0,0,0,0,0,1,237,0,2,0,9,0,0,0,0,0,8,217,1,8,15,0,0,0,0,57,33,1,152,1,0,5,0,0,0,0,22,40,0,83,13,7,82,2,0,0,0,0,0,0,219,0,14,15,1,5,6,0,55,2,0,171,1,0,9,0,0,3,0,80,1,0,121,3,41,0,0,7,0,4,7,1,6,224,0,0,0,0,0,0,10,0,2,122,115
0,171,0,78,0,0,0,0,0,0,29,10,26,87,20,77,0,0,0,0,0,100,21,15,57,55,0,0,1,0,60,78,0,67,3,0,41,0,0,0,0,30,61,0,74,23,20,37,4,0,0,0,3,0,1,21,0,126,90,8,16,13,0,112,13,0,52,16,0,27,0,0,1,0,59,3,9,93,8,76,0,1,20,0,27,79,8,36,10,68,0,0,0,0,2,38,0,13,83,113
249,0,0,0,0,0,0,0,0,0,0,245,0,0,0,4,0,0,0,0,0,6,227,1,5,10,0,0,0,0,55,24,2,162,0,0,6,0,0,0,0,18,36,0,84,9,8,94,0,0,0,0,0,0,0,230,0,8,10,1,13,0,0,43,0,0,186,2,0,5,0,0,1,0,77,0,1,119,5,46,0,0,4,0,2,4,0,3,234,2,0,0,0,0,0,6,0,1,118,124
0,172,0,77,0,0,0,0,0,0,37,4,24,87,13,84,0,0,0,0,0,106,15,11,67,50,0,0,0,0,69,78,1,72,2,0,27,0,0,0,0,27,57,0,74,30,16,42,3,0,0,0,3,0,0,13,0,123,101,9,14,15,0,118,14,0,44,16,0,28,0,1,2,0,55,3,3,86,7,92,0,0,18,0,13,96,8,34,7,73,0,0,0,0,0,26,0,12,102,109
249,0,0,0,0,0,0,0,0,0,0,244,0,1,0,4,0,0,0,0,0,4,229,2,2,12,0,0,0,0,62,21,0,162,0,0,4,0,0,0,0,15,33,0,93,5,11,92,0,0,0,0,0,0,0,225,0,11,12,1,7,2,0,36,0,0,200,1,0,3,0,0,0,0,60,0,0,144,4,41,0,0,6,0,0,7,1,4,231,0,0,0,0,0,0,5,0,0,99,145
0,174,0,75,0,0,0,0,0,0,22,5,25,93,16,88,0,0,0,0,0,112,15,9,66,46,0,0,1,0,72,86,0,76,1,0,14,0,0,0,0,20,46,0,69,34,19,61,0,0,0,0,0,0,1,17,0,128,95,8,22,16,0,127,11,0,39,13,0,21,0,0,0,0,72,1,3,85,6,82,0,0,15,0,12,102,3,30,14,73,0,0,0,0,1,20,0,4,130,94
18,6,0,4,1,0,0,0,0,1,5,6,4,4,1,0,4,1,2,3,0,4,9,2,4,4,1,3,2,1,6,8,2,9,2,2,1,0,0,0,1,1,7,1,7,3,3,3,3,1,1,1,5,0,2,8,1,1,6,5,0,2,2,8,3,0,6,6,1,2,0,1,1,1,2,4,2,11,1,7,0,1,1,2,2,4,2,3,12,3,0,1,0,1,2,5,5,4,3,9
4,7,2,9,1,2,1,1,2,1,0,5,4,5,5,4,2,2,2,1,3,4,6,1,8,5,1,1,0,1,2,4,3,12,2,1,2,2,1,1,0,2,3,2,8,1,2,3,3,6,1,5,1,1,0,10,1,5,4,2,0,4,3,3,6,2,3,2,3,4,1,0,2,1,3,3,5,6,3,6,1,1,0,1,3,8,2,2,7,5,0,1,1,1,5,4,3,4,5,6
164,23,0,19,0,1,0,0,1,9,33,41,44,35,17,6,25,9,7,0,1,28,94,6,34,19,1,16,4,14,54,44,5,90,14,3,4,2,0,1,1,2,50,6,60,11,27,23,24,13,1,3,46,0,10,78,3,3,42,31,0,14,21,44,17,1,60,39,2,19,0,7,0,4,20,23,15,85,4,59,0,4,4,13,6,32,3,14,123,18,0,5,0,1,9,37,32,26,24,83
25,100,9,65,3,1,3,1,4,6,14,52,37,29,28,18,15,8,9,7,10,21,37,8,52,47,6,21,9,6,17,64,8,83,10,5,22,0,5,3,0,14,30,13,67,25,14,25,16,13,8,37,16,3,11,43,7,14,49,29,1,21,18,40,39,6,29,30,10,23,1,10,9,7,12,34,16,70,7,51,1,9,3,14,13,60,12,16,33,56,1,6,1,5,19,34,29,32,31,59
203,19,0,7,0,0,0,0,1,8,47,57,44,32,16,7,28,4,2,1,4,17,138,2,33,17,1,12,2,12,60,48,3,115,7,1,4,0,0,0,0,0,42,4,104,10,30,22,17,9,1,2,56,0,2,98,3,1,48,27,0,16,23,41,15,0,85,43,0,15,0,1,0,0,18,14,9,120,3,73,0,0,0,10,0,27,3,11,172,15,0,0,0,1,10,43,27,32,20,105
23,105,12,79,1,0,1,1,1,15,24,68,36,36,32,13,18,4,4,3,1,33,40,17,52,58,4,23,3,7,31,57,9,97,16,1,24,1,2,0,0,11,47,12,59,19,20,37,22,11,6,29,20,0,13,60,1,15,56,38,0,29,20,57,41,2,34,35,3,17,0,8,3,5,16,41,18,73,7,67,0,3,1,13,17,75,8,24,27,70,0,1,1,1,18,38,51,31,43,54
218,17,0,13,0,0,0,0,0,1,41,83,52,25,10,1,33,1,2,1,2,17,140,2,48,23,0,11,0,6,58,31,4,140,13,1,0,1,1,0,0,0,41,1,128,7,30,17,17,8,0,3,50,0,3,118,0,1,48,26,0,7,23,52,21,0,108,29,0,9,0,0,1,1,13,10,7,146,2,69,0,0,0,3,3,28,3,7,192,13,0,0,0,0,11,38,35,40,17,108
21,130,2,70,0,0,0,0,0,26,33,54,42,57,24,14,21,2,1,1,2,32,50,17,61,45,2,27,1,12,40,77,5,90,10,2,21,1,3,0,0,11,54,5,66,14,27,35,24,13,0,17,31,0,12,70,2,14,58,45,0,26,12,49,48,1,53,33,1,26,0,2,0,1,21,45,11,74,5,90,0,2,3,13,7,84,7,22,32,79,0,0,0,1,18,28,41,50,41,70
232,12,0,4,0,0,0,0,0,1,36,71,62,37,21,5,17,0,0,0,0,12,174,0,32,14,1,12,0,4,58,43,0,144,3,0,1,0,0,0,0,0,60,1,137,5,20,14,8,4,0,1,55,0,3,116,0,0,56,18,0,10,28,41,14,0,121,23,0,12,0,0,0,0,12,10,2,149,0,76,0,0,0,2,2,25,2,9,203,6,0,0,0,0,2,36,31,35,19,126
13,147,1,78,0,0,0,0,0,10,22,78,43,49,29,9,15,4,0,0,2,32,41,12,78,57,0,23,0,4,58,76,3,93,8,0,11,0,0,0,0,6,49,3,61,14,22,54,29,11,0,13,44,0,3,74,1,5,65,44,0,28,22,69,37,0,47,28,0,18,0,0,0,0,26,32,10,78,2,101,0,2,0,10,5,104,6,34,21,67,0,0,0,0,8,42,30,48,49,72
241,6,0,2,0,0,0,0,0,0,41,88,45,28,15,1,29,0,1,1,0,7,184,2,28,19,0,5,0,4,58,28,1,159,2,0,1,0,0,0,0,0,42,0,165,5,17,11,8,1,0,0,45,0,0,137,0,1,57,9,0,11,22,43,11,0,121,35,0,6,0,0,0,0,5,4,1,169,1,69,0,0,0,0,2,25,0,6,209,7,0,0,0,0,3,43,25,26,13,139
8,155,0,83,0,0,0,0,0,3,24,63,53,58,18,11,19,3,0,0,0,33,42,6,95,47,1,19,0,6,60,92,3,76,10,0,8,0,0,0,0,5,68,3,47,8,36,52,17,13,0,12,45,0,7,55,0,13,76,41,0,28,25,60,40,0,55,25,0,16,0,0,0,0,32,29,12,66,2,108,0,0,0,10,6,110,3,24,26,70,0,0,0,0,9,52,39,34,50,65
247,2,0,0,0,0,0,0,0,0,36,90,54,36,13,1,18,0,1,0,0,6,199,1,27,14,0,1,0,1,48,27,0,174,0,0,0,0,0,0,0,0,44,0,170,5,11,11,5,3,0,0,49,0,0,133,0,0,52,15,0,9,25,36,15,0,133,28,0,3,0,0,0,0,7,5,3,173,0,61,0,0,0,3,1,14,0,2,226,3,0,0,0,0,3,22,15,26,13,170
2,155,0,89,0,0,0,0,0,3,22,59,58,57,29,3,19,1,1,0,0,38,38,7,85,58,0,14,0,9,60,97,4,69,9,0,10,0,0,0,0,0,71,3,58,11,39,45,13,9,0,7,39,0,4,83,0,2,80,34,0,17,19,69,34,1,51,44,0,14,0,0,0,0,22,28,7,69,0,123,0,0,0,6,4,131,7,22,17,62,0,0,0,0,3,57,44,46,51,48
245,4,0,0,0,0,0,0,0,0,33,90,55,39,14,2,14,0,2,0,0,5,205,0,27,8,0,2,0,2,55,20,0,174,0,0,0,0,0,0,0,0,41,0,180,1,13,9,4,1,0,0,43,0,0,150,0,0,51,5,0,5,16,47,8,0,147,21,0,5,0,0,0,0,1,4,0,180,0,64,0,0,0,1,1,17,0,3,226,1,0,0,0,0,0,30,24,12,10,173
4,171,0,72,0,0,0,0,0,2,38,71,43,54,20,3,17,3,0,0,0,35,32,3,108,56,0,12,0,3,59,104,0,73,4,0,9,0,0,0,0,1,85,2,47,11,32,48,13,10,0,6,54,0,4,67,0,0,80,38,0,18,25,57,43,0,53,35,0,18,0,0,0,0,22,17,8,60,0,142,0,0,0,5,3,137,0,15,16,73,0,0,0,0,7,53,48,42,51,48
248,1,0,0,0,0,0,0,0,0,31,85,68,38,15,0,12,0,0,0,0,1,225,0,16,4,0,3,0,0,32,32,0,185,0,0,0,0,0,0,0,0,51,0,178,3,6,8,2,1,0,0,34,0,0,151,0,0,53,11,0,2,12,41,12,0,151,30,0,1,0,0,0,0,2,2,0,184,0,61,0,0,0,0,0,14,0,1,234,0,0,0,0,0,0,26,18,18,6,181
1,167,0,79,0,0,0,0,0,2,25,86,47,53,23,0,14,0,1,0,0,35,19,3,103,72,0,17,0,0,64,110,2,59,7,0,7,0,0,0,0,0,86,1,53,7,28,47,22,5,0,0,43,0,0,75,0,3,94,34,0,21,22,68,29,0,53,38,0,18,0,0,0,0,22,25,5,60,0,137,0,0,0,1,2,151,0,21,13,61,0,0,0,0,4,54,42,55,52,42
249,0,0,0,0,0,0,0,0,0,17,120,54,42,5,1,10,0,0,0,0,2,218,0,16,9,0,4,0,0,34,18,0,197,0,0,0,0,0,0,0,0,39,0,191,1,9,7,2,0,0,0,35,0,0,158,0,0,46,10,0,1,25,44,7,0,149,22,0,1,0,0,0,0,1,1,0,185,0,62,0,0,0,0,0,8,0,0,240,1,0,0,0,0,0,18,17,11,4,199
0,166,0,83,0,0,0,0,0,0,30,77,64,47,15,1,15,0,0,0,0,42,24,1,119,55,0,7,0,1,68,120,1,50,6,0,4,0,0,0,0,0,87,1,43,4,28,60,18,8,0,2,47,0,2,79,0,0,88,31,0,17,25,78,28,0,56,33,0,12,0,0,0,0,19,22,4,64,0,140,0,0,0,1,3,157,0,14,5,69,0,0,0,0,2,50,46,58,61,32
23,3,0,3,1,0,0,0,0,0,1,9,4,6,2,4,2,0,2,0,1,3,7,4,6,3,3,0,1,2,4,6,1,11,1,0,5,0,1,1,1,5,4,1,6,2,2,4,4,1,1,2,2,0,3,10,1,2,4,5,6,2,1,5,2,1,8,5,0,0,1,1,5,2,5,3,4,2,2,5,2,1,1,0,2,3,3,5,8,5,0,0,2,1,0,6,2,4,4,11
4,7,2,13,0,0,1,0,2,1,3,5,7,4,4,2,2,2,1,0,2,6,3,3,4,2,3,3,1,3,5,8,1,6,4,1,3,1,1,0,1,0,6,2,5,2,5,4,1,4,0,3,4,2,1,7,1,4,6,2,1,4,1,4,7,0,6,1,1,5,0,2,0,4,6,3,2,9,4,0,0,1,3,0,1,6,3,3,7,6,0,0,0,1,4,3,3,9,2,8
188,11,0,18,0,0,0,0,0,0,14,96,33,34,5,15,10,0,10,0,3,13,78,39,31,20,16,2,1,14,30,49,2,81,11,0,38,0,6,0,3,26,31,18,43,17,18,38,13,10,13,7,10,1,16,72,5,25,22,46,35,16,3,37,17,3,81,24,0,1,0,2,19,8,40,29,38,29,16,36,8,1,7,0,3,23,23,31,71,50,0,0,5,1,0,25,9,29,28,120
19,71,2,117,5,0,1,0,1,1,7,47,59,41,19,21,13,0,10,0,7,46,30,23,30,17,30,15,6,13,30,60,8,69,26,0,14,4,5,1,8,13,44,15,36,16,33,31,13,8,3,15,27,5,19,62,3,29,36,18,29,20,12,48,27,4,36,17,1,23,0,2,26,16,46,17,14,57,16,23,4,7,10,0,7,48,13,12,65,51,0,0,11,3,5,29,24,66,35,44
222,6,0,10,0,0,0,0,0,0,21,124,43,26,4,6,13,0,1,0,2,14,82,28,51,27,25,0,1,8,38,55,1,97,14,0,31,0,2,0,0,23,51,15,44,8,20,56,13,8,6,6,9,0,10,99,0,29,12,67,28,12,2,42,20,1,110,22,0,1,0,0,28,4,42,28,49,37,11,39,3,0,4,0,1,29,21,21,92,67,0,0,6,0,0,23,4,23,26,156
13,78,0,146,1,0,0,0,0,0,11,60,71,50,13,14,14,0,5,0,4,57,53,18,45,14,23,11,1,12,22,73,2,89,16,0,32,0,3,1,1,21,39,17,50,20,39,32,12,7,7,20,33,1,14,58,4,37,39,25,24,21,13,66,27,3,51,24,0,9,0,1,19,13,47,23,19,68,17,31,10,1,6,0,5,45,21,18,79,53,0,0,5,1,2,29,18,76,59,48
242,2,0,5,0,0,0,0,0,0,18,142,41,21,0,11,14,0,2,0,0,18,114,29,48,16,18,0,1,5,38,51,0,104,12,0,43,0,1,0,0,23,67,21,41,11,25,47,12,2,0,8,5,0,10,120,1,30,12,63,33,9,3,42,11,0,120,31,0,0,0,0,21,3,38,44,59,56,4,24,1,1,0,0,0,28,14,12,115,78,0,0,0,0,0,16,4,18,16,195
7,87,0,155,0,0,0,0,0,0,22,61,81,44,9,21,7,0,4,0,2,58,44,30,38,20,34,6,4,13,27,73,2,89,22,0,33,1,2,0,3,20,42,14,56,13,35,46,13,7,12,13,29,3,10,63,0,27,60,32,18,16,6,60,44,2,64,31,0,8,0,0,13,7,48,35,17,70,23,36,3,2,5,0,0,47,12,19,84,77,0,0,7,1,5,38,21,92,58,27
245,2,0,2,0,0,0,0,0,0,11,168,35,19,0,4,10,0,2,0,0,9,137,28,32,21,17,0,0,5,44,51,0,121,6,0,27,0,0,0,0,10,43,14,62,15,20,78,7,0,1,0,3,0,10,166,0,22,9,38,39,7,1,41,11,0,134,16,0,0,0,0,15,2,45,37,55,59,4,32,0,0,2,0,0,18,7,10,142,70,0,0,0,0,0,12,1,20,20,196
3,63,0,182,0,0,1,0,0,0,21,49,96,45,10,11,13,0,4,0,0,58,36,24,60,24,34,4,1,8,25,92,0,82,17,0,33,0,0,0,1,20,54,17,62,17,33,28,12,5,11,10,22,0,16,45,2,48,53,42,26,27,9,63,28,1,62,29,0,4,0,0,12,4,47,32,34,68,11,41,0,0,6,0,1,59,29,19,66,69,0,0,2,0,1,24,24,90,68,40
248,0,0,1,0,0,0,0,0,0,12,186,24,15,1,2,8,0,1,0,0,11,163,15,29,14,15,0,0,2,45,55,1,123,3,0,22,0,0,0,0,8,56,16,53,10,31,73,2,0,1,3,6,0,4,150,0,18,16,51,23,10,0,37,13,0,155,11,0,0,0,0,14,2,52,31,51,70,2,27,0,0,2,0,0,18,6,9,151,63,0,0,1,0,0,10,0,17,8,213
1,78,0,170,0,0,0,0,0,0,20,35,98,71,4,11,5,0,5,0,0,55,34,39,57,24,30,0,0,10,28,88,0,84,14,0,35,0,0,0,0,20,44,16,62,14,37,44,4,8,8,11,27,0,12,59,0,35,48,49,25,18,6,91,23,1,48,30,0,7,0,0,19,5,57,32,30,71,11,24,1,0,2,0,1,56,15,12,63,99,0,0,1,0,0,25,16,110,70,27
248,0,0,1,0,0,0,0,0,0,3,202,22,13,1,4,4,0,0,0,0,6,173,19,17,6,23,0,0,5,48,55,0,128,0,0,18,0,0,0,0,11,56,14,61,8,33,66,0,0,0,0,2,0,3,162,0,8,17,57,22,3,0,38,1,0,172,13,0,0,0,0,17,0,52,28,45,72,4,31,0,0,0,0,0,12,11,9,153,64,0,0,0,0,0,8,1,12,9,219
1,76,0,172,0,0,0,0,0,0,18,30,111,60,11,11,8,0,0,0,0,59,29,34,58,35,27,1,0,6,32,84,0,87,10,0,36,0,0,0,0,19,44,10,59,18,37,50,10,2,2,9,18,0,14,64,0,46,55,41,23,19,1,92,35,0,42,34,0,3,0,0,22,6,51,25,30,76,9,30,0,0,2,0,0,50,16,19,69,93,0,0,0,0,0,30,15,123,59,22
249,0,0,0,0,0,0,0,0,0,2,223,12,7,1,3,1,0,0,0,0,7,167,20,30,6,18,0,0,1,48,58,0,128,2,0,13,0,0,0,0,7,48,9,53,5,35,89,3,0,0,0,2,0,0,177,0,7,12,51,19,2,0,37,5,0,185,1,0,0,0,0,12,0,48,32,47,76,4,30,0,0,0,0,0,10,4,7,172,56,0,0,0,0,0,8,0,11,8,222
0,64,0,185,0,0,0,0,0,0,23,15,137,56,7,3,4,0,4,0,0,56,40,32,62,28,25,0,0,6,27,109,0,80,7,0,26,0,0,0,0,11,34,15,87,19,36,39,7,1,1,11,25,0,12,53,0,40,61,46,23,15,5,103,19,0,45,37,0,2,0,0,15,1,56,33,31,74,8,31,0,0,4,0,1,54,14,8,57,111,0,0,0,0,0,32,10,114,71,22
249,0,0,0,0,0,0,0,0,0,1,229,10,8,0,1,0,0,0,0,0,1,193,9,21,5,17,0,0,3,50,53,0,135,2,0,9,0,0,0,0,5,48,13,57,9,35,80,2,0,0,0,1,0,0,211,0,1,2,34,12,3,0,21,3,0,204,6,0,0,0,0,6,0,55,28,54,82,1,23,0,0,0,0,0,6,4,2,178,59,0,0,0,0,0,7,0,7,8,227
0,62,0,187,0,0,0,0,0,0,19,14,129,69,8,6,4,0,0,0,0,69,20,29,58,33,38,0,0,2,26,94,0,90,8,0,31,0,0,0,0,6,58,18,81,10,30,39,7,0,0,3,26,0,11,28,0,38,76,67,33,16,1,112,18,0,26,40,0,3,0,0,18,1,57,27,27,79,5,35,0,0,0,0,0,49,22,15,51,112,0,0,0,0,0,28,11,139,58,13
249,0,0,0,0,0,0,0,0,0,0,233,9,5,1,0,1,0,0,0,0,4,198,8,18,4,17,0,0,0,51,32,0,157,0,0,9,0,0,0,0,7,72,9,59,5,18,77,2,0,0,0,0,0,0,202,0,2,3,42,10,5,0,40,4,0,185,5,0,0,0,0,3,0,43,28,53,99,0,23,0,0,0,0,0,5,4,2,183,55,0,0,0,0,0,3,0,1,1,244
0,62,0,187,0,0,0,0,0,0,15,14,146,56,5,8,5,0,0,0,0,73,25,30,70,21,29,0,0,1,33,108,0,64,6,0,38,0,0,0,0,10,42,7,87,16,37,45,4,1,0,4,26,0,10,37,0,46,59,67,24,7,1,106,27,0,40,42,0,2,0,0,14,0,53,25,32,81,1,43,0,0,0,0,0,50,13,13,57,116,0,0,0,0,0,32,11,143,60,3
21,3,0,3,1,0,0,0,0,2,5,8,8,2,1,3,1,0,2,0,0,2,13,8,2,0,1,1,3,0,5,3,3,9,1,0,5,1,0,3,0,2,2,1,6,4,2,10,2,1,0,0,1,1,3,9,0,4,11,1,1,1,1,3,3,2,12,4,0,3,0,0,2,0,4,6,4,7,2,5,3,1,1,0,2,2,2,1,12,6,0,1,1,0,1,2,3,3,3,16
4,8,2,9,1,1,1,1,3,0,0,8,3,5,3,3,3,2,1,2,1,6,6,1,6,3,2,3,1,1,1,6,3,8,4,0,3,3,2,0,2,1,6,2,6,2,6,0,3,2,1,4,3,2,1,3,2,2,5,7,0,2,2,4,1,1,3,6,3,8,1,1,2,1,4,3,2,8,2,6,0,1,2,2,3,9,2,4,2,5,0,1,6,0,4,3,3,4,7,2
181,19,0,16,1,0,0,0,0,0,38,92,54,2,5,10,10,1,5,0,0,5,123,29,24,2,13,5,16,0,46,26,19,76,7,0,25,5,0,13,0,11,11,15,73,12,22,63,8,2,0,0,3,9,7,90,0,25,73,10,3,3,8,21,19,17,96,22,4,24,1,2,15,0,13,40,21,57,17,51,11,9,3,3,13,33,18,7,84,36,0,6,7,0,4,9,7,12,12,160
23,58,2,101,7,4,1,1,3,17,25,58,47,32,15,16,8,5,9,2,1,35,33,40,47,15,10,24,8,4,19,45,15,59,20,0,35,8,3,13,0,18,21,5,55,21,42,40,8,7,1,14,13,8,22,42,3,31,50,33,5,12,12,43,21,9,31,30,4,50,1,4,16,1,30,25,26,63,15,36,12,11,7,6,15,55,12,17,40,42,0,3,19,0,9,26,30,38,68,24
217,12,0,9,0,0,0,0,0,0,36,117,61,5,1,11,7,0,0,0,0,6,154,27,20,1,17,3,10,0,52,14,25,106,5,0,31,1,0,4,0,12,14,18,98,12,23,54,4,3,0,0,5,9,9,119,0,16,75,5,1,2,4,11,19,12,143,20,1,25,0,1,10,0,11,37,25,73,12,69,5,8,1,1,10,38,15,1,121,38,0,7,1,0,2,8,5,8,8,199
14,76,8,125,2,4,0,0,5,4,28,63,75,28,10,21,10,0,3,0,0,43,33,34,79,11,15,8,15,0,37,58,10,67,12,0,30,6,1,17,0,15,17,8,73,11,40,60,10,4,1,8,12,11,16,53,0,27,81,29,1,3,12,47,26,14,23,37,7,68,1,3,12,1,23,32,23,71,16,56,11,10,4,5,9,69,19,17,38,56,0,3,16,0,7,32,28,58,76,18
238,8,0,3,0,0,0,0,0,0,29,128,79,2,1,2,7,0,1,0,0,3,180,22,23,2,11,2,6,0,46,26,18,118,5,0,30,0,0,6,0,8,10,16,115,12,19,67,2,0,0,0,1,5,6,137,0,16,81,3,0,3,2,12,17,16,166,14,0,19,0,2,6,0,19,37,13,96,6,70,4,1,0,0,4,39,4,0,151,46,0,1,3,0,0,4,8,3,8,222
6,92,1,133,2,5,0,0,7,3,38,85,65,21,7,16,14,0,3,0,1,46,30,41,79,6,19,13,14,0,47,70,12,69,11,0,29,2,0,9,0,19,20,15,70,15,37,64,8,1,0,9,10,15,16,62,0,43,68,26,1,3,8,56,23,7,36,35,1,79,0,4,14,0,24,24,31,81,8,63,11,11,0,1,10,78,11,9,48,70,0,3,10,0,3,42,34,56,86,15
242,4,0,3,0,0,0,0,0,0,14,150,73,2,0,3,7,0,0,0,0,1,193,16,22,0,11,1,5,0,42,19,16,133,1,0,35,0,0,3,0,3,8,6,132,7,12,81,0,0,0,0,0,3,1,158,0,5,81,1,0,0,1,17,11,9,180,13,0,18,0,0,10,0,12,38,10,111,9,59,0,0,0,0,6,40,6,0,149,48,0,0,3,0,2,3,0,3,6,232
5,76,0,162,1,2,0,0,0,3,54,70,76,19,2,11,16,0,1,0,0,37,31,50,90,8,13,10,10,0,45,56,19,75,12,0,36,1,0,5,0,8,27,9,80,10,36,76,2,1,0,5,6,5,23,62,0,34,100,14,0,1,6,65,32,12,32,39,1,61,0,0,6,0,22,35,31,72,12,71,9,6,1,0,12,81,16,8,58,58,0,1,8,0,3,30,35,65,97,10
247,1,0,1,0,0,0,0,0,0,21,152,69,0,0,5,2,0,0,0,0,3,204,17,18,0,6,0,1,0,41,20,19,136,2,0,27,2,0,2,0,5,10,4,147,2,7,74,0,0,0,0,0,1,2,155,0,10,81,0,0,1,0,11,14,6,189,11,1,16,0,0,1,0,9,28,7,123,6,75,4,0,0,0,4,32,5,2,171,31,0,0,0,0,0,2,2,1,5,239
2,75,0,171,1,0,0,0,0,0,35,74,106,15,5,7,7,0,0,0,0,46,24,43,103,2,17,4,10,0,40,64,20,72,12,0,35,2,0,4,0,11,32,10,71,8,37,79,1,0,0,2,5,6,8,63,0,44,109,12,0,3,2,58,25,12,23,41,1,84,0,1,12,0,19,33,25,72,14,73,4,4,0,1,9,93,7,7,43,81,0,0,0,0,0,33,34,71,103,8
248,1,0,0,0,0,0,0,0,0,16,156,75,0,0,1,1,0,0,0,0,1,222,13,10,0,1,0,2,0,34,6,14,166,2,0,27,0,0,0,0,4,5,0,174,1,3,62,0,0,0,0,0,0,1,149,0,9,90,0,0,0,0,9,7,3,209,10,0,11,0,0,5,0,12,43,7,105,3,74,1,0,0,0,5,35,4,1,172,31,0,0,0,0,0,1,0,1,0,247
0,73,0,176,0,0,0,0,0,0,46,79,101,6,1,12,4,0,0,0,0,44,20,49,106,2,21,4,3,0,44,71,23,52,6,0,48,1,0,4,0,7,25,9,60,15,31,101,1,0,0,3,3,2,10,76,0,31,111,13,0,0,1,68,34,14,22,34,0,76,0,0,14,0,19,33,16,86,7,74,0,3,0,0,7,95,4,9,46,85,0,0,5,0,0,33,22,81,108,0
249,0,0,0,0,0,0,0,0,0,12,162,75,0,0,0,0,0,0,0,0,2,225,10,12,0,0,0,0,0,20,7,15,189,0,0,18,0,0,0,0,1,3,0,168,3,6,68,0,0,0,0,0,0,1,167,0,2,79,0,0,0,0,9,7,4,210,10,0,9,0,0,3,0,10,32,8,125,1,70,1,0,0,0,2,34,1,2,180,29,0,0,0,0,0,1,0,1,0,247
0,69,0,180,0,0,0,0,0,0,45,79,104,11,0,3,7,0,0,0,0,40,16,46,124,3,11,8,1,0,53,66,24,46,3,0,56,0,0,1,0,10,25,10,66,7,31,98,2,0,0,1,2,0,3,68,0,31,135,9,0,1,2,62,36,6,21,44,0,77,0,0,8,0,13,32,11,90,8,87,1,0,0,0,10,92,8,3,48,87,0,0,1,0,1,32,19,78,117,1
249,0,0,0,0,0,0,0,0,0,6,172,69,0,0,2,0,0,0,0,0,0,231,8,10,0,0,0,0,0,23,6,11,191,0,0,18,0,0,0,0,1,2,0,184,0,3,59,0,0,0,0,0,0,0,160,0,3,85,1,0,0,0,6,6,1,220,7,0,9,0,0,0,0,12,36,3,125,3,70,0,0,0,0,0,37,3,0,178,31,0,0,0,0,0,0,1,0,0,248
0,68,0,181,0,0,0,0,0,0,45,74,110,12,0,5,3,0,0,0,0,43,12,53,125,1,7,6,2,0,60,62,25,47,5,0,48,1,0,1,0,6,25,4,59,5,32,118,0,0,0,0,2,0,3,75,0,31,135,3,0,0,3,73,34,4,18,41,0,76,0,0,2,0,17,39,21,85,3,82,2,1,0,0,5,95,6,4,53,83,0,0,1,0,0,23,24,90,110,1
249,0,0,0,0,0,0,0,0,0,7,166,76,0,0,0,0,0,0,0,0,0,242,2,5,0,0,0,0,0,22,5,7,194,0,0,21,0,0,0,0,2,0,0,177,0,2,68,0,0,0,0,0,0,0,164,0,2,83,0,0,0,0,1,5,0,227,6,0,10,0,0,1,0,8,22,7,148,2,61,0,0,0,0,1,29,0,0,197,22,0,0,0,0,0,0,0,0,0,249
0,88,0,161,0,0,0,0,0,0,46,77,114,8,0,1,3,0,0,0,0,31,7,54,142,3,9,3,0,0,61,64,23,45,2,0,54,0,0,0,0,1,21,3,69,4,28,122,1,0,0,0,0,0,7,78,0,21,139,4,0,0,0,74,29,3,11,46,0,86,0,0,1,0,16,42,19,82,3,86,0,0,0,0,3,115,4,2,40,85,0,0,0,0,1,38,19,79,112,0
19,1,0,5,1,0,1,1,0,2,4,9,2,8,2,4,0,0,1,0,2,5,9,2,5,5,1,0,1,0,3,5,2,11,3,0,2,0,1,3,1,3,8,3,1,2,6,4,2,0,1,2,3,0,1,10,2,3,5,3,0,2,4,3,2,0,13,4,0,2,0,0,2,0,10,2,1,5,4,6,1,1,2,1,2,1,1,4,13,4,0,1,1,2,1,4,4,1,3,13
2,7,1,13,0,0,3,2,2,0,3,10,3,6,2,1,3,0,2,0,1,7,7,2,4,0,3,3,2,1,6,5,1,5,1,1,8,1,2,0,0,2,6,4,4,3,4,2,2,3,0,2,7,0,2,6,2,5,6,0,0,3,0,6,9,0,5,5,0,2,1,1,3,1,3,4,5,8,3,1,2,0,2,1,2,5,2,2,7,7,1,1,3,0,2,4,1,5,9,4
173,2,0,25,1,0,3,3,0,10,32,95,7,48,13,19,0,0,3,0,15,30,115,14,24,9,3,5,1,1,37,32,11,93,21,0,12,0,4,7,8,8,60,40,3,15,40,38,5,0,0,6,41,0,6,93,9,21,37,4,0,13,19,17,16,0,122,27,0,3,0,1,5,0,73,16,12,43,22,45,7,9,7,9,5,1,0,18,143,18,0,7,3,2,8,13,13,11,26,134
14,48,0,125,2,1,5,14,1,7,34,44,26,67,14,21,4,0,7,0,4,76,36,17,28,34,6,3,12,1,33,36,19,60,12,0,36,3,6,12,5,16,38,16,28,22,53,14,17,8,0,28,23,0,12,55,11,43,34,11,0,22,14,63,44,0,46,22,0,6,0,4,24,2,49,22,19,58,21,18,7,1,6,7,19,43,12,28,26,68,0,8,11,4,7,39,17,33,66,32
212,1,0,19,0,0,0,1,1,4,26,130,1,60,5,15,0,0,1,0,12,36,149,11,12,16,0,1,1,0,38,39,4,116,21,0,18,0,0,2,1,13,59,44,6,9,46,55,5,0,0,4,23,0,2,138,8,21,39,3,0,3,19,20,9,0,154,33,0,0,0,0,4,0,89,9,10,49,20,57,3,3,4,4,4,2,2,12,195,9,0,3,1,1,3,8,5,9,33,175
15,41,0,156,0,0,2,2,1,21,36,53,24,83,26,10,3,0,3,0,3,96,42,23,40,29,3,1,1,0,44,50,27,64,10,0,30,0,5,8,8,16,46,22,25,25,65,19,10,2,0,15,38,0,5,61,7,42,62,8,0,21,17,65,47,0,46,33,0,9,0,0,11,0,43,24,17,87,27,29,6,9,8,15,14,54,3,29,16,84,0,7,5,4,11,34,21,47,78,31
230,0,0,13,0,0,0,0,1,5,24,129,2,82,2,10,0,0,0,0,6,25,184,6,15,11,1,1,0,0,47,40,7,117,23,0,12,0,0,3,4,3,85,36,1,13,47,58,2,0,0,2,31,0,1,167,2,18,28,0,0,0,15,14,6,0,193,20,0,1,0,0,4,0,100,14,8,64,5,54,0,0,0,5,7,1,2,9,220,5,0,0,2,0,0,10,6,5,15,211
13,16,0,191,0,0,1,5,1,22,32,76,18,86,21,15,0,0,1,0,11,111,32,26,36,27,2,0,4,0,31,77,20,83,14,0,20,0,1,3,6,17,46,40,23,24,66,20,3,4,0,10,61,0,6,61,6,41,58,6,0,21,28,77,46,0,36,37,0,4,0,0,10,0,54,25,18,73,27,42,4,1,4,8,12,50,6,27,10,127,0,8,6,2,11,37,15,43,106,21
234,0,0,15,0,0,0,0,0,0,17,153,0,69,3,7,0,0,0,0,4,25,207,7,4,2,0,0,0,0,43,27,1,156,15,0,6,0,0,1,0,2,91,49,7,9,40,50,1,0,0,1,31,0,2,172,3,15,25,0,0,2,11,11,4,0,210,10,0,1,0,0,6,0,106,7,7,68,10,45,0,0,0,2,3,0,0,5,229,10,0,0,0,0,2,5,5,6,15,216
14,28,0,189,0,0,1,3,1,13,30,67,17,103,17,15,0,0,0,0,10,131,27,11,34,35,0,0,1,0,60,63,18,53,16,0,34,0,1,4,0,18,50,26,32,21,70,23,8,1,0,8,48,0,9,55,7,38,78,6,0,19,30,96,45,0,22,37,0,0,0,0,9,0,66,22,9,84,21,38,3,0,2,11,5,62,3,33,14,116,0,0,3,0,8,41,13,36,123,25
244,0,0,5,0,0,0,0,0,0,11,172,0,61,2,3,0,0,0,0,2,23,215,1,4,4,0,0,0,0,41,36,3,154,7,0,8,0,0,0,0,4,85,39,3,10,40,66,2,0,0,1,26,0,0,188,3,11,20,0,0,2,5,6,3,0,223,10,0,0,0,0,1,0,118,7,4,58,6,55,0,0,0,1,2,2,0,4,237,3,0,0,0,0,2,5,4,5,11,222
4,16,0,217,0,0,0,0,0,12,31,52,12,116,22,16,0,0,0,0,3,136,23,13,49,24,0,0,1,0,61,65,17,62,13,0,28,0,1,2,0,19,54,29,25,19,68,27,7,1,0,9,58,0,4,46,2,57,69,4,0,13,24,100,51,0,18,43,0,0,0,0,12,0,49,11,13,109,12,43,4,0,0,2,7,61,1,33,8,133,0,1,1,0,6,39,10,48,131,13
246,0,0,3,0,0,0,0,0,0,13,186,1,43,1,5,0,0,0,0,0,13,226,2,7,0,0,0,1,0,31,22,0,189,5,0,2,0,0,0,0,1,88,42,7,1,54,56,0,0,0,0,30,0,0,200,1,2,16,0,0,1,1,2,7,0,230,8,0,0,0,0,2,0,113,6,3,61,8,56,0,0,0,0,1,0,0,1,245,2,0,0,0,0,0,5,0,0,9,235
3,11,0,232,0,0,0,0,0,3,26,51,9,141,16,6,0,0,0,0,6,160,16,8,32,27,0,0,0,0,65,84,15,42,13,0,30,0,0,0,0,16,52,32,25,18,71,34,0,1,0,4,72,0,4,34,2,47,83,3,0,8,27,87,61,0,10,56,0,0,0,0,9,0,55,11,12,113,10,39,0,0,0,6,9,61,0,27,3,143,0,0,3,0,4,28,11,39,154,10
248,0,0,1,0,0,0,0,0,0,4,187,0,57,0,1,0,0,0,0,0,16,230,1,1,1,0,0,0,0,26,21,0,194,4,0,4,0,0,0,0,2,94,36,4,3,41,69,0,0,0,0,18,0,0,207,0,8,16,0,0,0,3,1,1,0,237,7,0,0,0,0,0,0,108,5,3,75,4,54,0,0,0,0,1,0,0,0,246,2,0,0,0,0,0,0,1,1,7,240
1,6,0,241,0,0,0,0,0,1,22,56,4,145,12,10,0,0,0,0,1,175,14,7,34,18,0,0,0,0,69,78,6,37,21,0,38,0,0,0,0,10,53,30,27,17,77,35,0,0,0,4,80,0,1,37,3,51,72,1,0,12,20,97,54,0,7,59,0,0,0,0,5,0,72,7,6,110,10,39,1,0,2,3,8,67,0,26,3,139,0,0,0,0,3,39,7,44,148,8
248,0,0,1,0,0,0,0,0,0,7,195,0,47,0,0,0,0,0,0,1,11,235,0,1,1,0,0,0,0,23,15,0,210,1,0,0,0,0,0,0,2,91,42,3,5,59,47,0,0,0,0,18,0,0,219,0,7,5,0,0,0,2,0,2,0,240,5,0,0,0,0,0,0,110,3,0,75,3,58,0,0,0,0,0,0,0,0,249,0,0,0,0,0,0,0,0,0,6,243
1,5,0,242,0,0,0,1,0,0,29,49,11,143,5,12,0,0,0,0,3,179,9,5,41,12,0,0,0,0,69,101,10,24,17,0,28,0,0,0,0,10,52,47,22,12,74,32,0,0,0,0,92,0,1,27,0,46,82,1,0,9,20,89,58,0,8,65,0,0,0,0,5,0,75,7,9,108,4,41,0,0,0,1,3,65,0,25,0,155,0,0,0,0,0,23,5,27,188,6
249,0,0,0,0,0,0,0,0,0,2,206,0,40,1,0,0,0,0,0,0,10,238,0,1,0,0,0,0,0,13,24,0,212,0,0,0,0,0,0,0,0,99,40,1,0,53,56,0,0,0,0,16,0,0,222,0,4,7,0,0,0,0,1,0,0,244,4,0,0,0,0,0,0,125,2,0,81,0,41,0,0,0,0,0,0,0,1,248,0,0,0,0,0,0,0,0,1,2,246
0,4,0,245,0,0,0,0,0,0,29,37,6,163,10,4,0,0,0,0,1,179,11,5,29,24,0,0,0,0,84,88,9,33,13,0,22,0,0,0,0,8,51,32,15,16,91,36,0,0,0,1,92,0,0,24,0,46,86,0,0,6,24,106,52,0,4,57,0,0,0,0,3,0,63,6,4,119,10,44,0,0,0,1,2,48,0,27,1,170,0,0,0,0,0,25,6,30,185,3
18,6,0,3,0,0,1,0,0,2,2,6,4,6,2,3,3,2,0,2,1,6,5,1,7,5,0,3,0,2,5,6,4,7,2,0,4,0,2,0,1,1,5,3,5,2,4,5,4,0,0,1,2,0,1,14,0,1,5,6,2,3,3,0,4,0,9,3,2,4,0,0,3,1,4,4,4,10,1,3,1,2,0,0,0,7,1,2,12,5,0,1,2,0,2,6,0,3,7,9
5,4,4,10,2,1,1,0,3,0,1,6,2,3,7,4,2,1,2,2,0,6,8,0,6,1,2,2,5,0,3,4,4,12,3,0,3,0,0,1,1,4,3,2,7,3,7,1,1,1,0,2,3,0,2,5,1,6,8,3,0,0,5,7,1,1,5,4,1,6,0,1,2,1,6,6,2,7,2,3,0,1,2,0,5,6,1,6,2,7,1,0,4,1,3,2,3,8,3,5
171,25,0,14,2,0,2,0,0,3,14,71,29,22,15,18,24,16,0,8,15,40,61,3,40,31,0,23,0,4,37,54,15,73,10,0,22,0,6,0,0,10,30,28,50,15,34,36,14,0,0,2,14,0,7,107,0,10,20,57,12,7,19,3,27,0,104,17,4,24,0,0,20,0,33,39,24,79,4,18,2,5,0,0,2,32,8,10,122,36,0,2,2,0,6,40,0,25,55,87
28,85,8,67,6,0,6,0,9,8,12,41,34,36,34,17,20,9,4,10,1,45,61,3,48,24,6,15,8,6,21,42,25,81,17,0,28,0,2,1,3,22,27,14,46,24,47,21,13,0,0,23,19,0,14,34,2,38,58,29,13,14,21,32,20,3,31,24,10,49,0,0,17,4,37,39,26,57,11,26,7,17,3,0,5,72,6,31,27,49,0,8,8,0,20,20,6,68,43,44
199,18,0,18,1,0,2,0,0,0,13,96,28,21,17,15,27,16,0,5,18,43,88,0,42,22,0,23,1,1,43,60,12,100,6,0,16,0,1,0,0,9,28,33,63,8,39,48,10,0,0,4,15,0,1,131,0,12,15,60,5,5,13,1,41,1,124,14,2,32,0,0,19,0,30,56,14,95,4,20,0,1,0,0,0,38,1,3,153,42,0,2,4,0,8,35,0,22,76,91
23,108,4,86,3,0,6,0,3,5,14,45,45,37,35,17,29,8,2,6,10,48,77,1,54,23,2,22,1,0,27,51,20,83,19,0,36,0,1,1,2,22,27,20,60,22,39,28,18,0,0,16,24,0,12,41,0,32,77,36,15,8,24,24,22,1,43,30,7,64,0,0,11,1,28,50,30,78,8,32,1,7,1,0,4,76,11,32,25,81,0,2,7,0,12,34,5,62,54,62
232,12,0,4,0,0,1,0,0,0,5,137,28,20,13,10,22,12,0,2,8,45,118,0,34,28,0,16,0,0,30,73,8,115,6,0,17,0,0,0,0,4,27,31,77,7,53,38,12,0,0,5,14,0,1,151,0,4,5,69,8,1,10,0,23,0,169,13,2,23,0,0,6,0,26,58,26,115,0,18,0,3,0,0,0,30,1,4,173,38,0,0,1,0,4,36,0,19,82,107
11,141,2,88,2,0,2,0,2,1,17,33,40,50,40,15,37,11,0,6,16,47,67,2,72,31,2,11,1,0,38,56,23,88,8,0,34,0,2,0,0,19,42,23,53,24,40,36,12,0,0,8,21,0,5,44,0,28,90,53,11,14,15,32,38,0,36,24,7,72,0,0,16,1,37,49,27,72,11,36,0,4,0,0,6,77,5,32,34,91,0,1,0,0,8,39,4,65,58,74
239,4,0,6,0,0,0,0,0,0,5,159,15,17,17,11,17,7,0,1,1,44,107,0,54,31,0,12,0,0,34,68,7,126,1,0,13,0,0,0,0,7,26,33,78,6,52,45,2,0,0,0,18,0,1,160,0,4,10,56,3,4,10,0,25,0,187,4,0,16,0,0,7,0,27,44,12,149,0,10,0,0,0,0,0,27,0,0,201,21,0,0,0,0,1,35,0,25,79,109
8,155,1,81,1,0,1,0,2,0,9,34,49,60,30,19,34,10,0,4,11,66,68,2,57,20,2,23,0,0,32,80,11,95,13,0,18,0,0,0,0,17,39,32,48,23,45,36,9,0,0,6,33,0,11,53,0,18,72,56,5,9,18,32,47,0,37,18,3,80,0,0,11,0,52,62,20,61,3,40,0,2,0,0,2,87,9,17,28,104,0,0,1,0,2,41,0,79,56,70
243,2,0,4,0,0,0,0,0,0,2,172,16,15,13,12,13,6,0,0,0,50,130,0,44,16,0,9,0,0,29,54,5,143,1,0,17,0,0,0,0,2,26,28,80,4,69,38,2,0,0,0,14,0,0,170,0,1,10,54,0,0,7,0,21,0,199,6,0,16,0,0,5,0,24,55,10,147,0,8,0,0,0,0,0,29,0,0,198,22,0,0,0,0,1,24,0,15,79,130
5,154,1,88,1,0,0,0,0,0,13,36,55,43,36,17,36,9,0,4,4,57,75,0,60,35,0,18,0,0,29,96,7,87,4,0,26,0,0,0,0,7,38,29,59,20,46,42,8,0,0,3,33,0,8,50,0,18,75,62,7,12,9,24,53,0,32,16,1,95,0,0,12,0,42,64,16,74,1,40,0,1,0,0,0,93,0,22,34,99,0,0,1,0,8,33,1,77,66,63
244,2,0,3,0,0,0,0,0,0,1,188,16,12,11,3,12,6,0,0,0,38,138,0,39,27,0,7,0,0,28,52,4,154,1,0,10,0,0,0,0,3,23,29,98,3,62,31,0,0,0,0,7,0,0,184,0,0,8,50,0,0,5,0,17,0,212,5,0,10,0,0,5,0,24,50,8,157,0,5,0,0,0,0,0,15,0,0,216,18,0,0,0,0,1,29,0,13,67,139
4,155,0,90,0,0,0,0,0,0,6,21,59,62,42,7,39,13,0,0,0,70,75,0,68,26,1,9,0,0,36,88,6,79,6,0,34,0,0,0,0,10,33,34,53,17,52,44,6,0,0,1,29,0,4,42,0,18,79,76,1,7,6,30,38,0,27,11,0,129,0,0,9,0,50,62,25,69,1,33,0,1,0,0,0,119,0,13,22,94,0,0,0,0,1,31,0,78,72,67
249,0,0,0,0,0,0,0,0,0,0,184,17,16,13,2,12,5,0,0,0,33,149,0,39,24,0,4,0,0,19,52,3,169,1,0,5,0,0,0,0,0,18,27,106,1,63,34,0,0,0,0,5,0,0,200,0,0,3,41,0,0,3,0,17,0,216,4,0,9,0,0,2,0,21,38,7,179,0,2,0,0,0,0,0,13,0,0,222,14,0,0,0,0,0,28,0,20,70,131
0,178,0,71,0,0,0,0,0,0,2,32,64,49,38,8,44,10,0,2,0,74,66,0,71,19,1,18,0,0,39,99,9,68,3,0,31,0,0,0,0,10,40,26,54,12,62,41,4,0,0,1,29,0,0,34,0,15,88,82,1,3,16,25,46,0,23,16,1,118,0,0,6,0,46,90,14,50,1,42,0,0,0,0,0,111,0,9,20,109,0,0,0,0,1,37,1,74,58,78
248,0,0,1,0,0,0,0,0,0,0,195,17,13,8,2,8,6,0,0,0,30,168,0,31,13,0,7,0,0,10,41,2,188,0,0,8,0,0,0,0,0,20,22,118,3,49,36,1,0,0,0,4,0,0,190,0,0,5,50,0,1,2,0,12,0,223,1,0,10,0,0,0,0,20,33,5,190,0,1,0,0,0,0,0,13,0,0,221,15,0,0,0,0,0,24,0,12,60,153
1,186,0,62,0,0,0,0,0,0,7,20,65,67,30,6,43,9,0,2,0,82,48,0,73,39,0,7,0,0,40,111,8,54,3,0,33,0,0,0,0,5,30,43,56,9,58,44,4,0,0,2,29,0,1,39,0,17,78,83,1,0,8,18,44,0,20,22,0,136,0,0,4,0,65,86,9,49,0,36,0,1,0,0,0,103,0,5,24,116,0,0,0,0,0,34,0,81,76,58
249,0,0,0,0,0,0,0,0,0,0,210,6,13,5,2,12,1,0,0,0,26,179,0,36,6,0,2,0,0,9,39,0,197,1,0,3,0,0,0,0,0,22,24,126,2,44,31,0,0,0,0,5,0,0,185,0,0,3,56,0,0,3,0,4,0,237,2,0,3,0,0,0,0,15,29,1,204,0,0,0,0,0,0,0,5,0,0,238,6,0,0,0,0,0,15,0,23,57,154
0,186,0,63,0,0,0,0,0,0,3,24,77,58,31,1,45,10,0,0,0,79,51,0,85,22,1,11,0,0,44,124,6,51,2,0,22,0,0,0,0,3,45,34,58,7,58,42,2,0,0,3,14,0,1,48,0,8,72,103,0,3,8,32,45,0,9,16,0,136,0,0,2,0,51,101,12,41,0,42,0,0,0,0,0,111,0,4,8,126,0,0,0,0,0,21,0,74,85,69
21,1,1,2,0,0,3,1,1,0,3,7,4,7,4,0,2,1,1,1,0,9,7,1,3,2,1,4,1,2,4,1,1,11,2,1,5,2,2,1,0,5,5,1,5,4,2,4,3,1,0,1,5,2,1,10,1,3,6,1,3,1,1,5,4,0,12,0,1,3,0,1,1,1,3,0,5,10,5,4,5,1,0,0,0,3,1,2,15,3,0,0,0,1,3,2,5,4,6,9
3,8,4,11,0,0,1,1,1,1,1,8,4,5,6,1,3,1,1,0,1,6,4,1,2,6,4,2,2,2,1,9,2,7,4,0,3,2,1,1,0,2,1,1,5,3,4,9,3,2,0,5,3,0,6,7,2,3,1,3,1,4,0,4,6,0,7,4,1,3,0,1,3,3,6,3,4,3,3,4,0,2,1,0,2,7,4,3,3,8,0,2,3,0,2,3,3,7,4,6
194,6,1,9,0,0,3,4,0,0,32,60,36,33,31,0,19,3,2,1,0,57,85,7,14,15,6,25,3,5,31,10,2,116,13,1,21,12,5,6,0,28,25,0,32,40,7,65,17,3,0,5,26,1,14,80,9,22,47,13,22,2,3,35,26,0,120,2,1,6,0,1,8,9,26,1,27,76,25,44,15,7,1,0,2,22,5,15,149,1,0,0,4,2,14,14,23,39,27,94
9,53,22,98,1,1,19,10,2,2,14,70,18,51,26,10,19,4,2,3,0,58,30,8,23,36,16,22,9,15,19,60,4,49,19,2,33,16,8,7,0,20,22,15,49,24,23,38,18,8,0,20,32,7,20,71,3,25,27,12,9,29,8,30,44,2,50,22,5,18,0,6,4,8,35,18,30,56,27,33,19,11,6,1,13,54,7,18,19,69,0,4,6,1,18,28,39,35,45,41
231,2,0,3,0,0,2,0,0,0,32,72,44,42,41,0,6,1,0,0,0,63,123,4,6,17,0,17,0,8,28,10,1,145,14,2,17,11,3,7,0,26,17,1,35,50,5,95,8,1,0,3,36,1,10,108,0,17,54,9,17,1,3,25,31,0,157,1,0,3,0,0,5,2,26,1,32,90,19,63,11,5,0,0,1,16,1,13,189,2,0,1,0,0,18,10,21,31,43,114
3,60,14,132,0,0,15,12,2,0,26,81,14,48,26,5,28,7,1,2,0,81,35,7,25,30,16,31,9,4,25,66,9,53,28,2,45,8,1,1,0,16,34,12,57,39,19,34,20,7,0,25,33,2,20,70,11,31,31,15,10,19,5,48,62,1,48,23,0,22,0,0,9,13,33,12,24,65,31,51,14,10,1,0,11,59,3,22,25,93,0,0,1,1,14,29,47,48,52,46
245,0,0,3,0,0,1,0,0,0,28,82,58,33,36,2,10,0,0,0,0,63,151,5,7,13,1,8,0,1,18,7,2,189,15,0,12,5,1,0,0,19,17,1,29,53,9,113,7,1,0,1,23,0,8,137,2,18,46,14,14,0,0,21,31,0,183,0,0,0,0,0,2,1,24,0,23,114,22,63,6,1,0,0,1,10,1,15,215,0,0,0,0,0,11,11,23,26,42,136
3,64,10,161,0,0,10,1,0,0,34,81,13,54,42,2,20,2,1,0,0,93,48,9,20,48,10,19,2,0,33,75,3,37,27,0,56,13,2,3,0,20,21,6,54,39,27,58,20,4,0,27,42,2,16,68,3,27,53,11,16,11,2,66,63,0,42,29,0,20,0,0,2,6,33,16,27,69,35,61,17,6,0,0,6,64,2,39,12,103,0,0,0,0,24,21,46,61,41,56
247,0,0,2,0,0,0,0,0,0,25,100,59,37,23,0,5,0,0,0,0,46,168,3,6,19,1,6,0,0,20,1,0,206,6,0,8,8,0,0,0,32,13,0,41,50,2,108,1,2,0,0,27,0,8,153,0,10,44,7,8,2,0,24,19,0,196,0,0,0,0,0,1,0,19,0,24,117,17,71,4,2,0,0,0,15,0,11,217,0,0,0,0,0,6,9,16,41,33,144
1,64,6,172,0,0,5,1,0,0,19,81,26,59,39,1,23,1,0,0,0,94,42,5,18,42,11,34,1,2,32,76,0,32,32,0,66,6,4,1,0,17,23,7,48,61,23,56,12,2,0,18,37,0,11,53,0,54,56,20,26,11,4,78,59,0,39,18,0,14,0,0,3,6,31,8,35,76,29,61,5,7,1,0,4,76,0,35,21,100,0,0,1,0,9,15,48,65,61,50
248,0,0,1,0,0,0,0,0,0,22,104,55,32,33,0,3,0,0,0,0,48,188,0,1,10,0,2,0,0,11,2,0,223,2,0,8,3,0,0,0,22,10,1,39,55,5,114,3,0,0,2,21,0,4,174,1,4,39,4,2,0,0,21,19,0,207,0,0,0,0,0,1,1,16,0,19,131,9,72,8,1,0,0,0,5,0,2,233,0,0,0,0,0,4,1,10,43,30,161
1,69,2,172,0,0,5,0,0,0,25,86,33,58,37,0,10,0,0,0,0,127,43,3,8,39,5,22,0,2,40,82,2,20,27,0,70,7,1,0,0,19,28,4,72,48,15,53,9,1,0,11,48,0,16,54,0,49,62,9,15,12,0,76,89,0,32,12,0,13,0,0,2,2,34,3,37,69,35,67,13,4,0,0,6,92,0,34,8,92,0,0,0,0,9,14,50,70,61,45
249,0,0,0,0,0,0,0,0,0,16,114,54,38,23,0,4,0,0,0,0,48,182,0,0,10,0,9,0,0,5,0,0,232,5,0,5,2,0,0,0,20,8,1,36,63,2,118,1,0,0,0,16,0,3,179,0,6,41,4,1,0,0,15,8,0,225,0,0,0,0,0,0,0,15,0,17,144,12,61,1,0,0,0,1,3,0,3,241,0,0,0,0,0,2,3,17,33,28,166
0,64,0,179,0,0,6,0,0,0,21,87,33,61,33,0,14,0,0,0,0,123,43,3,15,40,6,17,0,2,40,95,0,12,27,0,67,7,0,1,0,24,21,2,59,61,13,59,10,0,0,13,45,0,11,52,0,46,71,11,10,7,1,92,102,0,20,9,0,8,0,0,3,2,43,7,33,64,20,77,16,1,0,0,2,86,0,36,5,103,0,0,0,0,9,10,44,57,87,42
249,0,0,0,0,0,0,0,0,0,13,123,54,31,25,0,3,0,0,0,0,49,186,0,0,8,1,5,0,0,7,2,0,235,0,0,4,1,0,0,0,10,10,1,25,66,2,134,1,0,0,0,12,0,4,183,0,4,46,0,1,0,0,15,4,0,229,0,0,0,0,0,0,1,12,0,8,155,6,67,0,0,0,0,0,5,0,0,244,0,0,0,0,0,2,2,10,35,23,177
0,48,1,197,0,0,3,0,0,0,20,78,47,61,31,0,12,0,0,0,0,131,44,0,4,43,4,21,0,2,39,82,0,11,32,0,81,4,0,0,0,19,23,2,70,51,12,59,11,2,0,6,54,0,10,56,0,47,66,10,12,6,0,90,102,0,16,14,0,9,0,0,4,0,25,1,39,67,20,93,8,2,0,0,0,93,0,34,4,108,0,0,0,0,5,5,38,70,87,44
249,0,0,0,0,0,0,0,0,0,8,145,52,24,19,0,1,0,0,0,0,43,197,0,0,6,0,3,0,0,2,0,0,240,2,0,5,0,0,0,0,19,4,0,30,54,0,139,3,0,0,0,9,0,1,196,0,6,37,0,0,0,0,10,3,0,236,0,0,0,0,0,0,0,6,0,15,161,8,59,0,0,0,0,0,1,0,0,248,0,0,0,0,0,1,1,9,26,23,189
0,52,0,196,0,0,1,0,0,0,17,66,60,68,28,0,10,0,0,0,0,142,42,0,5,34,4,22,0,0,48,97,0,9,26,0,67,2,0,0,0,23,21,0,61,75,10,57,2,0,0,10,55,0,6,42,0,39,92,5,3,8,0,99,111,0,11,10,0,7,0,0,1,0,27,5,25,75,14,102,4,0,0,0,0,103,0,19,1,122,0,0,0,0,11,7,40,67,81,43
249,0,0,0,0,0,0,0,0,0,7,152,49,21,18,0,2,0,0,0,0,37,208,0,0,3,0,1,0,0,0,0,0,248,1,0,0,0,0,0,0,18,4,0,19,61,0,147,0,0,0,0,7,0,1,197,0,2,42,0,0,0,0,3,2,0,244,0,0,0,0,0,0,0,9,0,10,162,5,63,0,0,0,0,0,1,0,0,248,0,0,0,0,0,0,0,9,15,25,200
0,49,0,200,0,0,0,0,0,0,19,64,65,74,21,0,6,0,0,0,0,151,37,0,3,43,2,13,0,0,41,105,0,1,26,0,74,2,0,0,0,10,19,0,80,69,5,59,7,0,0,3,45,0,6,46,0,47,95,7,3,3,0,112,115,0,5,5,0,6,0,0,1,0,25,0,29,66,19,109,5,0,0,0,0,117,0,14,1,112,0,0,0,0,7,2,29,71,104,36
19,3,0,4,1,0,0,0,0,3,1,9,2,7,2,3,4,1,0,1,0,4,11,1,4,3,2,0,3,2,8,3,2,8,2,0,5,0,0,2,0,1,5,2,5,5,5,4,1,2,1,1,3,1,2,14,0,1,6,1,4,2,1,5,5,0,5,4,1,3,2,1,3,2,4,3,2,8,2,3,0,1,0,1,1,5,1,3,14,4,1,2,0,1,3,7,1,3,5,7
6,9,2,8,1,3,1,0,0,0,1,8,5,6,3,1,2,1,1,2,2,4,4,2,5,3,2,3,2,3,5,6,0,8,3,1,2,3,1,1,0,2,5,0,8,2,2,4,2,5,2,4,1,1,3,6,0,6,4,3,0,1,1,3,7,0,10,4,3,1,4,0,0,3,3,4,1,7,3,5,1,1,0,2,0,11,0,4,7,4,0,2,4,1,1,3,2,6,4,7
186,3,0,20,0,1,0,0,0,7,9,93,19,39,17,23,13,2,0,2,0,28,102,9,24,19,5,2,15,13,58,34,2,78,8,0,25,0,0,12,0,1,20,11,57,32,35,37,7,17,6,8,6,1,15,115,0,6,51,9,19,16,11,42,44,0,50,23,4,8,14,1,7,7,30,25,22,82,13,16,0,5,0,0,2,45,1,12,119,33,15,7,3,3,7,47,6,16,38,75
22,74,8,96,4,3,1,0,0,9,15,51,29,46,20,16,28,2,0,10,0,55,37,6,30,37,12,16,14,10,35,47,6,70,24,1,22,4,0,8,0,3,29,12,63,18,20,36,16,20,14,26,15,0,21,55,0,23,42,21,15,11,7,34,37,0,70,27,7,9,5,3,16,13,32,27,15,43,28,35,1,5,0,2,4,68,4,29,55,49,1,8,9,12,14,28,11,35,49,50
228,3,0,6,0,0,0,0,0,1,3,132,23,30,18,15,16,1,0,0,0,18,146,4,22,23,2,8,6,9,57,32,1,109,2,0,27,0,0,10,0,1,24,9,74,39,33,44,4,10,1,3,3,0,7,141,0,7,66,10,17,18,11,44,39,0,80,21,3,5,19,0,3,6,35,20,17,115,13,10,0,1,0,0,0,48,0,5,156,28,17,3,0,0,4,34,2,22,59,97
7,92,7,121,3,2,0,0,0,6,19,47,38,61,22,28,18,2,0,3,0,50,24,11,54,51,4,12,16,16,55,50,1,77,15,0,29,5,0,6,0,2,31,18,72,21,25,46,7,16,10,22,20,0,17,71,0,20,64,14,12,22,12,41,51,0,61,25,7,7,9,2,7,10,38,29,24,41,34,44,0,2,0,1,3,76,0,28,57,71,8,1,5,5,3,40,9,42,55,70
241,0,0,8,0,0,0,0,0,0,3,158,28,24,14,11,11,0,0,0,0,16,175,0,26,15,3,1,4,9,48,25,0,153,2,0,16,1,0,4,0,0,17,2,97,27,32,55,3,16,0,3,0,0,5,168,0,4,64,5,15,13,4,43,53,0,89,29,1,2,22,0,3,2,43,20,18,117,14,10,0,0,0,0,0,45,0,5,174,25,13,1,0,1,1,31,1,22,43,136
8,90,1,140,2,0,0,0,0,8,9,47,38,77,29,25,17,1,0,6,0,61,37,6,46,53,2,9,19,16,71,61,0,64,16,0,32,2,0,3,0,2,44,7,78,18,30,52,4,14,11,25,5,0,17,59,0,20,82,30,18,30,13,59,41,0,62,17,4,5,7,0,13,9,44,28,31,59,28,30,0,0,0,0,0,96,1,17,47,88,15,2,4,2,4,44,3,51,65,59
245,1,0,3,0,0,0,0,0,0,1,166,34,14,17,7,9,0,0,1,0,14,177,0,24,24,3,2,3,2,66,27,0,139,2,0,13,0,0,2,0,0,16,1,129,28,22,48,0,5,0,0,2,0,4,175,0,1,66,1,12,8,2,62,50,0,87,27,0,1,14,0,2,2,35,11,13,157,10,5,0,0,0,0,0,38,0,3,196,12,3,1,1,1,1,37,0,10,57,138
4,92,1,152,0,0,0,0,0,0,11,43,42,77,26,26,22,0,0,2,0,78,30,2,47,61,2,5,13,11,67,56,0,80,10,0,29,2,0,5,0,1,55,5,62,15,32,65,5,9,5,32,7,0,18,62,0,15,100,10,9,21,7,48,51,0,78,29,2,4,10,0,7,6,53,32,34,50,31,26,0,0,0,0,0,97,0,15,41,96,6,4,3,0,9,55,2,53,62,55
247,0,0,2,0,0,0,0,0,0,0,190,17,18,10,6,8,0,0,0,0,8,195,0,23,19,1,2,0,1,51,13,0,170,2,0,12,0,0,1,0,0,13,3,140,20,27,40,0,6,0,2,0,0,2,175,0,0,70,0,10,16,2,47,46,0,108,18,1,1,9,0,0,0,39,11,13,161,10,6,0,0,0,0,0,32,0,1,202,14,1,3,0,0,0,37,1,13,53,141
2,99,0,148,0,0,0,0,0,0,13,37,51,71,40,17,18,0,0,2,0,87,29,4,44,58,3,6,9,9,69,77,0,64,10,0,24,0,0,5,0,1,42,6,65,14,33,74,3,11,5,24,2,0,19,68,0,11,106,14,6,24,5,46,55,0,69,43,1,0,8,0,4,2,51,49,30,51,26,28,0,0,0,0,0,104,0,15,38,92,1,0,3,2,5,50,1,43,75,69
248,0,0,1,0,0,0,0,0,0,0,203,17,12,12,1,4,0,0,0,0,6,205,0,18,11,0,0,6,3,33,21,0,180,0,0,15,0,0,0,0,0,9,1,161,13,19,40,0,6,0,0,0,0,0,195,0,0,53,1,6,11,4,43,50,0,108,26,0,1,5,0,0,1,33,8,12,181,5,4,0,0,0,0,0,32,0,0,200,17,0,0,0,0,1,36,0,7,53,152
1,82,0,166,0,0,0,0,0,0,3,23,54,94,32,21,20,1,0,1,0,79,23,1,54,71,3,4,9,5,89,66,0,53,12,0,29,0,0,0,0,0,36,4,56,20,26,93,2,12,4,19,4,0,8,53,0,6,151,4,11,26,3,56,45,0,76,31,1,0,18,0,6,3,58,35,31,44,29,25,0,0,0,0,0,111,0,9,36,93,2,0,1,1,3,48,1,45,85,63
249,0,0,0,0,0,0,0,0,0,0,205,23,14,5,2,0,0,0,0,0,7,213,0,11,16,0,1,1,0,45,14,0,187,0,0,3,0,0,0,0,0,12,0,162,7,13,52,0,3,0,0,0,0,1,194,0,0,54,0,3,5,0,43,53,0,116,28,1,0,3,0,0,0,30,11,11,183,6,5,0,0,0,0,0,25,0,0,213,11,0,0,0,0,0,24,0,7,47,171
0,81,0,168,0,0,0,0,0,0,6,36,60,92,28,14,13,0,0,0,0,80,18,0,64,73,1,0,5,8,83,56,0,53,13,0,44,0,0,0,0,2,55,5,68,16,26,70,1,6,3,9,4,0,13,54,0,8,154,4,9,15,4,51,56,0,77,34,0,3,11,0,1,2,67,40,25,45,22,36,0,0,0,0,0,105,0,5,30,109,0,0,0,1,1,52,0,55,90,50
249,0,0,0,0,0,0,0,0,0,0,221,12,7,8,0,1,0,0,0,0,3,230,0,6,9,0,0,0,1,35,14,0,193,0,0,7,0,0,0,0,0,9,0,172,8,15,44,0,1,0,0,0,0,0,210,0,0,39,0,2,5,0,40,69,0,122,11,0,0,2,0,0,0,23,5,5,205,5,4,0,0,0,0,0,22,0,0,220,7,0,0,0,0,0,24,0,4,44,177
0,78,0,171,0,0,0,0,0,0,6,22,69,98,24,16,14,0,0,0,0,65,10,0,66,98,0,3,4,3,102,58,0,50,6,0,33,0,0,0,0,0,42,5,62,15,33,90,1,1,2,12,3,0,7,39,0,9,177,0,4,19,3,45,60,0,82,35,0,1,9,0,3,1,86,26,37,25,26,36,0,0,0,0,0,117,0,1,25,106,0,1,1,0,0,49,0,45,102,51
249,0,0,0,0,0,0,0,0,0,0,216,15,9,6,0,3,0,0,0,0,0,232,0,9,8,0,0,0,0,24,15,0,209,0,0,1,0,0,0,0,0,7,0,176,9,7,46,0,4,0,0,0,0,0,204,0,0,45,0,1,7,0,39,55,0,144,3,0,0,1,0,0,0,26,8,5,205,2,2,0,0,0,0,0,16,0,0,225,8,0,0,0,0,0,21,0,4,33,191
0,83,0,166,0,0,0,0,0,0,5,19,68,103,29,18,7,0,0,0,0,83,12,0,57,93,1,1,2,0,123,65,0,32,3,0,26,0,0,0,0,0,44,4,59,13,29,99,0,1,0,12,1,0,13,45,0,7,169,2,5,7,4,73,61,0,62,36,0,1,9,0,1,1,92,29,32,34,20,31,0,0,0,0,0,116,0,7,20,106,0,1,0,0,0,73,0,28,106,41
20,2,0,4,0,2,0,0,2,0,5,12,5,4,0,1,1,0,1,1,1,7,7,3,2,1,6,0,1,2,4,1,7,11,3,2,2,0,0,0,1,6,6,3,4,4,1,1,3,1,1,2,3,0,3,8,1,5,6,1,2,1,2,3,2,0,11,4,0,5,0,1,2,0,5,5,6,5,1,5,0,0,3,1,1,3,2,5,8,7,0,1,2,1,1,2,2,4,8,9
1,8,2,13,2,1,3,0,0,0,0,8,6,7,3,3,1,2,0,0,1,7,5,1,4,1,3,6,2,0,1,4,8,4,3,1,6,1,1,1,1,4,4,2,5,1,5,4,1,3,0,1,3,3,3,5,3,3,2,7,1,2,3,3,9,0,7,2,1,2,0,0,1,2,7,6,0,10,1,3,1,3,0,0,3,6,4,2,7,4,0,0,1,1,3,10,1,5,4,5
172,9,0,29,2,4,0,0,1,0,19,106,42,35,1,6,5,0,1,2,9,46,90,12,16,7,16,7,3,11,33,2,53,96,16,6,10,0,0,1,1,42,44,8,45,22,8,15,15,17,0,10,27,0,21,81,3,18,48,9,9,7,19,11,20,0,87,18,0,46,0,2,18,7,29,47,24,48,7,35,0,2,4,2,4,24,4,32,78,67,0,2,8,9,5,23,6,21,57,86
25,68,4,99,1,9,6,0,5,0,15,59,38,56,13,17,13,4,2,0,6,55,38,24,34,6,28,13,8,5,24,28,38,56,21,12,33,2,2,1,2,30,36,19,36,29,20,22,14,9,0,10,17,2,22,49,2,33,30,52,12,16,14,36,48,0,54,21,2,14,0,1,10,11,40,35,22,64,4,30,0,7,5,7,13,46,17,31,52,39,0,2,9,4,10,59,10,46,46,31
206,11,0,20,0,1,0,0,0,0,25,142,34,29,0,3,4,0,1,0,6,57,106,16,13,2,23,7,1,7,41,1,61,112,11,1,11,0,0,0,0,45,53,8,68,16,7,17,14,10,0,9,34,0,11,93,1,29,55,6,6,8,14,14,13,0,126,18,0,39,0,0,21,1,34,56,17,72,3,34,0,0,1,1,0,25,1,29,112,69,0,0,4,1,2,21,5,26,62,117
21,72,1,132,0,5,2,0,5,0,17,53,58,74,18,7,9,0,2,0,10,63,43,30,38,6,31,11,2,4,28,23,51,67,30,7,31,0,1,0,0,36,42,16,45,15,19,41,12,12,0,16,19,0,25,56,4,35,38,45,6,12,18,29,63,0,55,28,1,26,0,0,10,6,49,46,15,61,4,47,0,4,3,4,7,49,9,46,52,64,0,2,2,7,0,75,7,44,61,40
238,2,0,9,0,0,0,0,0,0,19,171,32,24,0,0,3,0,0,0,3,53,131,7,20,2,20,7,0,6,33,0,34,164,10,1,7,0,0,0,0,39,60,8,84,13,9,18,10,8,0,10,35,0,8,104,0,22,64,6,0,1,24,7,23,0,150,18,0,26,0,0,23,2,38,52,23,73,0,38,0,1,1,0,2,30,5,15,121,74,0,0,4,1,4,15,2,33,65,125
8,73,1,161,0,2,0,0,4,0,19,56,69,87,7,5,5,0,1,0,4,83,46,23,42,5,28,6,4,8,43,16,88,49,17,3,32,0,0,1,1,48,58,10,56,16,14,29,7,10,0,9,22,0,20,80,2,32,40,44,8,16,24,34,64,0,54,24,0,25,0,2,24,1,36,36,23,84,5,38,0,6,1,1,7,64,8,37,67,58,0,0,2,5,3,71,6,39,74,49
247,0,0,2,0,0,0,0,0,0,10,194,23,22,0,0,0,0,0,0,2,63,142,13,14,0,11,2,0,2,26,0,54,161,8,0,0,0,0,0,0,38,62,3,97,19,7,14,6,3,0,3,23,0,6,145,0,18,52,2,1,3,7,4,19,0,167,19,0,29,0,0,22,0,33,47,16,94,2,35,0,0,0,0,0,28,2,17,128,74,0,0,2,0,1,20,1,19,71,135
2,84,0,162,0,1,0,0,0,0,20,38,68,113,4,3,3,0,0,0,4,105,44,12,51,3,18,6,2,4,37,8,80,55,31,4,34,0,0,0,0,49,46,7,53,24,15,40,9,6,0,9,38,0,18,48,1,45,42,48,6,9,14,28,74,0,59,25,0,34,0,0,10,2,40,41,24,82,2,48,0,2,1,0,1,55,6,39,70,75,0,0,3,0,0,60,4,46,81,55
243,0,0,6,0,0,0,0,0,0,12,195,27,15,0,0,0,0,0,0,1,57,150,7,12,0,18,4,0,0,15,0,54,171,9,0,0,0,0,0,0,48,54,3,94,25,5,13,3,4,0,3,20,0,5,139,0,21,57,4,0,2,6,5,19,0,178,15,0,24,0,0,15,0,22,56,11,114,0,31,0,0,0,0,0,20,1,18,149,61,0,0,1,0,2,16,1,16,68,145
6,86,0,157,0,0,0,0,0,0,21,42,65,106,8,6,1,0,0,0,5,103,46,19,37,6,22,8,1,2,40,14,96,50,27,1,21,0,0,0,0,45,49,10,78,16,8,30,8,5,0,4,32,0,24,55,1,43,43,47,3,14,14,28,84,0,48,28,0,30,0,0,15,0,50,36,14,78,1,55,0,0,0,0,1,64,1,31,60,92,0,0,2,0,0,72,3,44,84,44
247,0,0,2,0,0,0,0,0,0,11,202,21,15,0,0,0,0,0,0,0,53,169,4,6,0,15,1,0,1,15,0,43,180,10,0,1,0,0,0,0,52,58,2,108,10,2,9,5,3,0,2,14,0,3,148,0,14,67,1,0,2,1,1,18,0,193,9,0,25,0,0,13,0,19,57,13,112,0,35,0,0,0,0,0,21,0,15,139,74,0,0,0,0,0,11,2,11,61,164
2,66,0,180,0,1,0,0,0,0,13,42,81,103,7,2,1,0,0,0,1,122,43,16,38,4,22,3,0,0,52,17,94,49,22,0,15,0,0,0,0,41,45,3,65,32,8,42,10,3,0,5,25,0,11,62,0,55,54,37,1,10,9,27,86,0,46,33,0,37,0,0,10,0,46,50,10,79,1,53,0,0,0,0,0,59,5,35,73,77,0,0,0,0,0,76,1,31,91,50
248,0,0,1,0,0,0,0,0,0,5,221,10,13,0,0,0,0,0,0,0,64,168,5,9,0,1,2,0,0,9,0,44,191,5,0,0,0,0,0,0,45,55,3,111,14,3,15,2,1,0,1,15,0,4,155,0,15,58,1,0,0,4,1,12,0,214,4,0,14,0,0,10,0,22,58,1,122,0,36,0,0,0,0,0,19,0,9,161,60,0,0,0,0,0,11,0,15,46,177
1,61,0,187,0,0,0,0,0,0,17,25,78,125,3,1,0,0,0,0,1,124,48,17,34,1,17,4,0,3,48,9,121,40,18,0,13,0,0,0,0,41,48,6,66,19,14,46,6,3,0,3,28,0,13,56,0,57,61,31,0,13,7,38,100,0,20,35,0,36,0,0,9,0,38,49,19,89,0,45,0,0,0,0,1,66,3,40,60,79,0,0,0,0,1,63,0,34,114,37
248,0,0,1,0,0,0,0,0,0,4,220,12,13,0,0,0,0,0,0,0,46,181,3,11,0,8,0,0,0,11,0,38,197,3,0,0,0,0,0,0,38,51,0,140,10,0,9,0,1,0,0,16,0,1,168,0,11,52,1,0,0,0,1,7,0,225,1,0,15,0,0,3,0,16,50,7,141,0,32,0,0,0,0,0,12,0,5,181,51,0,0,0,0,0,6,0,6,48,189
1,51,0,197,0,0,0,0,0,0,20,27,81,118,3,0,0,0,0,0,0,146,41,15,25,0,17,5,0,0,62,7,111,38,21,0,10,0,0,0,0,53,54,2,61,20,9,43,4,3,0,1,20,0,8,58,0,45,76,41,0,9,6,33,104,0,21,38,0,38,0,0,12,0,42,51,11,76,0,57,0,0,0,0,0,51,0,31,56,111,0,0,0,0,0,80,0,39,100,30
249,0,0,0,0,0,0,0,0,0,0,229,9,11,0,0,0,0,0,0,0,37,202,0,7,0,3,0,0,0,6,0,31,210,2,0,0,0,0,0,0,31,51,0,152,6,1,7,0,1,0,0,8,0,1,187,0,6,46,1,0,0,1,1,7,0,223,1,0,16,0,0,3,0,16,53,6,131,0,40,0,0,0,0,0,8,0,6,170,65,0,0,0,0,0,10,0,2,45,192
0,43,0,206,0,0,0,0,0,0,14,19,92,123,1,0,0,0,0,0,0,151,31,4,49,1,12,1,0,0,47,5,135,34,13,0,15,0,0,0,0,66,64,1,52,16,5,40,1,4,0,1,30,0,9,43,0,56,74,36,0,5,8,31,98,0,25,42,0,40,0,0,12,0,42,52,14,80,0,49,0,0,0,0,0,58,0,31,62,98,0,0,0,0,0,59,1,43,110,36
20,1,0,4,0,0,0,0,3,2,3,9,4,8,3,0,1,0,0,2,0,3,12,2,3,1,2,4,2,1,2,4,4,6,4,1,5,1,1,2,1,4,3,3,5,3,3,3,3,2,0,2,3,1,1,9,0,7,4,3,2,1,2,2,4,0,9,4,2,4,2,1,1,3,7,2,2,5,2,5,1,0,2,1,1,6,1,3,11,4,2,0,0,1,2,2,1,7,3,12
4,9,0,11,2,0,3,1,0,0,3,7,6,4,2,0,4,2,2,0,1,4,4,1,7,5,3,3,1,1,0,7,2,11,3,2,3,2,0,0,1,2,3,0,8,1,8,3,1,3,2,2,2,1,5,8,2,2,3,3,0,3,3,4,5,2,4,4,1,4,1,0,3,2,6,1,4,8,2,3,1,3,2,0,1,7,3,4,3,6,0,2,2,1,4,2,2,9,3,5
196,0,0,14,0,0,0,0,2,5,22,90,28,48,17,0,7,1,1,3,0,17,107,3,37,2,18,18,5,10,22,38,23,70,24,3,23,0,6,8,2,20,25,21,61,22,24,22,10,10,0,4,35,1,6,74,0,53,28,16,21,9,8,13,35,0,79,33,1,18,21,4,10,5,38,19,12,59,10,39,0,3,14,8,4,37,2,12,104,33,2,0,1,2,7,17,1,63,17,107
13,50,0,120,1,0,5,1,10,17,11,63,48,57,21,1,9,3,2,2,1,47,40,14,47,13,25,17,6,7,7,51,18,56,18,3,30,11,10,13,3,31,24,11,45,15,37,22,20,9,2,23,20,2,24,51,2,34,38,21,6,13,18,19,42,1,53,36,10,19,6,7,10,15,39,17,11,58,17,37,2,11,11,3,5,47,8,30,32,68,2,6,5,3,16,19,9,82,24,51
228,0,0,9,0,0,0,0,1,0,11,104,29,72,20,0,2,0,0,0,0,11,142,6,34,1,11,22,4,7,17,50,19,83,25,4,31,2,3,4,4,19,20,23,80,31,23,27,3,8,0,1,36,0,5,89,1,62,30,14,22,7,10,8,39,0,97,33,3,19,20,2,15,13,39,10,7,85,1,46,0,1,12,3,1,44,0,8,133,36,1,0,1,0,8,9,0,89,18,112
8,53,0,155,0,0,3,0,3,16,16,76,57,49,23,1,9,2,0,5,2,68,42,3,57,12,23,19,4,8,10,43,23,80,26,1,38,3,6,8,3,34,26,13,66,15,40,27,8,6,1,13,29,0,27,68,5,48,32,15,13,9,24,18,49,0,52,42,4,27,15,8,9,15,45,18,7,61,11,49,1,6,13,6,4,59,2,20,43,84,1,2,1,0,6,26,3,84,33,82
243,0,0,6,0,0,0,0,0,0,8,150,24,50,14,0,3,0,0,0,0,9,181,0,33,0,5,16,0,5,4,60,23,114,19,0,25,0,0,4,0,19,18,20,115,28,25,18,4,2,0,2,33,0,10,102,1,57,36,8,21,8,5,14,31,0,120,36,0,14,3,2,8,5,41,4,2,127,4,53,0,0,6,1,0,42,1,3,152,44,0,0,0,0,0,6,0,101,9,133
5,48,0,188,0,0,0,0,2,6,17,58,60,86,22,0,6,0,0,0,0,91,31,3,55,7,25,24,3,10,13,69,13,81,19,1,45,0,5,3,1,26,25,25,54,23,39,40,6,10,0,7,34,0,20,69,1,58,37,23,22,9,9,28,51,0,60,50,1,19,3,2,12,9,54,29,19,65,3,53,0,4,14,4,2,75,3,16,39,92,1,0,0,2,7,21,6,106,31,75
246,0,0,3,0,0,0,0,0,0,8,137,36,61,6,0,1,0,0,0,0,15,174,1,34,2,9,13,0,1,13,50,16,131,25,0,13,0,0,1,0,15,22,24,129,18,17,19,2,3,0,1,25,0,6,104,0,65,39,9,6,1,9,7,22,0,163,28,0,13,2,0,3,8,37,6,5,142,1,45,0,1,3,0,0,38,1,10,153,43,0,0,0,0,0,9,0,83,13,144
3,44,0,196,0,0,0,0,0,6,17,78,51,79,21,0,3,0,0,0,0,67,45,4,80,5,21,15,3,9,8,67,22,68,22,0,57,1,3,1,0,23,23,22,50,21,53,43,9,5,0,5,31,0,17,83,0,58,41,14,19,11,9,19,51,0,48,59,2,31,3,5,10,5,51,20,12,64,9,70,0,4,6,1,2,69,0,18,51,98,0,0,0,1,2,11,1,125,22,87
248,0,0,1,0,0,0,0,0,0,7,148,18,71,4,0,1,0,0,0,0,4,200,0,32,0,7,6,0,0,4,55,13,148,14,0,15,0,0,0,0,16,12,26,143,15,18,17,1,1,0,0,28,0,2,136,0,53,26,4,11,2,6,6,27,0,158,32,0,7,3,0,2,4,39,6,0,136,2,57,0,0,2,0,0,46,0,2,169,30,0,0,0,0,0,6,0,95,4,144
1,27,0,220,0,0,0,0,0,1,10,78,52,92,16,0,1,0,0,0,0,77,27,6,90,2,18,27,0,2,9,70,29,73,16,0,50,0,0,2,0,29,33,22,57,14,53,33,7,1,0,6,32,0,13,56,0,70,52,20,12,9,8,30,57,0,52,63,1,17,4,0,7,2,66,10,9,72,8,71,0,0,10,0,1,82,0,19,41,96,0,0,0,0,1,10,1,114,30,93
249,0,0,0,0,0,0,0,0,0,4,167,13,64,1,0,0,0,0,0,0,3,211,0,20,0,5,10,0,0,2,43,13,159,16,0,16,0,0,0,0,20,10,13,162,11,14,15,2,2,0,0,24,0,3,128,0,60,31,3,9,0,4,2,24,0,176,30,0,4,3,0,0,3,35,1,2,164,1,40,0,0,2,0,0,37,0,3,174,33,0,0,0,0,0,1,0,83,3,162
0,21,0,226,0,0,0,0,1,1,11,71,50,106,11,0,0,0,0,0,0,94,17,0,97,2,23,14,0,2,13,88,22,66,20,0,40,0,0,0,0,23,23,23,51,25,65,31,3,5,0,2,31,0,8,78,1,76,44,9,11,4,5,24,65,0,45,71,1,23,5,0,5,6,53,12,4,51,5,108,0,2,3,0,0,88,0,14,38,104,0,0,0,0,4,6,0,141,20,78
249,0,0,0,0,0,0,0,0,0,1,171,13,61,3,0,0,0,0,0,0,0,219,0,27,0,0,3,0,0,1,45,5,178,10,0,10,0,0,0,0,21,9,14,167,17,11,9,0,1,0,1,14,0,1,146,0,67,20,0,6,0,4,2,22,0,187,22,0,6,0,1,0,1,34,3,1,155,1,53,0,0,0,0,0,30,0,0,199,20,0,0,0,0,0,1,0,77,0,171
0,19,0,230,0,0,0,0,0,0,11,65,51,106,16,0,0,0,0,0,0,81,23,0,110,2,20,13,0,0,9,91,16,61,23,0,49,0,0,0,0,25,27,24,43,21,62,41,3,3,0,2,40,0,8,68,0,74,55,2,11,4,5,20,71,0,37,74,0,27,4,0,4,1,61,14,6,70,4,85,0,1,5,0,1,95,0,8,29,110,0,0,0,0,2,4,0,149,22,72
249,0,0,0,0,0,0,0,0,0,2,181,10,55,1,0,0,0,0,0,0,0,224,0,18,0,1,6,0,0,1,46,6,180,4,0,12,0,0,0,0,14,4,18,176,9,22,6,0,0,0,0,14,0,0,150,0,65,18,2,2,1,2,2,29,0,186,21,0,6,0,0,0,1,24,2,0,170,0,52,0,0,0,0,0,24,0,2,202,21,0,0,0,0,0,1,0,86,3,159
0,16,0,233,0,0,0,0,0,0,7,56,50,128,8,0,0,0,0,0,0,89,14,0,122,1,11,12,0,0,6,93,23,45,26,0,56,0,0,0,0,28,20,23,47,20,59,48,2,2,0,0,34,0,6,69,0,86,50,4,12,2,2,15,75,0,44,82,0,17,0,0,1,5,69,6,3,64,4,97,0,0,2,0,1,103,0,6,28,109,0,0,0,0,0,3,0,146,14,86
249,0,0,0,0,0,0,0,0,0,0,205,2,41,1,0,0,0,0,0,0,1,223,0,21,0,0,4,0,0,0,38,4,191,5,0,11,0,0,0,0,12,3,9,199,8,14,4,0,0,0,0,13,0,1,160,0,60,15,0,0,0,2,0,31,0,197,17,0,2,0,0,0,1,38,0,0,174,0,36,0,0,0,0,0,28,0,0,203,18,0,0,0,0,0,0,0,74,1,174
0,12,0,237,0,0,0,0,0,0,2,41,58,139,9,0,0,0,0,0,0,84,15,0,114,2,13,21,0,0,7,99,21,49,21,0,52,0,0,0,0,24,29,22,37,15,82,36,2,2,0,0,39,0,11,56,0,96,44,3,3,2,2,30,66,0,45,83,0,18,0,0,1,2,63,4,5,61,0,113,0,0,0,0,0,94,0,4,34,117,0,0,0,0,0,1,0,162,12,74
20,1,1,1,1,1,2,0,1,2,1,6,5,8,2,2,3,1,0,2,1,4,8,4,3,6,2,1,0,1,5,3,0,10,1,1,7,1,1,1,1,5,4,3,7,2,0,3,1,4,0,3,0,0,2,13,0,3,5,4,1,1,2,1,6,1,8,5,1,4,0,0,2,3,7,4,4,6,0,4,1,1,0,4,1,4,1,1,12,5,0,0,1,0,2,4,2,5,5,11
1,13,2,10,1,1,1,1,0,0,3,7,4,3,4,2,4,2,0,1,1,4,3,2,6,5,1,2,5,1,1,6,4,6,4,0,5,0,3,1,1,5,5,3,2,6,3,3,0,2,2,1,0,1,1,7,0,6,6,6,0,2,0,5,6,1,4,6,0,6,0,3,0,3,3,3,4,9,1,4,1,2,1,3,3,4,1,2,6,7,2,0,3,0,0,4,2,7,5,7
169,21,5,8,2,0,4,0,2,6,18,63,35,66,12,6,11,4,0,2,11,26,94,19,12,46,5,3,0,1,41,29,0,87,9,1,35,6,7,2,2,54,45,10,38,23,1,27,3,14,0,3,0,0,14,134,0,20,20,26,7,7,6,8,42,4,84,27,9,23,0,1,7,9,44,32,34,47,0,43,3,2,1,14,9,29,0,2,119,38,0,0,1,0,6,20,7,29,30,124
14,78,10,74,2,5,8,1,4,21,13,60,29,35,27,19,24,6,2,2,5,42,41,22,31,38,11,9,8,10,17,44,5,54,19,4,39,11,15,9,3,34,34,27,46,25,11,10,8,19,1,41,2,0,4,35,0,48,52,34,7,14,10,31,50,10,31,35,6,23,0,7,11,10,35,23,23,72,2,34,14,8,1,18,15,40,4,9,45,63,0,0,3,0,9,30,18,72,42,43
211,13,0,12,0,0,2,0,0,0,20,71,44,76,9,7,10,0,0,1,12,17,119,18,13,52,4,1,1,1,50,29,0,109,6,1,39,0,4,0,2,52,62,10,55,22,0,26,0,9,0,0,1,0,9,166,0,15,15,32,3,7,2,11,43,1,107,25,6,33,0,0,3,5,34,24,29,85,1,57,2,1,1,13,4,20,0,2,157,38,0,0,1,0,3,20,1,38,25,150
10,99,12,91,3,0,11,0,3,9,14,75,33,43,19,17,27,6,2,2,9,49,43,23,29,59,6,6,7,7,19,68,1,63,16,1,48,6,9,7,1,51,47,18,48,33,10,17,5,8,1,20,4,0,15,34,0,64,65,35,3,8,11,27,56,3,47,45,7,31,0,4,7,12,31,47,37,68,0,32,6,1,2,16,14,60,4,8,44,83,0,0,2,0,6,30,16,61,75,48
236,7,0,4,0,0,2,0,0,0,24,93,51,67,4,3,7,0,0,0,6,20,141,18,12,49,0,2,1,0,42,20,0,139,1,0,46,1,0,0,0,53,63,5,60,20,0,35,0,13,0,1,0,0,3,187,0,15,13,30,0,2,3,5,48,2,119,23,3,44,0,0,2,1,41,31,32,84,0,58,1,1,0,10,2,25,0,0,168,42,0,0,0,0,3,17,1,39,29,160
7,125,5,93,1,1,8,0,0,9,15,83,34,67,13,12,25,0,0,0,11,51,52,18,29,72,9,2,2,3,34,64,5,67,12,1,54,2,6,4,4,67,50,18,41,25,4,23,3,14,1,19,2,0,17,37,0,49,81,43,0,8,10,42,54,3,48,42,3,39,0,1,7,14,48,31,31,84,0,33,4,0,0,19,12,58,0,7,50,99,0,0,0,0,6,34,9,80,73,47
243,4,0,0,0,0,2,0,0,0,16,118,37,70,4,0,4,0,0,0,5,21,138,9,11,64,0,1,0,0,51,33,0,124,3,0,36,1,1,0,0,62,57,6,57,34,0,24,0,9,0,0,0,0,4,201,0,11,11,22,0,1,3,2,57,2,129,20,1,34,0,0,0,0,33,29,40,98,0,49,0,0,0,8,5,24,0,0,185,27,0,0,0,0,2,8,0,26,18,195
2,115,2,115,0,0,5,0,0,10,29,62,44,63,12,10,28,1,0,0,6,64,53,21,30,67,3,1,4,0,24,66,0,82,9,0,64,1,2,1,2,50,59,13,59,26,3,21,1,15,0,16,2,0,12,34,0,67,70,48,0,10,5,22,76,2,52,45,3,34,0,0,7,6,48,26,33,77,0,52,4,1,0,15,5,61,0,2,44,117,0,0,0,0,4,27,8,90,80,40
246,1,0,2,0,0,0,0,0,0,12,122,45,64,2,1,3,0,0,0,1,24,162,9,9,43,1,0,0,0,47,22,0,145,1,0,34,0,0,0,0,62,54,0,79,35,0,14,0,5,0,0,0,0,0,223,0,8,5,13,0,1,1,1,44,0,153,19,1,29,0,0,2,1,31,23,29,119,0,44,0,0,0,1,0,11,0,1,210,26,0,0,0,0,0,8,1,19,26,195
0,128,3,114,0,0,3,0,0,1,16,75,47,68,17,5,21,0,0,0,6,65,47,15,33,79,2,0,2,0,35,65,2,73,9,1,60,1,2,1,0,61,57,20,49,25,6,24,0,7,0,13,1,0,9,17,0,73,85,51,0,9,10,17,82,0,43,46,4,38,0,0,2,5,55,36,37,67,0,47,0,0,0,8,6,66,0,1,31,137,0,0,0,0,0,31,6,86,86,40
248,0,0,1,0,0,0,0,0,0,9,122,40,75,0,0,3,0,0,0,1,22,167,9,5,44,1,0,0,0,45,12,0,150,1,0,40,1,0,0,0,58,67,4,68,28,0,20,0,4,0,0,0,0,0,229,0,3,9,8,0,2,0,3,45,0,156,24,0,19,0,0,1,1,34,21,22,118,0,52,0,0,0,1,1,7,0,0,219,21,0,0,0,0,0,3,0,11,20,215
1,129,1,115,0,0,1,0,0,2,19,92,39,70,9,6,14,0,0,0,3,64,48,11,29,92,1,0,1,0,47,63,0,66,10,0,61,1,1,0,0,69,54,7,74,19,3,16,0,7,0,11,0,0,6,16,0,67,88,61,0,4,4,26,70,1,48,37,0,59,0,1,1,6,49,36,34,73,0,49,0,0,0,9,2,65,0,1,23,149,0,0,0,0,0,18,7,94,99,31
249,0,0,0,0,0,0,0,0,0,6,126,40,73,4,0,0,0,0,0,0,17,168,5,4,55,0,0,0,0,51,9,0,160,0,0,29,0,0,0,0,65,64,1,79,23,0,12,0,5,0,0,0,0,0,234,0,3,3,9,0,0,0,1,46,0,168,13,0,21,0,0,1,0,33,18,25,141,0,31,0,0,0,1,0,3,0,0,232,13,0,0,0,0,0,3,0,8,18,220
0,127,0,121,0,0,1,0,0,0,22,89,42,69,7,1,19,0,0,0,2,73,59,13,25,74,2,1,0,0,41,77,0,67,4,0,60,0,0,0,0,56,65,4,63,34,2,17,0,8,0,7,1,0,8,10,0,76,87,60,0,6,4,15,101,0,39,44,2,38,0,0,1,0,63,39,22,65,0,59,0,0,0,7,2,73,0,3,15,149,0,0,0,0,0,22,4,92,105,26
249,0,0,0,0,0,0,0,0,0,6,145,33,62,2,0,1,0,0,0,0,13,181,2,3,50,0,0,0,0,41,5,0,179,0,0,24,0,0,0,0,68,57,1,85,24,0,11,0,3,0,0,0,0,0,234,0,5,6,4,0,0,0,1,50,0,176,15,0,7,0,0,0,0,32,14,25,135,0,43,0,0,0,1,0,6,0,0,239,3,0,0,0,0,0,0,0,13,10,226
0,132,0,116,0,0,0,0,0,1,19,77,37,97,8,1,10,0,0,0,1,56,45,8,30,108,0,1,0,0,52,67,0,50,7,0,73,0,0,0,0,67,65,7,51,29,0,22,0,8,0,8,0,0,3,12,0,78,87,61,0,0,3,13,101,0,34,47,0,51,0,0,0,1,46,32,22,85,0,63,0,0,0,2,1,78,0,0,8,160,0,0,0,0,0,23,0,86,120,20
249,0,0,0,0,0,0,0,0,0,1,136,38,74,0,0,0,0,0,0,0,13,187,6,4,39,0,0,0,0,38,6,0,180,0,0,25,0,0,0,0,61,68,0,86,20,0,13,0,1,0,0,0,0,0,240,0,2,3,4,0,0,0,0,36,0,172,18,0,23,0,0,0,0,22,13,17,152,0,45,0,0,0,1,0,3,0,0,234,11,0,0,0,0,0,1,0,7,14,227
0,118,0,131,0,0,0,0,0,0,11,90,37,100,6,0,5,0,0,0,0,56,44,12,22,115,0,0,0,0,49,72,0,57,0,0,71,0,0,0,0,61,70,9,52,31,1,17,0,8,0,2,0,0,0,8,0,71,111,57,0,1,2,11,103,0,48,37,0,47,0,0,1,0,61,23,35,56,0,73,0,0,0,5,1,57,0,0,14,172,0,0,0,0,1,25,1,100,102,20
17,4,1,3,0,2,1,1,0,1,2,7,2,5,3,3,4,0,0,4,1,5,10,4,3,0,2,1,2,2,5,6,2,9,1,0,4,1,0,2,0,5,4,1,5,4,3,4,1,3,1,2,1,0,5,8,3,2,3,5,3,1,2,1,3,2,12,4,1,1,0,0,2,2,1,6,3,5,4,7,1,1,0,2,1,6,2,1,11,5,0,0,4,1,2,6,1,1,7,8
6,6,1,9,2,0,2,0,3,1,0,8,4,4,1,3,5,1,3,1,1,8,5,3,4,3,3,2,0,1,2,7,0,11,3,0,2,2,3,0,3,2,2,3,3,2,4,4,3,4,0,1,3,1,4,8,3,3,6,1,0,4,0,7,5,0,6,1,2,5,2,0,5,0,6,4,3,8,0,2,1,1,2,0,1,8,0,5,6,6,0,1,2,1,3,5,2,6,2,8
171,9,1,19,0,0,3,2,2,10,9,93,30,21,12,17,17,1,0,17,13,37,109,17,10,3,8,8,1,11,28,40,13,83,3,0,33,7,4,6,0,40,30,7,42,34,12,29,11,12,2,2,1,0,25,83,21,14,31,38,22,8,7,11,15,9,109,21,2,13,0,0,4,5,21,31,21,49,26,60,3,2,0,8,0,45,7,8,125,19,0,1,7,1,6,45,10,7,71,69
20,88,6,65,2,13,5,11,3,4,17,38,34,32,24,15,34,3,3,17,6,65,37,27,29,23,8,9,8,5,14,64,9,66,11,0,24,13,7,9,9,23,30,6,40,14,32,21,16,26,2,19,12,4,28,40,17,29,42,24,10,28,6,43,39,9,38,19,7,18,2,0,17,4,22,33,19,76,17,27,6,3,0,8,5,75,3,11,38,68,0,3,7,1,10,54,8,31,34,69
209,5,0,13,0,0,0,0,2,9,4,128,36,20,10,13,13,1,0,13,10,47,140,14,9,0,2,7,0,9,26,46,7,120,1,0,24,7,3,4,0,37,25,4,56,49,15,30,8,14,0,4,1,0,22,105,12,16,31,47,10,10,4,12,8,5,153,25,1,10,0,0,4,0,17,42,17,66,22,70,0,0,0,4,0,37,1,5,169,22,0,0,4,0,1,46,5,5,84,93
20,112,2,68,1,3,2,8,7,15,6,54,43,56,11,18,32,1,2,15,4,87,41,23,32,24,11,7,5,4,25,87,6,65,5,0,34,9,1,6,6,30,38,6,42,16,28,25,12,35,3,13,12,1,40,49,13,20,57,30,11,34,9,44,44,10,37,27,5,17,2,0,15,1,26,21,28,91,22,32,2,2,0,7,1,91,7,10,34,84,0,1,5,0,8,55,11,24,58,76
234,5,0,8,0,0,0,0,0,2,2,158,39,20,7,6,8,0,0,9,18,47,161,7,5,0,1,3,0,7,20,53,2,140,1,0,21,8,2,2,1,57,24,2,61,28,19,38,8,11,0,4,0,0,23,124,6,12,41,39,5,10,1,6,8,2,183,19,0,15,0,0,0,1,10,48,16,70,22,82,1,0,0,1,1,33,0,0,205,8,0,0,1,0,1,48,4,1,97,97
14,103,0,101,0,2,1,3,2,23,8,45,40,67,14,15,42,0,2,16,8,103,38,17,35,19,7,8,2,12,29,98,5,58,7,0,41,7,2,2,1,30,39,6,44,34,27,31,13,24,0,11,8,0,36,48,13,26,71,36,4,35,8,52,47,6,37,40,3,17,0,0,14,0,31,34,21,91,21,37,3,1,0,5,1,116,1,7,29,86,0,0,3,0,5,68,24,19,58,72
238,1,0,8,0,0,0,0,0,2,2,176,36,10,5,4,10,0,0,6,14,35,180,7,5,0,2,3,0,3,21,54,3,146,0,0,23,2,0,0,0,51,20,3,70,41,17,34,3,10,0,0,0,0,26,141,6,7,38,31,3,12,2,4,5,0,209,12,0,2,0,0,3,0,10,30,9,91,19,87,0,0,0,0,0,30,0,0,210,9,0,0,2,0,1,35,1,3,109,98
10,118,0,93,0,1,0,0,5,22,11,47,44,53,20,16,45,0,1,12,22,110,36,12,25,18,5,8,1,12,27,102,4,68,8,0,26,12,0,2,2,28,40,6,60,27,28,21,15,22,0,5,5,1,42,48,15,33,56,44,9,30,2,55,62,2,22,42,1,24,0,0,6,0,20,32,23,92,30,46,1,0,0,3,0,116,0,4,29,96,0,0,2,0,3,62,6,24,56,96
240,3,0,6,0,0,0,0,0,0,0,176,51,5,5,2,4,0,0,6,7,36,198,3,3,0,1,0,0,1,13,44,1,168,0,0,20,3,0,0,1,46,24,2,90,31,16,32,3,4,0,0,0,0,15,144,6,5,39,40,1,4,0,2,5,1,212,19,0,5,0,0,0,0,9,32,12,98,13,85,0,0,0,0,0,28,0,0,215,6,0,0,0,0,0,28,0,3,106,112
7,129,0,90,0,0,0,0,1,22,11,49,44,61,17,12,44,0,2,9,20,125,29,21,24,11,6,8,0,5,22,116,3,57,2,0,44,3,1,1,3,30,42,0,52,24,31,33,11,23,0,1,4,0,36,53,10,32,79,34,4,32,2,63,56,0,26,44,1,21,0,0,8,0,20,32,17,100,25,47,0,0,0,0,0,119,2,3,23,102,0,0,4,0,2,66,5,19,65,88
246,0,0,3,0,0,0,0,0,0,0,187,41,5,4,5,7,0,0,0,8,29,199,5,5,1,0,0,0,2,18,49,0,173,0,0,8,1,0,0,0,52,23,1,93,29,17,28,2,4,0,0,0,0,10,156,2,3,48,30,1,1,0,1,4,0,228,14,0,0,0,0,0,0,8,36,13,98,7,87,0,0,0,0,0,21,0,0,227,1,0,0,0,0,0,20,0,1,116,112
3,116,0,116,0,1,0,0,0,13,5,42,50,62,19,15,44,0,0,12,23,139,32,9,28,5,5,4,0,4,18,129,2,53,4,0,40,3,0,0,0,31,36,3,47,40,34,31,12,15,0,3,3,0,42,48,11,22,64,56,1,29,2,68,63,2,17,45,0,22,0,0,4,0,16,37,14,111,28,39,0,0,0,0,0,136,0,1,19,93,0,0,0,0,2,71,3,11,64,98
246,1,0,2,0,0,0,0,0,0,0,188,47,5,1,2,2,0,0,4,5,26,211,2,2,0,2,0,0,1,7,48,0,185,0,0,8,1,0,0,0,47,20,1,91,34,25,24,1,6,0,0,0,0,8,155,2,5,46,33,0,1,0,1,3,0,238,4,0,2,0,0,0,0,6,25,3,116,11,88,0,0,0,0,0,14,0,0,234,1,0,0,0,0,0,25,0,0,115,109
3,120,0,119,0,0,0,0,1,6,8,49,68,46,10,16,45,0,0,7,14,165,23,9,28,7,2,1,0,0,13,139,2,48,2,0,41,3,1,0,1,32,34,5,65,29,20,33,8,22,0,4,1,0,33,60,5,17,73,56,0,31,0,62,67,2,10,58,0,19,0,0,2,0,19,40,17,91,20,60,0,0,0,0,0,139,0,2,12,96,0,0,0,0,0,57,2,10,74,106
249,0,0,0,0,0,0,0,0,0,0,196,48,3,0,0,1,0,0,1,0,31,216,2,0,0,0,0,0,0,9,39,0,200,0,0,1,0,0,0,0,37,16,0,110,35,16,26,2,7,0,0,0,0,11,173,1,5,33,26,0,0,0,0,1,0,239,9,0,0,0,0,0,0,6,23,4,124,13,79,0,0,0,0,0,10,0,0,238,1,0,0,0,0,0,17,0,1,117,114
0,114,0,132,0,0,0,0,0,3,3,49,62,51,12,14,52,0,0,6,20,147,30,12,36,3,0,1,0,0,19,145,1,40,3,0,40,1,0,0,0,32,38,1,63,33,26,30,6,20,0,0,0,0,34,44,6,16,92,57,4,20,0,71,82,0,8,49,0,15,0,0,0,0,20,50,13,91,20,55,0,0,0,0,0,145,0,0,10,94,0,0,0,0,1,67,1,7,71,102
249,0,0,0,0,0,0,0,0,0,0,212,32,4,0,0,1,0,0,0,1,20,222,5,1,0,0,0,0,0,4,31,0,207,0,0,7,0,0,0,0,46,23,0,99,34,13,31,1,2,0,0,0,0,11,172,0,0,37,29,0,1,0,0,0,0,244,4,0,0,0,0,0,0,3,31,2,138,3,72,0,0,0,0,0,10,0,0,238,1,0,0,0,0,0,19,0,0,125,105
0,119,0,130,0,0,0,0,0,0,1,34,88,59,14,3,44,0,0,6,18,177,21,14,17,2,0,0,0,0,13,174,0,35,0,0,24,3,0,0,0,38,36,0,69,30,27,30,5,14,0,0,1,0,44,58,4,15,87,40,4,19,0,70,72,0,3,65,0,16,0,0,3,0,15,38,17,85,14,77,0,0,0,0,0,165,0,0,11,73,0,0,0,0,0,52,0,4,80,113
21,2,0,5,0,1,1,0,0,0,6,7,5,4,3,1,1,1,2,0,0,1,11,1,8,2,4,1,1,1,2,4,1,13,2,2,2,2,0,2,1,3,6,3,4,1,3,5,2,2,2,2,6,0,2,9,1,2,3,3,1,0,1,4,1,3,10,2,3,5,0,3,1,1,4,0,3,8,3,7,1,2,0,1,1,4,2,0,13,6,0,0,1,0,3,4,1,6,4,11
3,5,6,12,1,0,1,0,2,0,1,6,4,6,3,4,3,1,1,1,1,2,3,6,4,5,0,5,3,1,1,6,4,6,2,1,6,3,0,1,1,1,2,3,10,3,2,3,4,1,1,1,3,3,3,6,0,4,6,3,2,3,1,3,5,3,4,5,2,2,0,1,1,1,6,5,4,5,5,2,0,0,1,0,1,7,3,7,5,6,0,0,3,2,2,4,1,10,2,6
183,16,0,17,0,1,0,0,0,0,51,56,39,30,16,9,12,2,2,0,0,5,102,8,48,17,12,16,1,8,17,31,5,121,12,2,16,7,1,5,7,21,26,24,56,15,13,42,9,4,7,11,26,1,6,96,2,18,27,23,3,1,14,39,12,23,81,17,5,22,0,7,7,12,40,7,14,64,26,40,0,4,1,10,6,15,4,4,119,54,0,0,2,0,15,32,3,66,12,87
18,50,13,123,0,3,5,0,5,0,30,67,32,34,20,15,6,6,7,0,0,17,50,20,59,21,23,12,5,10,13,43,20,56,14,10,42,8,1,10,7,15,32,23,46,13,18,30,18,15,6,24,39,3,17,47,3,15,30,33,5,7,12,25,35,13,32,40,16,32,0,11,5,5,41,21,22,58,31,23,3,8,4,5,8,48,15,24,41,61,0,0,6,4,12,38,5,47,45,60
211,12,0,15,0,0,0,0,0,0,59,76,49,23,11,10,7,0,3,0,0,3,136,5,58,14,9,11,1,1,12,38,6,140,16,1,13,7,0,5,4,29,30,28,68,10,7,55,6,1,4,1,30,0,1,113,1,30,41,17,0,0,13,44,6,18,99,34,5,19,0,3,7,12,34,6,12,97,26,41,0,2,0,8,1,20,3,3,146,55,0,0,1,0,3,20,0,92,17,105
14,60,10,150,0,0,2,0,2,0,23,82,35,48,20,17,7,1,4,1,0,15,59,15,82,28,12,17,3,7,16,55,19,61,21,5,43,14,1,3,7,16,30,25,53,23,27,35,16,6,10,23,35,2,16,67,5,13,26,41,4,4,14,30,28,22,44,46,13,33,0,8,6,11,63,23,27,37,28,35,0,5,2,9,5,62,17,17,50,71,0,0,2,0,18,49,4,63,36,66
237,5,0,7,0,0,0,0,0,0,62,91,51,23,9,8,5,0,0,0,0,2,163,2,55,13,2,11,0,1,2,18,1,208,8,0,8,3,0,1,0,25,50,28,70,7,6,57,5,1,3,2,23,0,2,137,0,31,43,8,0,0,17,37,7,19,120,26,5,18,0,3,4,10,48,2,12,107,23,40,0,0,0,4,3,12,2,1,175,52,0,0,1,0,3,20,0,98,12,115
7,78,2,162,0,0,0,0,0,0,29,89,34,51,17,25,4,0,0,0,0,13,55,20,87,35,9,21,3,6,20,92,12,26,18,2,62,11,0,6,8,8,42,25,64,22,21,38,19,2,5,22,48,0,15,63,2,18,31,45,1,2,8,40,25,13,48,55,21,36,0,6,10,12,52,25,24,51,38,31,0,2,1,12,6,60,4,18,47,99,0,0,1,1,21,34,3,80,39,70
243,2,0,4,0,0,0,0,0,0,60,104,53,17,6,3,6,0,0,0,0,0,195,3,40,5,2,3,0,1,3,21,1,213,3,0,5,3,0,0,3,34,39,23,90,7,5,40,6,2,0,0,22,0,0,144,0,26,48,9,0,0,14,38,12,12,127,29,1,16,0,4,5,6,37,5,15,126,18,33,0,1,0,0,1,6,2,0,187,52,0,0,0,0,2,20,0,73,7,147
5,67,4,173,0,0,0,0,0,0,40,77,41,51,22,7,9,1,1,0,0,7,37,23,127,25,6,21,0,3,17,110,11,32,17,1,52,8,0,1,3,15,36,22,65,19,27,42,12,8,1,12,56,0,8,65,0,26,46,35,0,2,18,44,33,23,47,44,8,30,0,8,5,11,63,19,20,49,40,34,0,0,0,7,6,57,4,9,43,123,0,0,0,0,6,57,0,92,34,60
245,2,0,2,0,0,0,0,0,0,66,105,52,16,2,3,5,0,0,0,0,0,194,3,38,8,1,5,0,0,2,16,1,222,4,0,4,0,0,0,0,16,39,21,98,4,8,59,4,0,0,0,15,0,0,166,0,20,39,9,0,0,6,36,11,12,141,27,2,14,0,0,0,3,27,4,10,134,24,47,0,0,0,0,0,6,0,0,199,44,0,0,0,0,0,16,0,86,5,142
4,59,1,185,0,0,0,0,0,0,41,94,44,49,13,6,2,0,0,0,0,5,40,15,142,25,6,15,0,1,16,112,8,25,15,0,61,12,0,0,2,22,46,25,64,18,14,45,9,4,3,14,53,0,7,54,0,31,52,35,0,0,24,45,26,11,52,61,8,22,0,0,6,3,82,8,23,53,37,37,0,0,0,4,1,59,2,5,39,139,0,0,0,0,7,38,0,94,31,79
248,0,0,1,0,0,0,0,0,0,66,118,50,9,6,0,0,0,0,0,0,0,204,0,34,6,2,3,0,0,0,11,0,234,1,0,2,1,0,0,0,19,34,16,120,5,3,50,2,0,0,0,20,0,1,174,0,9,37,8,0,0,2,38,3,2,163,26,0,15,0,2,1,1,35,2,6,156,12,34,0,0,0,1,0,5,0,0,191,52,0,0,0,0,0,19,0,71,5,154
1,56,1,191,0,0,0,0,0,0,39,84,53,52,12,6,2,0,1,0,0,11,34,9,153,22,3,16,0,1,12,139,13,13,7,1,61,3,0,0,1,17,57,20,46,14,22,53,15,4,1,8,50,0,6,53,0,28,72,31,0,0,10,40,26,17,46,72,5,33,0,3,2,4,89,14,16,45,28,48,0,0,0,1,2,43,5,6,51,141,0,0,0,0,8,35,0,111,28,67
247,2,0,0,0,0,0,0,0,0,48,132,54,14,1,0,0,0,0,0,0,0,205,0,39,4,0,1,0,0,0,5,0,240,0,0,3,1,0,0,0,25,28,13,119,5,2,56,1,0,0,0,8,0,0,189,0,13,35,4,0,0,5,26,2,12,163,27,0,14,0,0,0,0,25,4,7,170,11,32,0,0,0,0,0,4,0,0,207,38,0,0,0,0,0,9,0,73,3,164
2,53,1,193,0,0,0,0,0,0,44,78,60,43,18,3,3,0,0,0,0,5,36,7,168,21,2,10,0,0,9,152,7,8,12,0,55,3,0,3,0,14,45,29,70,9,25,45,12,0,0,6,76,0,0,45,0,43,54,25,0,0,12,52,26,14,45,71,8,21,0,1,0,0,92,15,15,40,35,51,0,0,0,1,0,42,2,3,41,160,0,0,0,0,5,35,0,110,34,65
249,0,0,0,0,0,0,0,0,0,40,131,65,11,2,0,0,0,0,0,0,0,216,0,30,2,0,1,0,0,0,7,0,241,0,0,1,0,0,0,0,18,24,11,137,6,3,50,0,0,0,0,9,0,0,192,0,9,34,5,0,0,3,27,5,5,183,21,0,5,0,0,0,0,40,0,4,174,6,25,0,0,0,0,0,1,0,0,212,36,0,0,0,0,0,17,0,71,3,158
0,51,0,198,0,0,0,0,0,0,56,88,52,39,12,1,1,0,0,0,0,2,27,15,181,19,1,4,0,0,7,145,2,8,16,0,66,5,0,0,0,20,63,15,58,17,14,54,7,1,0,4,69,0,5,44,0,33,67,27,0,0,8,75,18,19,38,71,4,16,0,0,1,1,101,9,14,40,33,50,0,0,0,0,0,38,0,2,36,173,0,0,0,0,1,40,0,96,33,79
249,0,0,0,0,0,0,0,0,0,43,133,62,9,2,0,0,0,0,0,0,0,222,0,25,1,0,1,0,0,0,3,0,246,0,0,0,0,0,0,0,12,39,17,128,2,1,49,1,0,0,0,6,0,0,205,0,3,32,3,0,0,2,18,0,5,190,22,0,12,0,0,0,0,35,1,3,164,8,38,0,0,0,0,0,1,0,0,225,23,0,0,0,0,0,6,0,82,1,160
0,37,0,212,0,0,0,0,0,0,57,87,55,40,9,1,0,0,0,0,0,3,24,5,191,22,1,3,0,0,8,174,4,3,5,0,52,2,0,1,0,26,48,23,59,19,13,57,3,1,0,5,67,0,2,37,0,49,72,17,0,0,7,57,22,18,37,88,2,18,0,2,0,1,111,13,21,36,27,38,0,0,0,0,0,40,0,0,24,185,0,0,0,0,0,33,0,116,23,77
22,1,0,2,1,0,1,0,0,3,2,5,4,7,3,0,3,1,3,2,1,6,11,3,2,2,1,3,1,0,5,1,7,8,0,0,6,0,0,3,1,4,3,4,8,1,2,3,3,1,1,1,4,1,1,10,2,4,3,3,0,4,0,4,4,2,10,4,1,1,0,0,3,1,6,3,2,7,3,5,4,0,1,0,2,2,1,5,11,4,1,0,0,0,0,3,1,3,5,17
2,5,4,12,1,0,3,1,1,1,4,8,2,7,0,1,6,1,0,1,2,7,4,1,7,6,0,2,0,1,1,8,4,6,3,1,4,1,0,2,0,2,6,0,3,3,3,5,4,4,0,5,2,0,1,6,5,1,4,6,0,5,2,3,6,3,3,4,1,3,1,1,2,3,2,4,0,6,5,6,0,0,0,0,6,8,1,3,6,6,0,0,1,1,1,2,3,10,5,7
199,2,0,3,2,0,2,0,0,9,12,69,15,76,14,0,17,7,5,2,13,37,104,14,8,10,10,16,4,1,56,5,33,71,0,1,37,0,0,14,8,12,30,15,60,16,13,28,22,13,1,6,23,1,11,86,11,12,40,26,0,29,0,21,21,20,89,24,1,12,0,1,8,3,48,22,8,69,12,46,6,1,4,0,8,21,1,32,112,32,6,0,1,0,0,14,6,26,30,134
4,31,9,122,7,0,23,0,3,18,21,61,35,43,17,5,19,8,5,3,6,69,40,19,33,31,5,11,3,0,14,51,34,57,9,0,32,5,2,13,6,27,34,22,33,13,14,27,25,16,5,20,23,4,7,64,19,31,27,17,0,22,5,35,40,13,45,45,0,12,1,1,23,5,22,22,10,63,32,38,13,1,9,0,19,43,6,34,32,60,6,0,2,1,0,27,11,67,50,53
236,0,0,0,0,0,1,1,0,0,2,90,21,93,11,0,16,2,2,1,12,34,156,8,6,7,6,9,0,0,56,4,36,83,1,0,47,0,0,11,1,12,35,10,90,22,7,40,13,8,1,6,13,1,10,123,7,9,39,29,0,33,1,21,20,16,113,26,0,8,0,1,5,1,56,15,2,87,11,60,5,0,3,0,5,16,0,37,139,33,3,0,0,0,0,16,2,27,33,157
0,25,10,159,6,0,19,0,0,19,12,75,25,67,21,2,27,3,4,2,12,89,34,17,38,24,9,10,3,2,19,51,40,59,6,2,35,3,0,23,6,25,37,19,36,13,19,36,27,20,1,23,34,0,4,64,11,33,47,21,0,34,4,24,53,18,45,46,3,11,0,0,19,3,35,31,8,83,15,44,5,0,4,0,28,55,4,40,41,61,7,0,1,0,0,26,3,83,51,67
248,0,0,0,0,0,1,0,0,0,1,106,10,105,8,0,15,1,3,0,6,44,165,11,5,9,3,6,0,0,54,2,33,117,0,0,37,0,0,6,2,9,36,10,89,20,6,49,21,7,0,3,15,0,5,138,6,14,47,21,0,29,0,23,25,12,136,18,0,6,0,0,3,0,45,17,1,109,12,62,1,0,0,0,5,21,0,30,175,17,0,0,0,0,0,11,1,16,26,195
0,24,3,194,0,0,19,0,0,9,15,75,44,68,21,0,23,1,1,1,16,116,43,16,29,14,7,6,2,0,38,55,50,62,1,0,32,1,0,10,4,18,39,13,52,22,22,33,30,16,0,13,28,0,7,70,7,20,77,27,0,44,0,38,37,19,44,55,0,12,0,0,13,4,41,28,3,73,25,62,9,0,5,0,9,52,1,44,40,89,0,0,0,0,0,31,8,104,64,42
249,0,0,0,0,0,0,0,0,0,0,124,10,101,4,0,8,2,0,0,4,41,180,6,8,2,2,6,0,0,67,3,38,104,0,0,32,0,0,5,0,9,35,16,104,11,7,39,21,7,0,2,14,0,5,162,6,7,32,21,0,20,0,5,30,12,166,11,0,5,0,0,2,0,43,10,1,128,2,63,1,0,0,0,0,11,0,29,191,17,0,0,0,0,0,4,0,11,38,196
0,27,2,199,1,0,11,0,0,9,9,85,35,78,21,0,19,2,0,0,9,118,28,26,27,24,10,7,0,0,47,35,38,63,3,1,44,1,0,17,1,27,37,8,49,18,20,43,35,11,0,19,38,0,7,48,9,31,61,36,0,35,0,41,45,9,37,66,0,16,0,0,12,0,38,41,1,75,12,70,3,1,0,0,8,57,1,42,34,103,0,0,0,0,0,34,2,98,64,51
249,0,0,0,0,0,0,0,0,0,0,123,9,107,4,0,6,0,0,0,0,35,205,2,2,1,1,3,0,0,64,1,29,118,0,0,33,0,0,4,0,7,26,8,141,10,8,31,15,3,0,1,14,0,1,185,4,2,24,18,0,28,0,6,25,9,168,12,0,1,0,0,3,0,27,10,0,157,5,47,0,0,0,0,1,10,0,25,198,15,0,0,0,0,0,2,0,8,22,217
0,11,3,221,1,0,9,0,0,4,6,90,38,71,23,0,18,2,1,0,8,139,28,13,29,26,2,4,0,0,54,36,39,65,0,0,48,0,0,7,0,31,42,15,35,23,9,55,34,5,0,10,33,0,8,42,1,32,87,36,0,39,0,40,42,15,37,59,0,17,0,0,10,0,46,37,1,58,12,85,0,0,0,0,4,59,0,49,34,103,0,0,0,0,0,24,0,94,100,31
249,0,0,0,0,0,0,0,0,0,0,147,7,87,2,0,6,0,0,0,2,29,210,2,2,4,0,0,0,0,67,1,20,130,0,0,28,0,0,3,0,3,17,9,142,8,4,44,22,0,0,0,11,0,0,201,1,4,22,10,0,16,0,4,26,2,185,12,0,4,0,0,2,0,34,9,0,143,4,57,0,0,0,0,0,7,0,17,205,20,0,0,0,0,0,0,0,7,25,217
0,6,1,227,0,0,9,0,0,6,3,80,31,102,16,0,16,0,0,1,4,165,22,8,28,12,3,7,0,0,57,27,43,69,0,0,48,0,0,5,0,19,45,17,43,21,12,52,32,8,0,12,31,0,6,35,4,25,88,48,0,33,0,42,53,11,37,65,0,8,0,0,11,0,57,29,0,79,7,66,1,0,0,0,9,60,0,45,32,102,0,0,0,0,0,28,1,92,97,31
249,0,0,0,0,0,0,0,0,0,0,148,2,95,2,0,2,0,0,0,0,26,221,0,0,2,0,0,0,0,66,1,21,129,0,0,30,0,0,2,0,2,24,3,170,5,1,34,10,0,0,0,2,0,0,224,0,2,11,10,0,22,0,2,21,1,188,14,0,1,0,0,0,0,22,6,0,173,4,44,0,0,0,0,0,5,0,17,219,8,0,0,0,0,0,0,0,2,16,231
0,8,0,234,0,0,3,0,0,4,0,88,29,115,7,0,10,0,0,0,4,169,22,7,32,12,0,3,0,0,56,28,38,82,0,0,44,0,0,1,0,35,49,15,38,9,6,55,35,7,0,7,50,0,0,21,2,27,100,42,0,39,0,34,57,2,35,70,0,12,0,0,4,0,56,35,2,57,11,84,0,0,0,0,5,54,0,49,20,121,0,0,0,0,0,26,0,105,100,18
249,0,0,0,0,0,0,0,0,0,0,154,2,89,0,0,4,0,0,0,0,27,219,1,2,0,0,0,0,0,50,0,15,147,0,0,37,0,0,0,0,4,19,4,171,6,5,28,12,0,0,1,3,0,1,217,1,2,18,6,0,11,0,1,25,0,205,7,0,0,0,0,1,0,27,3,0,171,1,46,0,0,0,0,0,3,0,13,223,10,0,0,0,0,0,1,0,2,13,233
0,5,0,240,0,0,4,0,0,0,1,83,26,118,8,0,13,0,0,0,0,175,22,7,32,11,0,2,0,0,71,21,41,67,0,0,45,0,0,4,0,23,48,10,38,14,9,68,33,6,0,3,39,0,3,24,5,27,101,47,0,42,0,40,49,8,21,73,0,16,0,0,2,0,73,37,0,68,8,61,0,0,0,0,2,48,0,55,20,124,0,0,0,0,0,24,1,99,110,15
249,0,0,0,0,0,0,0,0,0,0,154,2,91,0,0,2,0,0,0,0,17,230,1,0,1,0,0,0,0,43,0,15,167,0,0,23,0,0,1,0,2,12,5,171,3,3,48,5,0,0,0,5,0,0,225,0,0,16,3,0,6,0,4,7,0,223,9,0,0,0,0,0,0,24,5,0,181,0,39,0,0,0,0,0,0,0,8,239,2,0,0,0,0,0,1,0,0,10,238
0,4,0,240,0,0,3,0,0,2,0,85,24,122,8,0,10,0,0,0,0,197,17,6,23,6,0,0,0,0,61,22,46,53,0,0,65,0,0,2,0,22,51,11,38,20,9,57,35,6,0,2,36,0,1,17,1,29,123,40,0,39,0,47,66,2,16,68,0,11,0,0,2,0,54,21,0,58,6,108,0,0,0,0,1,66,0,43,5,134,0,0,0,0,0,22,1,99,116,11
19,2,1,4,0,0,2,0,1,1,1,14,3,1,3,5,3,0,0,0,2,5,10,1,4,4,0,3,0,1,4,5,1,9,2,0,3,2,1,3,0,3,3,6,3,4,2,5,3,1,0,0,4,0,2,7,1,2,11,3,4,4,2,5,1,1,8,1,1,3,0,0,1,3,2,3,1,9,6,5,1,0,1,1,0,2,1,3,17,4,0,0,2,0,2,3,0,8,3,12
4,8,3,11,1,2,0,0,1,0,2,5,4,10,3,2,1,1,1,1,0,5,6,3,7,3,1,1,3,1,4,6,5,6,1,0,3,2,1,2,0,2,4,3,8,2,5,2,2,2,0,2,0,0,5,9,3,6,2,3,1,2,0,5,7,0,8,1,1,5,0,4,0,0,4,3,2,6,3,8,1,1,1,1,2,13,0,2,4,5,1,0,1,1,4,0,0,11,6,6
167,16,2,23,0,3,6,0,0,0,14,116,16,10,20,23,18,0,0,0,13,26,99,10,29,16,1,11,0,12,30,51,5,85,12,0,10,5,6,13,0,28,27,29,33,17,20,38,18,7,0,1,28,0,7,69,1,10,70,31,33,27,13,45,7,1,69,1,3,18,0,4,4,6,21,13,3,73,40,53,1,0,5,2,1,19,8,6,157,18,0,0,0,0,11,12,0,53,24,117
24,58,9,97,1,2,15,0,6,5,1,49,29,42,35,39,17,1,3,1,3,47,39,19,42,26,4,24,10,3,21,45,12,66,11,0,35,12,4,11,0,27,19,21,51,22,31,22,10,14,0,6,13,0,36,50,10,38,52,12,15,28,6,35,31,4,56,10,8,24,0,12,2,5,22,19,19,58,28,52,2,0,6,5,3,92,7,23,29,50,1,0,2,2,17,19,1,70,53,52
209,9,0,18,0,1,1,0,0,0,21,150,7,9,16,22,13,0,0,0,25,25,128,2,22,13,0,13,1,9,45,37,1,121,9,0,7,4,1,13,0,24,17,27,58,23,19,53,9,8,0,0,18,0,13,85,0,11,82,29,34,35,16,44,5,0,86,1,1,16,0,2,1,2,15,8,3,100,37,70,0,0,2,0,0,16,2,2,206,10,0,0,0,0,9,13,0,58,13,145
9,71,11,126,0,3,15,0,3,0,5,53,32,56,46,35,10,0,0,1,7,44,34,10,74,29,3,23,2,12,17,76,8,68,14,0,34,8,5,8,0,21,25,23,53,27,31,35,9,14,0,2,36,0,23,62,4,27,59,25,21,34,6,49,33,2,57,7,6,23,0,4,2,4,28,27,24,62,29,58,1,0,4,2,2,100,11,21,16,81,0,0,1,0,19,21,1,94,55,47
235,4,0,10,0,0,0,0,0,0,14,187,2,5,17,13,11,0,0,0,23,17,160,5,21,13,0,8,0,2,41,46,3,142,5,0,3,3,0,6,0,16,23,27,77,23,20,45,8,10,0,0,24,0,7,91,0,5,100,22,29,39,17,41,3,0,113,0,0,7,0,1,2,3,14,5,1,116,34,73,0,0,0,0,0,7,0,3,237,2,0,0,0,0,3,3,0,72,13,158
10,72,2,152,0,1,9,0,3,0,18,36,31,53,41,54,16,0,0,0,4,65,35,3,77,34,0,21,2,8,20,80,4,63,17,0,48,3,5,9,0,23,22,26,51,19,31,55,18,4,0,2,21,0,22,73,5,19,75,32,17,23,17,74,31,1,61,2,1,22,0,1,0,2,21,16,18,78,35,78,2,0,1,2,2,124,4,16,9,89,0,0,0,0,14,30,0,99,54,52
241,2,0,6,0,0,0,0,0,0,4,210,3,3,16,5,8,0,0,0,16,13,180,1,22,10,0,4,1,2,61,44,2,135,5,0,2,0,0,0,0,29,12,29,85,18,17,45,11,3,0,0,22,0,4,86,0,2,107,28,24,23,14,48,0,0,132,0,0,8,0,1,0,0,13,3,0,118,45,69,0,0,0,0,0,7,0,3,232,7,0,0,0,0,2,4,0,65,13,165
4,68,4,170,0,0,3,0,0,0,26,26,35,53,36,50,23,0,0,0,16,64,32,3,75,37,0,12,3,7,22,100,2,67,13,0,29,2,2,12,0,22,23,30,58,20,31,48,12,5,0,0,26,0,19,86,1,25,61,31,22,36,15,56,30,1,61,5,0,23,0,0,0,3,19,17,8,79,39,84,0,0,1,0,1,128,1,9,15,94,0,0,0,0,12,22,0,111,51,53
244,0,0,5,0,0,0,0,0,0,2,225,4,3,7,5,3,0,0,0,21,10,188,1,18,7,0,4,0,0,64,36,0,140,3,0,0,1,0,5,0,19,13,30,91,18,14,55,6,3,0,0,13,0,5,104,0,4,101,22,20,24,9,46,2,0,138,0,0,10,0,2,0,0,6,3,1,108,43,86,0,0,0,0,0,3,0,0,244,2,0,0,0,0,1,1,0,62,12,173
4,64,0,177,0,0,4,0,0,0,26,12,34,57,40,51,29,0,0,0,25,57,37,2,81,28,0,16,1,2,19,94,0,79,13,0,37,2,0,5,0,25,20,26,60,20,35,46,12,5,0,0,19,0,19,74,1,18,81,37,19,23,14,83,27,0,64,0,0,19,0,0,0,1,24,10,11,88,34,81,0,0,0,0,0,140,1,9,5,94,0,0,0,0,5,16,0,116,61,51
244,3,0,2,0,0,0,0,0,0,1,230,2,1,7,3,5,0,0,0,6,10,201,1,19,11,0,1,0,0,66,25,0,155,3,0,0,0,0,0,0,15,19,27,106,11,15,51,2,3,0,0,13,0,1,109,0,1,100,25,17,23,7,44,0,0,150,0,0,8,0,0,0,1,8,3,1,110,41,85,0,0,0,0,0,2,0,2,242,3,0,0,0,0,0,2,0,59,9,179
2,58,1,184,0,1,3,0,0,0,28,13,37,51,53,45,22,0,0,0,38,60,24,0,95,21,0,9,0,2,26,105,1,78,9,0,28,0,0,2,0,19,20,18,76,17,32,53,7,7,0,0,26,0,13,96,0,15,71,28,15,28,16,91,14,1,54,2,0,28,0,0,0,1,21,11,9,98,27,82,0,0,0,0,0,153,0,7,6,83,0,0,0,0,3,20,0,109,61,56
248,0,0,1,0,0,0,0,0,0,0,236,2,1,2,7,1,0,0,0,8,3,215,0,18,5,0,0,0,0,57,35,0,156,0,0,1,0,0,0,0,18,12,33,110,10,12,50,3,1,0,0,9,0,2,114,0,2,112,10,12,24,2,48,1,0,161,0,0,1,0,0,0,0,1,1,0,121,30,96,0,0,0,0,0,4,0,0,245,0,0,0,0,0,0,0,0,42,7,200
1,62,0,185,0,0,1,0,0,0,17,11,46,66,47,43,19,0,0,0,39,61,22,1,95,27,0,3,1,0,33,108,0,76,7,0,24,0,0,1,0,18,22,28,62,21,34,58,5,1,0,0,20,0,18,84,0,13,76,38,21,32,12,74,37,0,51,1,0,21,0,1,0,1,23,5,2,81,43,93,0,0,0,0,0,146,0,6,4,93,0,0,0,0,0,12,0,152,41,44
247,0,0,2,0,0,0,0,0,0,0,242,0,0,5,2,0,0,0,0,4,10,215,0,16,4,0,0,0,0,57,31,0,158,1,0,1,0,0,1,0,11,12,28,124,3,14,56,1,0,0,0,3,0,5,124,0,0,105,12,14,21,0,31,1,0,180,0,0,2,0,0,0,0,5,1,1,118,31,93,0,0,0,0,0,1,0,0,248,0,0,0,0,0,0,0,0,50,2,197
2,66,1,179,0,0,1,0,0,0,18,6,35,58,59,47,26,0,0,0,28,60,19,0,102,30,0,10,0,0,41,107,0,76,2,0,22,1,0,0,0,24,24,30,62,18,23,65,3,0,0,0,18,0,12,85,0,16,78,40,22,30,12,90,27,0,46,1,0,21,0,0,0,0,14,6,4,92,36,97,0,0,0,0,0,165,0,4,1,79,0,0,0,0,1,9,0,125,71,43
249,0,0,0,0,0,0,0,0,0,0,248,0,0,1,0,0,0,0,0,0,4,225,0,14,5,0,1,0,0,57,20,0,172,0,0,0,0,0,0,0,10,7,22,134,8,4,60,3,1,0,0,6,0,0,122,0,4,106,11,19,13,1,35,2,0,178,0,0,1,0,0,0,0,1,0,0,133,23,92,0,0,0,0,0,0,0,0,248,1,0,0,0,0,0,1,0,35,1,212
0,57,0,192,0,0,0,0,0,0,19,1,45,57,62,39,26,0,0,0,14,76,15,0,104,35,0,5,0,0,42,125,0,60,3,0,19,0,0,0,0,10,23,30,63,16,43,62,1,1,0,0,12,0,6,83,0,8,109,31,18,32,8,102,22,0,54,0,0,13,0,0,0,0,16,3,4,83,46,97,0,0,0,0,0,162,0,5,1,81,0,0,0,0,0,5,0,162,49,33
18,2,1,3,1,2,2,0,1,0,6,5,3,8,1,4,3,0,0,0,2,3,9,3,2,3,0,2,3,3,5,4,1,9,3,0,2,3,0,3,0,2,2,3,9,1,3,5,4,1,2,1,3,0,3,6,2,3,7,3,2,3,1,2,1,3,10,1,3,4,0,0,3,0,5,5,1,9,2,5,3,0,3,0,0,4,0,2,14,4,0,1,2,0,2,2,3,3,7,10
3,8,2,12,1,0,1,1,1,1,3,6,6,5,3,3,3,1,0,0,1,4,4,4,4,2,3,2,4,2,3,3,4,6,4,2,5,0,2,1,1,3,6,4,2,2,4,4,4,0,2,2,6,1,2,10,0,3,1,3,0,6,1,4,3,1,5,5,3,2,0,1,1,1,2,5,5,10,3,2,0,4,3,0,3,5,2,4,4,5,2,2,1,0,3,3,3,4,7,5
171,12,1,15,1,6,10,1,0,0,33,52,22,67,4,32,7,0,0,0,24,7,78,18,22,25,3,13,13,14,48,35,2,86,10,0,11,3,1,21,1,17,14,23,76,3,13,46,15,9,18,9,10,0,19,52,10,28,43,28,12,17,2,8,6,20,97,19,10,26,0,0,5,0,34,43,2,87,6,40,12,2,8,0,4,29,0,13,131,18,0,6,0,0,11,11,15,22,61,91
12,47,16,108,2,10,12,4,6,0,37,54,38,43,11,15,19,0,0,0,5,45,47,19,24,24,3,13,22,15,30,32,18,60,16,2,36,9,3,11,9,19,26,33,30,16,28,31,19,6,9,8,30,1,15,80,10,32,26,6,7,36,7,29,18,18,39,23,20,20,0,0,11,0,28,30,25,76,19,28,12,7,11,0,5,59,5,27,33,58,0,8,4,0,18,28,22,34,60,43
211,5,1,13,0,2,5,0,1,0,23,85,19,76,1,24,10,0,0,0,17,4,114,9,17,37,2,15,10,13,77,28,4,95,2,1,11,3,0,17,0,12,20,23,91,9,13,48,16,6,15,9,9,0,13,79,6,36,39,32,6,20,0,6,7,18,129,17,8,27,0,0,1,0,29,41,1,120,6,40,7,0,7,0,0,32,0,12,173,7,0,5,0,0,8,9,10,16,74,116
11,66,10,124,2,11,12,0,2,0,45,55,47,48,6,22,15,0,0,0,15,46,38,12,36,37,1,20,15,18,35,47,12,70,11,1,39,3,2,18,2,17,30,27,43,4,40,47,17,11,11,5,24,0,12,81,7,39,34,25,7,39,2,29,27,13,41,36,14,30,0,1,5,0,30,51,21,79,12,39,17,8,9,0,2,77,1,23,30,71,0,11,2,0,10,30,21,44,71,49
238,2,0,9,0,0,0,0,0,0,35,74,22,87,0,25,6,0,0,0,12,5,148,3,17,31,0,15,12,6,75,25,1,120,3,0,14,0,0,11,0,13,18,21,114,1,12,54,14,2,11,12,12,0,14,94,4,32,45,25,1,25,0,1,5,5,158,17,4,33,0,0,0,0,16,52,0,143,2,36,4,0,4,0,1,38,0,6,193,3,0,1,0,0,10,10,7,12,86,123
6,67,9,149,4,10,3,1,0,0,45,65,37,63,14,18,7,0,0,0,12,52,45,16,34,38,1,16,15,20,38,49,5,90,11,1,40,2,0,13,1,15,34,28,51,9,32,58,13,8,8,13,22,0,10,89,6,47,27,27,7,56,1,27,23,17,41,35,14,28,0,0,0,0,32,55,14,81,11,56,20,7,15,0,0,88,0,27,24,68,0,5,0,0,11,21,17,46,84,65
241,0,1,7,0,0,0,0,0,0,25,86,13,110,0,14,1,0,0,0,14,10,140,10,12,41,0,10,6,6,85,15,1,126,6,0,7,1,0,8,0,14,14,19,121,6,8,53,14,0,5,6,12,0,12,136,0,26,31,21,2,15,0,1,3,8,174,13,7,26,0,0,0,0,12,50,0,151,0,36,0,0,0,0,0,26,0,6,215,2,0,1,0,0,6,2,8,14,71,147
4,58,7,169,1,9,1,0,0,0,50,70,46,53,3,15,12,0,0,0,24,51,41,17,30,40,0,22,12,12,35,57,1,89,16,0,40,1,0,10,1,21,24,29,56,9,23,58,22,6,8,9,14,0,17,65,1,58,51,26,3,52,0,33,21,20,36,33,7,44,0,0,1,0,44,56,15,87,1,45,10,7,1,0,2,122,0,27,20,60,0,2,1,0,6,20,11,47,91,71
243,1,0,5,0,0,0,0,0,0,20,105,10,104,0,9,1,0,0,0,14,4,160,8,14,38,0,7,2,2,85,14,0,141,0,0,7,0,0,2,0,11,10,17,151,2,10,42,6,0,5,5,7,0,16,144,3,19,32,18,1,10,0,0,1,7,191,17,1,21,0,0,0,0,12,34,0,177,0,26,0,0,0,0,0,24,0,4,220,1,0,0,0,0,4,4,7,8,64,162
1,59,10,174,0,3,2,0,0,0,60,60,40,59,1,20,9,0,0,0,12,60,40,14,33,51,1,20,11,7,54,54,3,87,5,0,38,0,0,8,0,24,36,31,41,4,23,71,18,1,5,7,22,0,10,74,4,58,46,23,2,55,0,25,23,14,26,51,10,43,0,0,0,0,35,75,7,64,3,65,4,2,2,0,1,118,0,31,14,77,0,1,1,0,7,22,7,42,117,52
246,1,0,2,0,0,0,0,0,0,19,102,14,97,1,14,2,0,0,0,8,4,179,3,14,29,0,9,0,3,87,7,0,151,1,0,3,0,0,0,0,9,15,19,160,0,9,34,3,0,1,0,9,0,11,167,0,19,32,10,0,13,0,0,0,6,200,12,1,17,0,0,0,0,5,38,0,189,0,17,0,0,0,0,0,15,0,2,232,0,0,0,0,0,1,5,2,9,67,165
3,59,2,181,0,3,1,0,0,0,60,65,40,58,0,18,8,0,0,0,21,51,26,18,38,59,1,18,10,7,50,61,2,85,4,0,38,0,0,9,0,17,25,26,55,1,23,81,18,3,6,0,26,0,17,63,0,57,56,24,3,65,0,26,18,14,34,40,10,39,0,0,1,0,50,68,10,54,1,65,0,1,2,0,1,135,0,23,13,74,0,0,0,0,3,20,8,32,117,69
249,0,0,0,0,0,0,0,0,0,14,101,15,109,0,10,0,0,0,0,2,7,184,2,7,44,0,2,0,1,81,15,0,148,3,0,1,0,0,1,0,6,15,13,159,0,10,43,3,0,0,0,3,0,5,184,0,18,31,8,0,11,0,1,0,8,214,6,1,8,0,0,0,0,8,19,0,197,0,25,0,0,0,0,0,12,0,1,236,0,0,0,0,0,0,0,0,6,64,179
0,50,2,195,0,2,0,0,0,0,47,84,39,65,1,10,3,0,0,0,8,66,46,9,40,52,0,12,6,10,67,46,0,95,7,0,28,0,0,6,0,21,24,37,49,2,19,88,5,4,5,6,23,0,14,50,2,57,61,31,1,65,0,25,18,14,19,48,6,53,0,0,0,0,40,84,6,48,1,70,0,1,1,0,1,136,0,20,9,81,0,0,0,0,5,7,3,42,139,53
249,0,0,0,0,0,0,0,0,0,10,124,5,105,0,5,0,0,0,0,13,3,197,4,4,26,0,2,0,0,75,6,0,168,0,0,0,0,0,0,0,5,10,14,171,0,4,42,3,0,0,0,4,0,5,203,0,12,20,5,0,13,0,0,0,6,214,9,1,6,0,0,0,0,7,17,0,210,0,15,0,0,0,0,0,7,0,1,241,0,0,0,0,0,1,1,1,4,54,188
0,61,0,187,0,0,1,0,0,0,49,66,36,77,0,16,5,0,0,0,14,69,26,18,37,63,0,11,7,4,75,55,2,73,6,0,33,0,0,5,0,16,29,34,37,2,28,87,15,1,1,1,18,0,14,39,0,84,65,27,0,56,0,27,19,18,22,44,8,55,0,0,0,0,40,74,7,35,0,93,1,0,0,0,0,159,0,15,8,66,0,0,0,0,1,8,3,35,152,50
248,0,0,1,0,0,0,0,0,0,12,110,9,112,0,6,0,0,0,0,0,1,209,4,5,28,0,0,1,1,72,1,0,174,1,0,1,0,0,0,0,3,2,9,197,0,1,36,1,0,0,0,2,0,1,207,0,21,10,8,0,9,0,0,0,3,223,7,0,7,0,0,0,0,1,21,0,212,0,15,0,0,0,0,0,7,0,0,242,0,0,0,0,0,1,2,0,4,62,180
1,51,0,197,0,0,0,0,0,0,34,92,35,74,0,14,0,0,0,0,12,73,28,13,34,80,0,3,2,4,82,61,0,74,4,0,24,0,0,4,0,6,32,41,39,2,22,99,8,0,1,0,15,0,19,37,0,76,76,25,0,71,0,29,18,9,20,52,3,47,0,0,0,0,38,84,3,33,1,90,0,0,0,0,0,163,0,12,7,67,0,0,0,0,5,8,4,33,146,53
23,0,0,3,0,0,2,0,1,1,2,6,4,9,2,0,2,2,0,3,1,3,8,1,8,3,0,4,0,2,2,4,4,9,3,0,4,2,1,1,1,4,2,5,7,2,4,1,3,1,2,1,6,0,1,10,1,2,2,5,2,2,1,7,3,0,9,4,0,2,2,0,0,1,5,6,1,8,2,5,1,1,1,0,2,2,1,4,13,5,0,0,1,0,1,3,7,3,6,9
2,7,3,12,0,2,0,2,2,0,2,9,5,4,6,0,2,0,1,1,0,3,8,2,4,2,1,4,2,4,2,7,4,9,2,1,2,2,1,0,0,5,2,4,5,3,1,4,3,3,0,6,2,0,4,4,2,3,6,3,1,4,3,3,3,2,8,3,2,1,0,0,0,0,0,5,5,6,6,8,0,2,0,0,6,7,2,0,3,10,0,0,1,3,3,4,2,5,5,7
190,0,0,14,1,2,5,0,5,0,13,63,34,66,12,0,7,13,0,9,7,18,93,3,43,8,0,26,0,19,5,25,29,115,1,0,18,19,1,4,1,16,17,56,49,8,36,9,14,11,10,6,39,0,6,106,3,2,14,31,7,8,4,52,28,0,79,33,0,6,1,0,0,6,23,37,6,78,12,54,1,3,0,0,8,17,1,28,111,48,0,0,0,1,4,14,29,29,63,77
12,41,3,118,0,2,13,1,23,4,18,50,34,48,37,0,12,1,5,12,6,30,43,7,42,30,0,31,8,20,11,53,16,49,14,0,43,13,8,10,6,33,19,29,51,16,15,27,11,10,10,35,35,0,11,42,3,18,39,24,12,13,18,35,34,6,56,27,2,14,2,0,3,5,23,38,31,41,26,48,2,5,4,0,19,42,13,13,38,81,0,1,4,3,7,18,28,34,39,83
229,0,0,8,0,0,0,0,1,0,13,81,32,74,14,0,6,12,0,6,1,15,118,3,36,10,0,35,0,20,2,26,31,143,1,0,19,11,2,3,0,17,12,67,64,10,37,14,10,7,4,6,38,0,3,130,1,6,13,37,4,1,5,49,36,0,108,32,0,3,1,0,0,3,19,49,6,91,7,62,0,1,0,0,10,13,2,28,143,41,0,0,1,0,0,11,23,31,73,99
7,41,0,147,0,2,11,0,29,1,20,64,32,70,22,0,10,8,4,8,4,33,50,6,54,33,0,35,2,21,8,71,22,60,9,0,37,22,2,7,2,37,18,26,55,13,32,24,20,11,3,35,45,0,6,57,2,18,37,35,11,16,11,47,48,2,52,36,1,14,2,0,1,3,30,35,18,56,29,64,0,0,1,0,14,43,9,22,36,113,0,0,1,3,3,22,21,43,51,94
245,0,0,4,0,0,0,0,0,0,6,88,37,101,5,0,0,10,0,2,0,10,145,2,40,11,0,30,0,11,1,20,27,175,0,0,11,15,0,0,0,23,9,76,80,3,31,9,14,4,1,3,39,0,2,162,0,4,9,29,4,3,2,46,29,0,133,32,0,0,0,0,0,1,9,39,10,111,11,68,0,0,1,0,4,8,0,16,176,44,0,0,0,0,0,6,23,26,92,102
4,45,1,173,0,3,7,0,16,0,24,53,45,68,32,0,12,12,1,2,0,33,39,7,71,30,0,42,1,26,12,95,26,48,5,0,43,14,0,6,1,48,21,35,51,13,38,22,11,9,6,30,46,0,1,61,1,13,53,38,5,18,10,62,48,1,60,35,0,10,0,0,0,5,28,43,14,72,27,60,0,0,1,0,16,42,2,39,28,121,0,0,1,1,6,22,18,52,51,98
249,0,0,0,0,0,0,0,0,0,3,111,29,88,9,0,0,7,0,2,0,10,161,0,31,8,0,29,0,10,0,10,24,201,0,0,6,8,0,0,0,19,5,88,86,3,29,11,6,2,0,0,33,0,0,183,0,4,3,26,0,2,0,51,22,0,148,25,0,1,0,0,0,0,10,45,2,101,8,83,0,0,0,0,3,6,0,23,189,28,0,0,0,0,0,5,18,18,90,118
0,42,0,181,0,1,7,0,18,0,14,67,35,89,31,0,4,7,0,2,0,30,44,4,88,19,0,41,3,20,8,101,27,33,3,0,58,16,0,3,1,40,30,47,60,3,32,20,11,5,2,32,66,0,5,42,0,5,55,42,2,19,9,67,46,0,57,37,0,12,0,0,0,1,15,46,14,75,20,78,0,0,0,0,10,31,1,26,33,148,0,0,0,1,1,18,24,45,63,97
248,0,0,1,0,0,0,0,0,0,1,110,26,104,5,0,1,2,0,0,0,9,164,0,32,9,0,26,0,9,0,7,16,219,0,0,4,3,0,0,0,16,9,85,95,3,25,11,4,1,0,0,41,0,0,181,0,1,1,25,0,3,1,57,22,0,139,27,0,0,0,0,0,0,7,37,5,124,3,73,0,0,0,0,2,4,0,13,201,29,0,0,0,0,0,2,12,14,96,125
1,32,0,203,0,1,4,0,8,0,11,82,39,77,29,0,1,10,0,0,0,37,50,2,75,20,0,48,0,17,6,99,43,21,7,0,54,18,1,0,0,40,20,54,58,5,44,17,7,4,1,21,59,0,2,55,0,8,48,55,7,16,5,60,43,0,66,47,0,5,0,0,0,0,18,45,8,71,15,92,0,0,0,0,7,38,0,26,29,149,0,0,0,0,0,15,11,45,73,105
249,0,0,0,0,0,0,0,0,0,1,113,16,112,4,0,0,1,0,2,0,1,187,0,24,5,0,22,0,10,0,3,14,227,0,0,2,3,0,0,0,16,9,102,88,1,25,8,0,0,0,0,39,0,0,187,0,0,1,22,0,1,2,49,19,0,163,15,0,0,0,0,0,0,4,26,3,140,3,73,0,0,0,0,1,3,0,11,213,21,0,0,0,0,0,1,11,12,103,122
0,30,0,215,0,0,1,0,3,0,8,85,46,77,28,0,1,3,0,1,0,28,33,2,102,20,0,47,0,17,7,115,35,21,4,0,50,17,0,0,0,49,22,35,62,3,43,27,7,1,0,22,71,0,1,56,0,3,52,44,1,7,1,79,51,0,49,58,0,3,0,0,0,1,13,55,13,62,12,93,0,0,0,0,1,30,0,26,19,173,0,0,0,0,2,6,11,48,71,111
249,0,0,0,0,0,0,0,0,0,0,117,16,114,2,0,0,0,0,0,0,5,193,0,28,4,0,13,0,6,0,5,8,232,0,0,1,3,0,0,0,10,11,97,95,0,26,6,4,0,0,0,25,0,0,209,0,0,1,14,0,0,0,53,18,0,164,14,0,0,0,0,0,0,2,36,2,125,2,82,0,0,0,0,2,2,0,9,213,23,0,0,0,0,0,1,5,11,97,135
0,26,0,219,0,0,0,0,4,0,6,94,40,85,21,0,0,3,0,0,0,34,36,1,90,12,0,67,0,9,2,113,38,16,0,0,66,14,0,0,0,41,22,48,65,5,37,23,6,2,0,18,79,0,0,39,0,2,61,50,0,10,1,78,46,0,56,57,0,1,0,0,0,1,11,44,8,84,10,91,0,0,0,0,5,21,1,21,20,181,0,0,0,0,1,3,17,43,83,102
249,0,0,0,0,0,0,0,0,0,0,110,19,117,3,0,0,0,0,0,0,0,212,0,14,0,0,20,0,3,0,2,5,242,0,0,0,0,0,0,0,9,6,103,102,0,22,7,0,0,0,0,27,0,0,208,0,0,1,13,0,0,0,41,12,0,182,14,0,0,0,0,0,0,0,19,0,142,2,86,0,0,0,0,0,3,0,7,218,21,0,0,0,0,0,0,5,7,87,150
0,15,0,231,0,0,0,0,3,0,3,96,32,89,27,0,1,1,0,0,0,32,21,0,111,12,0,56,0,17,4,127,44,6,0,0,57,11,0,0,0,35,17,61,71,0,31,31,3,0,0,15,90,0,1,39,0,0,41,63,0,5,2,89,63,0,41,48,0,1,0,0,0,0,15,56,2,67,10,99,0,0,0,0,2,19,0,29,21,178,0,0,0,0,0,3,16,47,95,88
249,0,0,0,0,0,0,0,0,0,0,103,16,125,5,0,0,0,0,0,0,0,221,0,12,3,0,12,0,1,0,5,3,240,0,0,1,0,0,0,0,9,2,112,110,0,13,3,0,0,0,0,22,0,0,220,0,0,0,7,0,0,0,45,11,0,186,7,0,0,0,0,0,0,0,27,1,142,1,78,0,0,0,0,1,1,0,12,221,14,0,0,0,0,0,0,1,6,87,155
0,15,0,232,0,0,0,0,2,0,5,105,30,89,18,0,2,0,0,0,0,19,15,0,127,18,0,52,0,18,3,131,46,8,1,0,55,5,0,0,0,39,13,53,76,4,41,20,2,1,0,19,92,0,1,27,0,2,57,51,0,2,1,96,52,0,45,52,0,1,0,0,0,0,7,50,6,80,7,99,0,0,0,0,2,20,0,21,15,191,0,0,0,0,0,5,10,47,100,87
17,2,0,6,0,1,1,1,1,1,2,10,8,4,0,0,3,1,1,1,1,4,7,1,4,3,3,2,4,1,3,2,5,13,0,0,4,0,1,2,1,1,4,7,5,0,3,3,4,2,0,2,5,1,5,7,2,3,3,2,1,1,1,4,3,1,9,3,3,4,1,2,0,1,5,3,2,9,5,2,0,1,1,0,1,5,3,2,11,6,1,0,0,1,0,3,2,3,6,14
3,6,2,6,0,0,7,0,4,2,3,4,5,6,6,2,3,0,0,1,0,2,4,2,7,4,4,3,0,4,5,7,3,6,3,0,3,1,1,1,3,1,3,2,4,4,4,1,4,4,1,3,1,0,7,4,2,3,6,3,1,5,2,3,4,4,5,3,0,3,0,1,2,0,4,7,7,6,1,2,0,0,2,0,3,8,1,3,8,5,0,2,0,3,2,5,2,4,4,8
167,8,0,26,0,1,5,5,4,1,15,81,71,30,2,1,14,1,1,1,14,33,50,6,23,36,19,7,21,8,26,16,20,113,4,0,30,0,6,2,17,9,29,46,41,1,20,16,23,15,0,15,32,1,45,59,13,19,27,6,14,6,8,29,22,6,100,16,4,12,0,16,2,0,37,23,9,82,24,24,0,0,0,0,4,25,26,12,111,39,0,1,0,4,1,10,6,15,48,132
20,54,1,76,0,8,21,8,22,7,20,55,51,39,18,5,18,1,3,7,0,24,47,9,42,28,21,13,14,19,35,63,20,47,8,0,31,1,3,9,15,8,22,35,36,19,24,16,24,18,3,26,30,6,47,44,9,26,22,4,2,21,17,32,36,9,35,26,13,26,1,11,8,4,37,41,26,49,21,19,0,0,5,0,15,42,15,18,53,69,2,2,0,8,3,37,18,42,44,61
212,6,0,14,0,2,3,0,1,0,7,107,83,34,1,0,6,0,0,0,28,30,57,4,18,48,22,4,19,8,23,11,12,165,3,0,23,0,0,1,11,2,42,59,52,2,20,20,18,12,0,15,33,1,55,86,8,14,21,5,21,5,2,16,21,7,144,11,4,7,0,9,1,0,30,28,12,110,20,28,0,0,0,0,1,19,19,6,140,53,0,0,0,1,0,13,2,12,49,161
10,65,1,102,0,8,17,10,23,2,21,70,54,46,10,8,24,0,0,5,1,44,46,7,49,19,29,5,17,21,47,85,20,39,6,0,36,0,0,5,14,15,17,39,53,13,32,21,16,18,0,25,37,1,46,52,14,25,30,8,1,16,13,52,54,6,41,30,4,21,0,16,3,2,56,44,37,56,14,10,0,0,0,0,18,47,26,34,46,67,0,1,0,3,2,36,16,61,63,56
236,1,0,8,0,0,3,1,0,0,4,98,92,46,3,0,6,0,0,0,24,24,73,1,16,52,24,1,23,11,23,8,8,186,0,0,24,0,0,0,7,5,30,70,66,4,25,16,16,10,0,7,34,0,55,105,12,11,22,3,25,2,6,16,17,4,161,12,3,3,0,4,0,0,34,33,8,129,9,32,0,0,0,0,0,14,13,2,173,47,0,0,0,1,0,9,2,3,34,200
8,82,2,125,0,4,8,4,15,1,20,96,71,38,9,1,11,0,0,3,16,26,36,5,75,39,17,6,15,14,50,98,15,36,5,0,43,0,2,0,14,7,25,35,59,5,32,30,21,21,1,30,34,3,48,57,10,30,35,1,13,15,12,46,46,5,52,38,7,15,0,9,0,0,67,43,31,68,18,13,0,0,0,0,7,64,16,25,48,89,0,0,0,3,0,41,10,43,111,41
235,1,0,13,0,0,0,0,0,0,3,117,92,34,1,0,2,0,0,0,16,21,76,0,27,64,27,0,12,6,24,9,6,192,2,0,16,0,0,0,11,6,24,74,71,4,21,13,16,9,0,9,33,1,65,109,5,5,19,3,18,0,3,8,23,2,179,12,0,4,0,6,0,0,31,17,5,133,14,43,0,0,0,0,0,13,8,1,189,38,0,0,0,0,0,5,2,4,33,205
11,75,0,142,0,1,9,0,11,0,14,94,72,45,8,0,16,0,0,0,14,45,47,5,41,31,20,8,18,20,48,87,15,46,3,0,50,0,0,0,14,10,33,37,55,8,30,26,27,9,0,29,42,0,45,59,5,29,39,1,27,7,8,45,58,7,33,42,3,19,0,12,1,0,62,51,20,71,20,12,0,0,0,0,6,47,15,16,44,121,0,0,0,2,0,40,11,44,115,37
243,0,0,5,0,0,0,0,1,0,0,119,82,45,0,0,3,0,0,0,5,31,79,0,32,55,20,1,16,10,16,7,4,208,0,0,14,0,0,0,7,2,35,69,82,2,17,11,18,6,0,7,24,0,67,127,3,8,11,2,9,0,0,8,16,1,203,9,0,3,0,2,0,0,37,12,1,155,8,34,0,0,0,0,0,5,6,1,196,41,0,0,0,0,0,3,0,1,33,212
4,68,0,158,0,5,9,0,5,0,10,92,81,46,9,0,11,0,0,0,19,34,57,1,51,35,14,3,17,18,56,102,14,23,2,0,51,0,0,1,15,8,23,31,64,5,39,35,17,12,0,12,32,0,58,59,11,23,52,2,26,4,3,53,80,4,22,34,6,17,0,7,2,0,67,61,22,47,18,25,0,0,1,0,1,63,11,20,38,115,0,0,0,2,0,32,8,43,132,32
247,0,0,2,0,0,0,0,0,0,0,112,106,31,0,0,0,0,0,0,8,26,106,0,27,53,16,0,4,9,12,0,1,224,0,0,12,0,0,0,10,3,24,77,87,2,19,10,11,6,0,5,29,0,59,138,1,6,11,0,3,0,0,6,17,0,213,8,0,2,0,0,0,0,24,21,1,169,4,30,0,0,0,0,0,1,3,1,203,41,0,0,0,0,0,1,0,0,27,221
1,72,0,167,0,1,3,0,5,0,11,100,78,50,3,0,7,0,0,0,7,34,38,4,61,42,25,1,23,14,63,107,12,20,0,0,47,0,0,0,12,1,25,34,68,8,29,34,25,13,0,20,39,0,67,52,8,24,38,1,28,7,5,50,75,0,25,40,3,16,0,6,1,0,77,54,11,58,16,26,0,0,0,0,1,58,12,11,39,128,0,0,0,0,0,36,6,49,132,26
249,0,0,0,0,0,0,0,0,0,1,121,94,33,0,0,0,0,0,0,3,28,107,0,34,48,10,0,12,7,8,0,2,232,0,0,7,0,0,0,4,0,35,84,86,1,18,3,14,4,0,6,20,0,44,157,1,6,15,0,4,0,0,10,21,0,213,1,0,0,0,0,0,0,23,13,1,180,3,29,0,0,0,0,0,1,4,0,210,34,0,0,0,0,0,0,0,0,14,235
0,68,0,177,0,0,1,0,3,0,4,103,90,47,3,0,2,0,0,0,6,38,53,0,52,40,21,3,12,24,68,99,12,13,0,0,57,0,0,0,12,2,20,46,71,8,26,32,23,9,0,12,30,0,77,50,2,24,54,0,9,5,4,68,67,1,26,52,0,17,0,1,0,0,80,55,15,47,13,38,0,0,0,0,0,64,13,9,35,128,0,0,0,0,0,29,5,33,169,13
248,0,0,1,0,0,0,0,0,0,0,110,113,26,0,0,0,0,0,0,1,30,105,1,36,55,9,0,5,7,7,1,1,236,0,0,4,0,0,0,1,0,25,78,106,0,14,7,15,3,0,3,17,0,65,144,3,7,10,0,0,2,0,0,5,0,236,5,0,1,0,0,0,0,16,14,1,199,6,13,0,0,0,0,0,2,3,0,228,16,0,0,0,0,0,0,0,1,19,229
1,54,0,191,0,0,1,0,2,0,3,114,79,50,1,0,2,0,0,0,1,54,62,1,49,39,19,1,8,15,58,117,8,12,0,0,54,0,0,0,8,3,33,44,56,5,26,42,20,12,0,21,38,0,66,72,2,16,34,0,9,5,3,66,95,1,10,50,1,9,0,5,0,0,93,52,15,32,7,45,0,0,0,0,0,45,9,7,17,171,0,0,0,0,0,24,5,36,164,20
249,0,0,0,0,0,0,0,0,0,0,138,94,17,0,0,0,0,0,0,0,24,123,0,33,44,14,0,4,7,4,0,0,238,0,0,7,0,0,0,1,0,20,81,110,1,12,14,6,4,0,5,20,0,57,156,0,4,7,0,0,0,0,0,3,0,241,5,0,0,0,0,0,0,24,4,0,207,2,12,0,0,0,0,0,0,0,0,231,18,0,0,0,0,0,0,0,0,11,238
0,65,0,183,0,0,0,0,1,0,0,100,98,51,0,0,0,0,0,0,1,45,46,0,72,45,19,0,11,10,47,129,7,10,0,0,56,0,0,0,3,5,18,54,81,2,29,38,12,7,0,14,36,0,90,51,1,13,44,0,2,3,1,72,108,0,6,46,0,11,0,0,0,0,88,64,11,30,5,51,0,0,0,0,0,47,6,4,17,175,0,0,0,0,0,20,2,25,192,10
