20,2,1,4,1,1,0,0,1,0,5,10,2,2,3,1,3,1,1,2,2,3,11,1,8,2,2,1,0,0,3,7,4,9,1,0,3,1,1,1,1,4,4,1,7,2,0,5,2,4,0,1,4,0,5,9,2,4,2,3,2,2,1,4,6,1,9,4,0,1,0,0,3,1,6,1,3,7,6,3,1,1,2,0,2,4,4,1,13,2,0,0,1,0,4,1,3,8,4,9
6,12,0,9,2,0,1,0,0,0,2,7,3,5,2,1,6,1,2,1,0,12,5,1,4,5,0,2,1,0,4,7,1,8,1,1,5,0,1,2,0,2,5,2,5,5,3,2,4,2,1,2,3,1,1,4,1,5,9,3,1,2,0,3,2,1,10,6,2,3,0,2,2,2,5,5,4,7,2,1,0,0,2,0,2,7,2,6,5,6,1,0,1,0,5,4,5,5,3,6
205,2,1,7,2,0,0,0,0,0,29,98,17,21,12,4,26,2,4,4,13,28,97,5,39,20,12,3,0,0,10,36,10,96,7,0,40,7,5,6,2,26,17,14,60,23,14,38,14,9,1,4,19,0,19,76,6,31,33,28,9,5,2,14,41,4,95,40,1,6,0,1,21,1,53,20,23,68,19,11,0,0,4,0,10,30,18,17,110,28,0,0,3,0,25,6,17,60,29,77
11,107,3,88,3,2,1,0,2,0,22,51,23,36,23,16,33,2,6,5,2,65,44,15,32,30,11,13,5,0,32,45,15,59,12,0,41,3,6,4,3,25,34,13,45,14,23,37,10,13,6,16,25,1,14,39,1,43,41,31,2,11,10,28,48,4,50,48,4,12,0,5,9,3,55,28,17,59,20,21,2,2,7,3,11,52,18,30,33,59,0,0,5,1,18,8,14,69,34,68
227,6,0,4,1,0,0,0,0,0,20,127,17,28,13,3,27,1,0,2,7,24,122,7,43,24,7,4,0,0,8,37,12,141,3,0,33,0,2,2,3,27,23,12,75,17,25,39,9,8,2,2,19,0,13,99,1,34,47,21,3,5,4,6,31,0,138,46,1,4,0,2,15,0,58,18,6,105,19,15,0,0,1,0,7,36,14,16,127,37,0,0,0,0,26,5,6,78,24,99
9,125,2,99,1,2,0,0,0,0,29,58,19,44,25,7,49,1,3,3,3,78,55,15,41,27,7,9,3,0,32,76,9,56,10,0,42,7,2,4,2,14,25,23,54,19,38,48,5,10,4,7,21,0,29,54,2,33,59,29,0,11,4,38,67,3,40,58,3,14,0,4,15,1,66,27,22,67,14,22,1,0,6,0,8,66,11,28,55,63,0,0,4,1,19,6,17,76,41,74
247,2,0,0,0,0,0,0,0,0,16,160,10,23,12,0,23,1,4,0,2,24,160,2,39,15,5,2,0,0,2,30,7,162,2,0,42,0,3,1,0,33,23,10,93,20,25,39,2,4,0,0,10,0,18,106,0,45,50,20,2,2,0,3,27,0,167,44,0,4,0,1,16,0,65,12,8,121,14,12,0,0,0,0,2,42,7,10,153,35,0,0,0,0,17,1,5,82,22,122
1,133,0,114,1,0,0,0,0,0,24,51,18,61,33,4,53,1,2,2,2,93,51,15,41,38,5,4,0,0,29,86,11,60,11,0,48,2,0,2,1,26,37,11,74,17,33,43,3,4,1,6,27,1,24,61,0,31,66,32,3,6,3,28,87,4,30,71,0,17,0,0,12,0,78,34,18,62,16,29,0,0,1,0,8,77,8,20,62,73,0,0,3,1,15,4,14,84,49,79
248,1,0,0,0,0,0,0,0,0,18,180,4,16,8,1,21,1,0,0,0,24,194,3,19,7,2,0,0,0,0,27,5,164,1,0,51,0,1,0,2,14,30,12,115,9,17,46,1,3,0,1,3,0,13,138,0,35,36,23,1,0,0,3,33,0,158,53,0,1,0,0,6,0,66,9,11,138,13,6,0,0,2,0,2,38,7,6,163,31,0,0,0,0,11,0,8,81,13,136
1,124,0,123,1,0,0,0,0,0,42,42,26,52,26,3,54,1,3,0,2,99,35,13,42,51,2,5,0,0,31,77,5,60,10,0,62,2,1,1,0,19,28,11,62,21,45,55,3,5,0,7,23,0,20,51,1,29,83,35,0,9,0,36,84,1,41,71,0,7,0,1,4,1,78,21,17,74,14,39,0,0,0,0,4,75,11,23,50,86,0,0,1,0,15,3,9,106,39,76
249,0,0,0,0,0,0,0,0,0,17,184,5,17,6,0,20,0,0,0,0,13,205,2,22,7,0,0,0,0,2,18,2,182,0,0,45,0,0,0,0,14,25,9,123,14,22,39,2,1,0,1,8,0,12,143,0,26,40,19,0,0,0,0,27,0,177,45,0,0,0,0,4,0,78,10,5,139,10,3,0,0,0,0,0,27,5,12,188,17,0,0,0,0,4,0,4,91,9,141
0,135,0,114,0,0,0,0,0,0,30,45,26,62,30,7,44,1,4,0,0,114,27,11,44,44,6,2,1,0,26,103,5,50,6,0,59,0,0,0,0,15,30,9,70,20,58,40,3,4,0,2,28,0,30,54,1,31,83,20,0,3,1,24,92,0,37,84,0,8,0,2,9,0,94,22,12,68,9,33,0,0,1,0,3,83,6,18,30,108,0,0,0,0,17,0,5,106,40,81
249,0,0,0,0,0,0,0,0,0,10,204,2,16,4,0,13,0,0,0,0,11,213,1,16,7,1,0,0,0,0,18,4,192,1,0,34,0,0,0,0,17,10,5,142,13,14,47,1,0,0,0,6,0,4,141,0,34,44,20,0,0,0,0,22,0,187,40,0,0,0,0,1,0,73,8,2,154,7,4,0,0,0,0,0,20,4,6,188,31,0,0,0,0,3,0,0,86,13,147
0,112,1,136,0,0,0,0,0,0,28,25,19,73,43,1,58,0,1,1,0,124,27,12,49,32,3,2,0,0,19,91,3,44,7,0,85,0,0,0,1,15,31,10,72,11,52,55,0,2,0,2,20,0,18,53,0,37,94,25,0,2,1,30,93,0,32,88,0,3,0,0,5,0,113,19,6,76,9,21,0,0,0,0,2,88,8,20,36,95,0,0,0,0,14,2,4,114,31,84
249,0,0,0,0,0,0,0,0,0,7,220,0,7,2,0,13,0,0,0,0,5,220,0,21,3,0,0,0,0,0,15,3,197,0,0,34,0,0,0,0,15,14,9,159,3,13,36,0,0,0,0,4,0,8,160,0,25,38,14,0,0,0,0,21,0,179,49,0,0,0,0,2,0,61,10,0,172,4,0,0,0,0,0,0,18,4,5,199,23,0,0,0,0,3,0,0,87,6,153
0,111,0,138,0,0,0,0,0,0,34,18,18,75,34,0,70,0,0,0,0,128,25,9,51,35,1,0,0,0,20,88,3,43,4,0,90,0,0,1,0,19,30,9,61,17,60,51,1,1,0,1,23,0,22,55,0,31,100,17,0,0,0,18,85,0,42,103,0,1,0,0,2,0,120,11,12,63,5,36,0,0,0,0,1,98,6,20,32,92,0,0,0,0,8,0,3,128,27,83
249,0,0,0,0,0,0,0,0,0,4,220,2,6,2,0,15,0,0,0,0,6,226,0,15,2,0,0,0,0,0,7,1,206,0,0,35,0,0,0,0,11,5,4,178,5,13,33,0,0,0,0,5,0,8,159,0,21,44,12,0,0,0,1,17,0,196,35,0,0,0,0,1,0,66,5,1,167,3,6,0,0,0,0,1,13,1,4,205,25,0,0,0,0,0,0,0,90,4,155
0,106,0,143,0,0,0,0,0,0,30,18,14,78,39,0,69,0,1,0,0,152,22,6,39,30,0,0,0,0,11,102,2,40,1,0,93,0,0,0,0,11,36,7,58,15,63,59,0,0,0,0,20,0,19,63,0,26,109,12,0,1,0,26,90,0,28,102,0,2,0,0,1,0,132,11,6,73,6,20,0,0,0,0,3,98,4,9,34,101,0,0,0,0,7,1,1,136,25,79
249,0,0,0,0,0,0,0,0,0,2,225,0,8,1,0,13,0,0,0,0,6,234,0,8,1,0,0,0,0,0,8,1,208,0,0,32,0,0,0,0,9,11,4,187,4,14,20,0,0,0,0,2,0,4,180,0,22,33,8,0,0,0,0,26,0,188,35,0,0,0,0,1,0,64,3,1,175,3,2,0,0,0,0,0,14,0,0,210,25,0,0,0,0,3,0,0,71,4,171
0,119,0,130,0,0,0,0,0,0,31,18,17,82,36,1,64,0,0,0,0,155,15,8,43,28,0,0,0,0,11,98,1,37,1,0,101,0,0,0,0,8,42,9,52,19,61,57,1,0,0,0,20,0,12,38,0,39,120,20,0,0,0,14,98,0,41,95,0,1,0,0,2,0,149,12,4,62,5,15,0,0,0,0,3,89,1,15,27,114,0,0,0,0,2,0,0,146,32,69
18,1,2,7,0,0,0,0,0,2,4,14,4,3,0,0,2,0,1,2,0,3,12,1,3,7,3,1,0,0,3,7,3,7,4,0,4,1,0,1,0,3,7,2,4,2,2,7,2,1,1,1,1,2,3,10,0,1,6,5,1,4,2,4,2,0,10,2,2,3,0,2,1,3,5,2,3,9,4,1,0,1,0,0,2,3,3,2,15,4,0,0,0,0,1,3,1,3,8,14
6,8,2,9,2,0,2,0,1,0,4,8,3,6,4,2,2,0,0,1,0,6,4,2,7,1,5,1,3,1,1,6,3,7,4,0,4,2,0,3,3,4,4,1,5,4,3,2,1,3,3,2,3,1,3,7,0,3,4,4,1,1,2,4,4,0,5,7,2,4,0,0,1,0,2,4,5,7,3,8,0,0,2,2,1,4,2,4,6,9,1,1,0,4,0,3,4,9,2,6
168,7,2,36,1,0,3,0,0,0,17,141,16,20,6,3,6,0,4,4,0,19,114,5,20,31,19,1,4,4,27,48,13,75,26,0,23,4,0,1,1,14,45,8,44,20,14,52,15,4,3,4,15,3,16,84,0,6,53,33,1,5,14,36,10,0,105,20,12,14,0,3,2,13,37,18,23,69,30,22,0,0,1,2,6,12,8,13,145,30,0,0,0,1,3,5,8,34,55,111
23,48,16,120,4,0,5,0,1,0,36,45,49,36,23,5,18,1,4,0,0,54,25,1,49,39,19,11,13,6,10,41,13,66,24,0,43,11,3,6,2,14,45,16,50,22,13,29,15,11,4,12,12,3,21,50,0,36,42,37,5,21,9,41,25,0,44,44,14,14,0,2,4,7,32,26,32,51,26,37,0,2,3,7,12,34,5,22,35,97,0,0,0,7,12,21,29,61,31,56
189,6,3,39,0,0,1,0,0,0,16,173,18,15,11,1,2,0,2,0,0,17,144,0,20,25,26,1,2,3,15,48,10,111,26,0,27,1,0,0,0,4,55,7,64,11,14,64,18,1,1,2,13,0,21,103,0,7,64,27,0,11,12,38,5,0,137,15,12,8,0,3,1,3,32,11,22,102,34,30,0,1,0,1,3,8,1,8,191,25,0,0,0,3,0,2,5,35,41,152
32,40,5,154,2,0,4,0,0,1,36,49,67,45,18,3,19,0,1,0,0,66,33,2,55,53,16,7,3,3,21,63,14,60,27,0,49,2,0,2,0,18,36,10,74,25,11,35,23,6,2,7,18,0,18,58,1,33,54,47,3,20,1,44,26,0,53,59,11,21,0,2,1,10,55,21,30,51,32,36,0,0,3,2,12,36,6,20,31,128,0,0,0,4,5,9,29,84,54,53
224,7,3,15,0,0,0,0,0,0,10,204,18,9,7,0,0,0,1,0,0,16,172,1,19,20,18,1,1,1,16,58,7,133,23,0,12,0,0,0,0,9,59,7,94,14,1,57,8,0,0,0,7,0,22,108,0,11,74,27,0,2,8,30,6,0,170,23,6,4,0,0,0,1,41,8,28,121,20,30,0,0,0,0,1,6,2,6,222,12,0,0,0,0,3,1,2,34,56,153
16,43,8,181,0,0,0,0,1,0,39,33,68,52,31,2,21,1,2,0,0,75,24,0,67,55,18,7,2,1,18,62,12,62,31,0,61,3,0,0,0,19,51,17,64,17,18,36,24,3,0,5,20,3,16,54,0,36,71,44,1,17,5,49,26,0,47,73,12,19,0,4,1,3,60,27,35,64,31,24,0,0,1,2,7,41,2,18,19,159,0,0,0,2,4,12,32,83,56,60
230,0,0,19,0,0,0,0,0,0,3,230,11,4,1,0,0,0,0,0,0,17,175,0,18,23,16,0,0,0,9,51,3,146,19,0,18,3,0,0,0,6,49,5,95,15,6,70,3,0,0,0,1,0,16,140,0,4,67,21,0,0,2,24,11,0,196,10,2,4,0,0,0,3,32,12,26,132,16,28,0,0,0,0,1,7,2,3,231,5,0,0,0,1,0,0,1,29,49,169
17,35,3,194,0,0,0,0,0,0,27,18,84,67,37,0,16,0,0,0,0,83,35,0,65,46,14,1,5,0,14,58,15,65,27,0,62,6,1,1,0,14,51,6,80,22,12,50,11,3,0,1,16,0,12,52,0,32,96,40,0,17,3,68,18,0,36,87,10,10,0,1,0,2,62,22,35,50,26,51,0,0,1,0,6,35,3,18,14,172,0,0,0,0,0,4,11,116,56,62
228,2,0,19,0,0,0,0,0,0,1,243,4,1,0,0,0,0,0,0,0,13,190,0,19,15,11,0,1,0,5,60,2,160,13,0,9,0,0,0,0,2,41,0,117,10,11,65,3,0,0,0,4,0,9,135,0,7,73,21,0,0,2,16,6,0,213,9,3,0,0,0,0,2,30,8,23,147,14,25,0,0,0,0,0,0,0,0,241,8,0,0,0,0,0,1,0,31,40,177
17,23,1,208,0,0,0,0,0,0,42,4,86,72,31,1,13,0,0,0,0,84,33,0,52,68,9,2,1,0,12,49,7,72,34,0,75,0,0,0,0,14,56,9,85,18,6,47,14,0,0,2,11,0,20,61,0,25,99,31,0,10,5,65,31,0,30,88,6,14,0,0,0,6,63,17,48,46,25,44,0,0,0,2,5,35,3,9,8,187,0,0,0,0,0,2,12,97,73,65
240,0,0,9,0,0,0,0,0,0,1,244,2,2,0,0,0,0,0,0,0,12,198,0,13,17,8,0,1,0,3,36,0,187,13,0,10,0,0,0,0,2,46,2,124,9,4,62,0,0,0,0,3,0,9,147,0,4,71,15,0,0,1,12,4,0,218,11,1,2,0,0,0,2,29,3,22,156,11,26,0,0,0,0,0,3,0,2,236,8,0,0,0,0,0,0,0,21,35,193
9,19,1,220,0,0,0,0,0,0,38,5,107,58,39,0,2,0,0,0,0,81,22,0,68,62,14,1,0,1,19,67,6,49,22,0,86,0,0,0,0,8,66,6,85,19,11,48,5,1,0,3,8,0,14,51,0,22,113,38,0,10,5,68,27,0,27,94,2,16,0,0,0,3,73,12,47,65,19,30,0,0,0,0,1,28,2,12,12,194,0,0,0,0,0,1,11,121,73,43
241,0,0,8,0,0,0,0,0,0,1,248,0,0,0,0,0,0,0,0,0,9,210,0,16,10,4,0,0,0,2,52,0,179,9,0,7,0,0,0,0,1,46,0,126,6,2,67,1,0,0,0,1,0,3,163,0,4,62,16,0,1,0,15,2,0,226,4,1,0,0,0,0,1,28,3,13,172,11,21,0,0,0,0,0,0,1,0,247,1,0,0,0,0,0,0,0,24,25,200
8,16,1,224,0,0,0,0,0,0,31,1,116,64,29,0,8,0,0,0,0,84,23,0,61,72,8,1,0,0,17,72,7,57,23,0,73,0,0,0,0,9,68,2,88,14,6,56,6,0,0,0,6,0,16,52,0,19,125,31,0,2,0,76,25,0,22,113,1,10,0,0,0,0,75,12,45,49,26,42,0,0,0,0,3,23,0,13,2,208,0,0,0,0,0,2,11,125,72,39
244,0,0,5,0,0,0,0,0,0,0,248,1,0,0,0,0,0,0,0,0,8,227,0,7,3,4,0,0,0,0,35,0,200,4,0,10,0,0,0,0,3,38,0,143,2,2,61,0,0,0,0,0,0,3,162,0,1,76,7,0,0,0,14,0,0,229,6,0,0,0,0,0,0,30,0,15,180,7,17,0,0,0,0,0,0,0,1,246,2,0,0,0,0,0,0,0,15,24,210
4,15,0,230,0,0,0,0,0,0,44,1,118,53,26,0,7,0,0,0,0,102,14,0,69,55,9,0,0,0,14,74,1,45,24,0,91,0,0,0,0,4,76,6,87,13,10,48,5,0,0,0,6,0,10,56,0,19,127,31,0,5,1,83,22,0,19,110,1,8,0,0,0,1,71,10,59,45,21,42,0,0,0,0,4,31,0,10,3,201,0,0,0,0,0,0,5,124,83,37
245,0,0,4,0,0,0,0,0,0,0,246,2,1,0,0,0,0,0,0,0,3,229,0,9,5,3,0,0,0,1,35,0,207,5,0,1,0,0,0,0,3,32,1,161,6,1,45,0,0,0,0,0,0,1,144,0,8,91,5,0,0,0,7,0,0,240,2,0,0,0,0,0,0,23,1,15,187,8,15,0,0,0,0,0,0,0,0,247,2,0,0,0,0,0,0,1,4,28,216
4,11,0,234,0,0,0,0,0,0,31,3,124,66,22,0,3,0,0,0,0,97,8,0,72,67,5,0,0,0,10,73,1,38,35,0,92,0,0,0,0,7,83,1,68,11,11,62,6,0,0,0,7,0,3,70,0,13,126,30,0,4,0,70,25,0,9,131,1,9,0,0,0,1,82,12,53,44,21,36,0,0,0,0,0,22,1,13,2,211,0,0,0,0,0,0,3,132,83,31
21,2,0,4,1,0,1,0,0,1,1,17,1,5,1,4,0,1,0,0,1,3,12,1,3,6,1,0,2,1,7,3,2,12,3,0,1,0,1,1,0,3,8,1,1,2,3,8,2,2,0,1,3,1,1,12,0,2,8,2,4,2,0,4,0,1,11,5,1,2,0,1,5,1,3,2,2,9,2,5,2,1,2,1,2,3,2,2,13,2,0,1,1,2,2,5,3,2,8,6
3,13,3,5,1,2,2,0,0,1,1,4,2,6,4,6,3,0,2,2,0,6,7,4,4,1,1,3,3,1,0,9,3,4,4,0,7,2,0,1,0,2,2,2,10,5,3,2,2,2,0,3,2,2,0,8,0,8,5,2,1,4,2,7,5,0,4,2,0,5,0,1,1,3,4,3,3,6,2,7,1,2,4,1,3,4,1,4,4,6,1,0,1,1,3,3,1,3,6,11
177,18,2,15,2,1,0,0,0,2,4,138,5,23,9,31,4,2,0,1,2,23,119,7,20,26,1,6,8,5,42,34,13,74,18,0,33,2,0,1,0,23,51,8,38,21,14,45,11,6,0,3,12,3,9,106,0,23,50,11,9,20,2,45,6,2,102,20,0,11,0,4,13,4,35,10,6,89,10,46,4,4,17,5,15,29,8,20,97,18,0,3,2,6,4,28,10,18,74,72
18,99,9,74,8,1,5,0,0,3,25,33,42,41,24,23,11,4,11,3,0,46,32,18,48,39,0,11,17,6,36,53,12,54,18,0,31,6,2,5,1,24,43,6,42,23,21,33,19,5,1,8,23,1,7,58,2,56,42,19,17,17,5,50,21,3,51,28,2,23,0,5,13,5,44,16,18,58,14,44,3,8,10,10,21,53,7,19,35,51,0,1,6,7,17,25,8,35,50,68
218,9,0,11,0,0,0,0,0,0,2,182,3,22,10,17,0,0,2,0,0,27,133,5,35,26,0,6,4,2,40,33,5,109,13,1,37,0,0,0,0,17,67,7,62,26,8,33,18,0,0,1,10,2,4,145,0,34,37,5,5,13,0,56,5,0,141,12,0,6,0,0,8,2,48,13,1,122,4,40,0,3,3,5,14,35,6,21,138,13,0,0,1,6,7,28,7,21,93,75
19,127,4,87,1,0,0,0,0,0,31,29,43,58,31,39,4,0,3,0,1,48,52,17,59,41,0,9,10,1,41,47,12,66,18,0,52,1,1,0,0,23,51,10,43,40,16,41,9,5,0,1,22,2,7,58,0,69,65,14,9,20,7,75,25,1,46,35,1,19,0,7,9,9,51,11,19,69,7,56,3,4,13,3,23,58,8,34,33,59,0,0,9,3,7,24,7,32,59,97
239,5,0,5,0,0,0,0,0,0,4,197,6,15,13,12,1,1,0,0,0,23,164,3,28,22,0,3,5,1,30,30,2,150,12,0,25,0,0,0,0,20,71,5,77,22,3,43,8,0,0,2,6,0,3,161,0,22,47,8,4,14,0,59,9,0,153,10,0,0,0,0,5,0,36,8,1,162,4,33,1,2,7,2,10,38,5,21,154,9,0,0,1,2,3,15,3,14,103,108
9,149,2,88,1,0,0,0,0,0,43,31,57,55,32,25,3,0,3,0,0,52,37,16,92,38,0,9,3,2,49,60,9,61,14,0,53,0,1,2,0,15,60,11,58,35,14,42,12,2,0,1,23,1,3,59,0,74,77,11,8,15,2,90,25,1,53,36,0,19,0,1,11,4,63,13,8,59,6,84,0,3,8,1,20,84,4,27,36,66,0,0,1,2,2,25,6,42,68,103
242,4,0,3,0,0,0,0,0,0,1,212,0,17,6,12,1,0,0,0,0,24,169,3,22,28,0,2,1,0,28,37,4,151,8,0,21,0,0,0,0,9,67,3,86,15,8,59,2,0,0,0,4,0,1,188,0,16,36,4,1,11,2,56,10,0,161,5,0,3,0,0,5,0,43,4,0,169,1,27,1,0,6,0,14,33,0,15,166,14,0,0,0,0,1,12,2,15,103,116
6,150,1,91,0,0,1,0,0,0,38,24,62,49,42,32,1,0,1,0,0,43,49,12,75,56,0,3,9,2,57,61,8,61,12,1,49,0,0,0,0,18,72,8,71,18,18,33,9,2,0,1,16,0,5,42,0,78,95,12,3,23,4,77,31,0,46,51,0,14,0,5,2,0,82,13,14,58,2,73,0,5,2,2,19,89,2,24,41,65,0,0,0,0,10,24,6,28,74,107
246,1,0,2,0,0,0,0,0,0,0,227,0,11,3,8,0,0,0,0,0,13,195,0,24,16,0,0,1,0,31,35,1,155,6,0,21,0,0,0,0,6,67,3,84,18,9,59,3,0,0,0,2,0,0,205,0,14,26,2,0,11,0,63,6,0,164,3,0,2,0,0,4,0,28,6,0,185,1,25,0,0,4,1,9,36,2,8,178,11,0,0,0,0,0,10,3,14,99,123
3,157,0,89,0,0,0,0,0,0,46,13,61,64,35,29,1,0,0,0,0,69,31,8,86,46,0,2,7,0,49,56,6,60,21,0,57,0,0,0,0,14,76,8,81,22,13,31,4,0,0,1,12,0,6,34,0,77,112,7,1,25,0,79,40,0,52,37,0,15,0,1,3,0,85,10,6,53,1,90,0,1,6,0,19,96,2,33,31,61,0,0,0,1,1,24,5,36,84,98
247,0,0,2,0,0,0,0,0,0,0,238,0,5,1,5,0,0,0,0,0,17,201,1,18,12,0,0,0,0,28,32,1,173,3,0,12,0,0,0,0,2,86,1,102,7,2,49,0,0,0,0,1,0,0,208,0,12,28,0,0,5,0,57,8,0,178,1,0,0,0,0,0,0,33,4,0,186,1,25,0,0,1,0,1,26,1,10,200,10,0,0,0,0,0,11,0,9,102,127
2,172,0,75,0,0,0,0,0,0,36,10,72,61,42,28,0,0,0,0,0,56,39,7,92,52,0,1,2,0,66,68,3,54,8,0,50,0,0,0,0,10,72,2,84,25,10,40,6,0,0,0,10,0,2,34,0,92,109,2,5,17,6,81,26,0,44,54,0,16,0,1,7,0,78,7,4,53,3,96,0,1,2,0,14,101,1,25,30,75,0,0,1,0,2,18,0,28,93,107
248,0,0,1,0,0,0,0,0,0,0,238,0,5,1,5,0,0,0,0,0,5,221,0,17,6,0,0,0,0,16,21,1,196,2,0,13,0,0,0,0,1,91,1,97,11,2,44,2,0,0,0,0,0,0,220,0,8,20,1,0,6,0,62,5,0,174,2,0,0,0,0,2,0,25,1,0,201,1,19,0,0,1,0,3,27,0,12,204,2,0,0,0,0,0,7,0,5,114,123
1,163,0,85,0,0,0,0,0,0,36,9,71,65,49,19,0,0,0,0,0,64,20,5,103,57,0,0,0,0,64,82,0,36,10,0,57,0,0,0,0,9,70,4,93,18,7,47,1,0,0,0,12,0,2,26,0,79,128,2,2,21,2,97,30,0,50,39,0,8,0,0,3,0,104,7,3,44,0,88,0,2,5,0,16,101,0,31,25,69,0,0,0,0,1,17,2,23,90,116
248,0,0,1,0,0,0,0,0,0,0,246,0,0,0,3,0,0,0,0,0,7,221,0,16,4,0,0,1,0,22,16,1,202,1,0,7,0,0,0,0,0,86,0,103,9,2,49,0,0,0,0,0,0,0,220,0,7,22,0,0,3,0,39,7,0,199,1,0,0,0,0,0,0,29,1,0,192,0,27,0,0,0,0,1,23,0,8,211,6,0,0,0,0,0,5,0,4,104,136
1,167,0,81,0,0,0,0,0,0,44,2,65,80,44,14,0,0,0,0,0,71,22,3,108,45,0,0,0,0,63,75,1,41,10,0,59,0,0,0,0,4,80,3,87,24,3,46,2,0,0,0,11,0,0,28,0,74,135,1,1,12,3,95,46,0,41,45,0,6,0,0,1,0,101,4,1,53,1,88,0,0,4,0,8,110,0,29,21,77,0,0,0,0,0,11,0,26,109,103
249,0,0,0,0,0,0,0,0,0,0,245,0,1,0,3,0,0,0,0,0,3,228,0,15,3,0,0,0,0,16,16,0,208,1,0,8,0,0,0,0,0,76,0,124,5,1,43,0,0,0,0,0,0,0,224,0,6,19,0,0,2,0,41,3,0,202,0,0,1,0,0,0,0,16,0,0,217,0,16,0,0,1,0,1,23,0,8,214,2,0,0,0,0,0,4,0,1,91,153
0,161,0,88,0,0,0,0,0,0,39,4,73,65,50,18,0,0,0,0,0,64,15,1,127,42,0,0,0,0,80,85,2,39,4,0,39,0,0,0,0,1,106,1,80,18,3,40,0,0,0,0,3,0,1,23,0,87,134,1,0,15,2,102,50,0,35,40,0,5,0,0,1,0,113,5,1,30,1,98,0,0,1,0,4,122,1,21,27,73,0,0,0,0,1,15,0,21,124,88
19,5,0,3,0,0,2,0,0,1,6,4,6,3,2,0,3,3,2,1,0,4,11,1,6,2,0,4,1,1,6,8,1,9,2,2,1,0,1,0,1,0,6,0,5,4,4,3,4,3,1,3,3,1,1,9,1,0,6,5,0,2,4,5,2,0,8,5,1,3,0,1,2,1,2,2,2,8,1,11,0,2,0,1,2,4,3,2,13,3,0,1,1,0,1,7,5,5,2,8
3,7,3,12,0,1,0,1,2,1,2,5,3,8,2,3,2,0,3,2,2,3,5,1,3,9,3,1,1,2,4,6,3,11,1,0,3,0,1,1,0,1,2,2,11,2,1,6,1,4,1,3,2,1,3,10,0,2,4,4,0,4,2,6,5,4,1,3,2,3,2,0,0,1,5,6,3,8,1,4,0,2,2,2,1,8,3,5,3,4,1,1,2,2,4,4,2,4,6,4
161,19,0,26,0,1,4,0,0,6,19,44,43,46,28,6,17,4,7,3,1,33,93,1,36,17,3,16,5,12,27,53,6,103,10,7,8,0,3,0,1,4,29,4,82,15,19,25,16,22,1,13,37,2,11,86,2,2,39,24,0,11,30,40,17,1,61,35,2,20,0,6,0,2,22,20,12,75,4,76,0,6,1,6,11,39,8,11,112,23,0,4,1,1,3,36,25,48,22,77
22,77,11,84,1,2,14,1,2,3,21,43,32,34,28,18,20,14,4,3,2,29,46,9,54,33,4,25,8,7,41,42,4,69,16,4,24,7,9,1,2,13,26,6,52,23,21,52,11,11,2,27,31,1,16,58,3,14,38,27,0,26,15,42,42,12,33,18,6,23,2,4,5,5,21,35,22,80,8,35,0,11,5,7,8,60,17,37,35,37,0,10,8,2,24,29,16,40,41,47
190,14,0,26,0,0,4,0,0,4,30,69,44,40,22,7,22,1,2,1,0,12,145,6,42,19,1,8,1,4,32,50,7,136,6,0,1,1,5,0,0,4,25,3,122,10,22,22,12,18,1,7,41,0,2,134,0,3,36,14,0,10,29,41,19,2,84,34,1,18,0,2,1,0,10,12,6,118,3,86,0,0,2,0,6,38,13,11,148,20,0,1,2,3,6,36,25,48,25,92
26,89,11,104,0,0,6,0,0,2,14,54,42,48,42,16,16,2,4,0,1,44,45,6,71,40,3,22,4,2,39,63,6,75,15,4,29,4,3,0,1,16,21,6,67,20,21,64,7,15,2,22,39,0,13,65,1,23,48,25,0,22,24,56,43,6,45,25,4,13,0,7,3,2,20,41,35,74,7,49,1,1,0,8,5,79,12,36,38,58,0,5,8,2,12,39,28,60,30,54
206,14,0,29,0,0,0,0,0,0,13,87,53,43,23,4,23,3,0,0,0,10,154,1,56,14,0,13,0,1,22,26,4,186,4,1,1,1,4,0,0,1,10,0,169,10,20,16,10,13,1,3,28,0,4,168,0,2,32,11,0,8,26,56,16,2,103,24,0,14,0,0,1,0,8,18,4,144,1,73,0,0,0,1,3,37,8,12,171,17,0,1,0,0,3,38,20,77,19,91
25,107,2,111,0,0,3,0,0,1,24,53,51,51,28,14,23,2,3,0,0,43,47,7,89,31,2,25,2,3,62,72,10,50,23,2,26,1,3,0,0,14,29,4,54,16,32,74,12,14,0,13,51,0,10,62,0,25,63,25,0,15,22,49,55,6,63,27,3,9,0,1,0,1,27,37,29,80,4,70,0,1,0,0,8,92,7,30,43,68,0,3,3,0,12,39,26,48,42,76
219,13,0,16,0,0,0,0,0,1,8,93,61,49,24,5,7,2,0,0,0,13,183,1,34,7,0,10,1,0,20,37,0,188,3,0,0,0,1,0,0,0,11,0,182,14,12,19,6,5,0,7,23,0,3,180,0,0,31,5,0,5,30,47,14,1,130,12,0,10,0,0,0,0,6,6,2,144,0,91,0,0,0,1,2,46,1,12,170,17,0,0,0,0,1,29,18,76,23,102
19,101,2,127,0,0,0,0,0,0,11,69,53,41,49,7,14,2,3,0,0,49,41,5,100,36,0,16,1,1,56,89,10,52,8,2,26,3,3,0,0,7,36,4,41,12,24,103,4,18,1,13,62,0,11,50,0,10,75,27,0,7,25,70,32,3,62,40,0,10,0,0,0,0,31,36,20,83,5,74,0,0,1,0,6,107,3,28,47,57,0,1,0,0,7,40,25,68,41,67
234,6,0,9,0,0,0,0,0,0,9,99,48,49,27,2,15,0,0,0,0,3,191,0,39,10,0,6,0,0,17,26,2,201,3,0,0,0,0,0,0,0,12,0,201,9,9,12,1,5,0,4,24,0,0,199,0,1,19,2,0,7,27,46,14,1,127,18,0,9,0,0,0,0,1,8,3,164,0,73,0,0,0,1,1,47,3,8,171,18,0,0,0,0,1,29,15,71,19,114
11,97,1,140,0,0,0,0,0,0,17,69,62,44,40,1,16,0,0,0,0,50,42,1,119,22,1,11,1,2,60,93,9,47,8,1,28,2,1,0,0,7,32,1,30,13,38,105,9,14,0,8,67,0,12,41,0,20,84,17,0,7,20,61,34,1,70,46,0,10,0,0,1,0,24,26,27,67,2,102,0,0,1,0,5,103,4,30,47,59,0,2,0,0,5,58,18,66,38,62
238,1,0,10,0,0,0,0,0,0,5,107,57,47,23,1,7,0,2,0,0,3,204,0,35,4,0,3,0,0,13,18,0,217,1,0,0,0,0,0,0,0,7,0,218,5,4,8,3,4,0,3,20,0,0,209,0,0,15,2,0,0,24,41,14,0,148,17,0,5,0,0,0,0,5,6,2,164,0,72,0,0,0,0,0,40,4,6,187,12,0,0,0,0,1,22,4,70,14,138
9,83,0,157,0,0,0,0,0,0,15,59,64,45,41,2,19,3,1,0,0,49,32,2,135,25,0,6,0,0,57,114,9,32,11,0,23,2,1,0,0,2,39,1,21,15,52,111,2,6,0,2,71,0,8,35,0,16,101,16,0,4,18,66,43,3,65,43,0,7,0,0,0,0,23,24,25,76,2,99,0,0,0,1,2,124,4,22,45,51,0,0,1,0,2,40,14,83,43,66
240,4,0,5,0,0,0,0,0,0,4,108,52,57,20,0,7,0,1,0,0,4,208,0,35,2,0,0,0,0,3,23,0,223,0,0,0,0,0,0,0,0,7,0,229,3,0,6,1,3,0,1,19,0,1,217,0,0,9,2,0,0,15,44,12,0,159,14,0,5,0,0,0,0,0,4,2,180,0,63,0,0,0,1,1,33,0,8,201,5,0,0,0,0,0,20,8,67,13,141
6,95,0,148,0,0,0,0,0,0,13,70,66,40,42,2,16,0,0,0,0,47,36,1,131,27,0,6,1,0,72,125,1,26,4,0,20,1,0,0,0,1,36,3,14,20,42,120,1,12,0,5,83,0,3,27,0,11,104,16,0,4,23,76,37,1,64,34,0,10,0,0,0,0,13,18,28,61,0,129,0,1,0,0,2,135,2,23,31,55,0,0,0,0,3,43,22,78,40,63
243,1,0,5,0,0,0,0,0,0,4,116,52,50,24,0,3,0,0,0,0,1,212,0,31,4,0,1,0,0,1,23,0,225,0,0,0,0,0,0,0,0,6,0,226,2,2,12,1,0,0,1,10,0,0,227,0,0,10,1,0,0,11,45,12,0,171,10,0,0,0,0,0,0,0,3,0,182,0,64,0,0,0,0,0,31,0,3,214,1,0,0,0,0,0,14,3,65,10,157
6,84,0,159,0,0,0,0,0,0,11,75,71,46,36,0,10,0,0,0,0,38,33,0,139,33,0,6,0,0,52,137,5,24,10,0,21,0,0,0,0,2,32,2,22,12,30,133,3,13,0,4,74,0,5,21,0,16,114,15,0,5,18,72,44,0,57,48,0,5,0,0,0,0,20,16,15,62,0,136,0,0,0,0,1,147,1,24,26,50,0,0,0,0,2,35,15,115,33,49
244,0,0,5,0,0,0,0,0,0,1,146,42,44,14,0,2,0,0,0,0,0,220,0,27,2,0,0,0,0,2,18,0,229,0,0,0,0,0,0,0,0,3,0,232,4,2,7,0,1,0,0,14,0,0,232,0,0,3,0,0,0,19,38,2,0,176,13,0,1,0,0,0,0,0,2,0,186,0,61,0,0,0,0,0,27,0,2,215,5,0,0,0,0,0,13,5,70,5,156
5,63,1,180,0,0,0,0,0,0,6,60,81,54,39,2,7,0,0,0,0,44,21,1,158,21,0,4,0,0,60,140,2,20,11,0,16,0,0,0,0,2,31,1,15,10,37,141,2,10,0,0,72,0,6,17,0,10,127,17,0,1,32,75,43,0,51,42,0,5,0,0,0,0,15,24,16,59,0,135,0,0,0,0,0,159,1,14,27,48,0,0,0,0,0,30,13,97,45,64
21,4,1,2,2,0,0,0,0,0,2,8,5,4,3,4,3,0,1,0,1,1,7,5,5,3,4,1,0,3,7,7,0,8,1,0,4,0,2,1,2,4,5,1,4,3,2,6,2,1,1,2,2,0,4,9,2,2,4,4,5,3,2,3,3,1,8,3,1,1,1,1,4,1,5,3,4,3,5,3,2,2,2,0,1,4,3,3,8,5,0,0,0,1,1,6,3,6,4,9
6,7,0,14,0,2,1,0,0,0,1,6,6,7,2,2,2,1,2,1,1,5,4,3,6,2,2,2,1,4,4,6,1,11,4,1,2,0,1,0,2,2,3,3,4,2,3,4,3,4,0,3,2,2,2,7,1,4,5,4,3,3,1,8,4,0,3,4,0,4,0,2,1,1,9,2,1,9,1,4,0,1,2,0,2,3,0,8,9,5,0,0,3,2,3,3,3,5,4,7
186,10,1,16,4,0,0,0,0,0,5,71,40,50,12,16,15,0,8,0,1,11,76,36,37,17,19,2,3,15,40,40,1,100,8,0,23,0,5,0,8,17,23,13,50,19,30,45,10,2,1,9,9,2,18,98,13,11,27,29,22,19,12,38,13,1,77,28,0,7,0,3,12,4,56,18,30,56,21,17,4,5,6,0,3,22,9,42,84,42,0,0,2,2,3,24,15,50,21,100
22,52,7,124,6,2,4,0,0,0,16,57,50,33,19,19,18,1,3,1,9,41,24,25,32,23,32,10,7,14,32,50,6,59,29,2,29,3,5,2,3,15,26,20,38,22,39,31,8,15,5,14,24,2,22,47,5,16,54,28,10,15,14,51,37,2,43,24,5,16,0,7,20,6,51,19,18,52,10,34,3,3,5,0,16,51,12,14,53,60,0,3,6,1,10,30,20,49,43,55
223,4,0,11,0,0,0,0,0,0,7,112,41,44,14,8,11,0,1,0,1,14,89,27,44,16,33,3,0,11,37,38,0,128,15,0,17,0,3,0,0,16,36,12,52,11,38,59,9,5,0,6,13,0,13,135,7,8,21,35,14,14,8,33,20,0,118,27,0,4,0,0,13,2,77,20,32,67,6,21,0,3,0,0,8,26,4,33,120,44,0,0,1,0,4,21,7,37,25,143
9,64,1,161,2,0,1,0,0,0,12,73,72,38,24,3,14,0,2,0,9,36,36,32,51,19,30,12,3,10,36,66,3,65,23,0,41,1,3,0,4,11,25,22,63,25,43,36,5,4,2,12,30,4,29,42,5,28,55,31,10,14,14,70,35,0,50,39,0,6,0,6,19,3,42,9,25,83,16,35,2,1,3,0,7,63,13,22,60,67,0,1,6,1,2,23,21,69,57,58
240,2,0,7,0,0,0,0,0,0,3,126,51,38,8,10,12,0,1,0,2,18,114,22,46,10,25,2,0,10,36,40,0,133,13,0,25,0,2,0,0,14,40,19,65,13,35,57,6,0,0,8,4,1,12,160,4,9,22,29,13,10,6,41,13,0,137,29,0,0,0,0,7,0,72,17,28,104,9,12,0,0,0,0,2,23,7,23,147,47,0,0,1,0,2,16,7,37,17,169
7,54,2,186,0,0,0,0,0,0,18,71,69,43,19,15,13,0,1,0,1,47,52,36,41,23,35,6,1,7,47,52,1,82,18,0,45,1,3,0,2,17,30,15,56,20,45,55,4,5,0,12,27,1,26,47,3,23,74,36,3,13,15,70,45,0,61,35,0,7,0,2,19,2,65,17,33,57,13,41,0,0,3,0,4,70,9,29,64,70,0,0,2,1,8,25,25,95,48,45
245,2,0,2,0,0,0,0,0,0,2,149,44,33,6,3,11,0,1,0,0,3,133,31,37,11,25,0,0,9,40,20,0,171,8,0,10,0,0,0,0,7,27,11,78,14,37,73,2,0,0,1,3,0,12,197,1,7,11,17,7,9,8,37,11,0,162,15,0,0,0,0,4,0,79,7,26,114,6,13,0,0,0,0,2,22,0,21,168,36,0,0,0,0,1,15,1,39,13,180
4,51,0,194,0,0,0,0,0,0,11,64,83,56,15,11,7,0,2,0,0,50,45,24,54,37,28,7,0,4,49,75,0,54,27,0,43,0,1,0,1,6,35,18,67,22,40,55,3,2,0,9,34,0,39,42,3,20,76,26,4,12,13,96,37,0,55,29,0,3,0,2,18,0,52,25,41,57,10,44,0,0,2,0,3,80,4,27,49,84,0,0,0,0,3,33,19,86,58,50
247,0,0,2,0,0,0,0,0,0,0,167,33,36,2,4,7,0,0,0,0,5,165,17,38,8,13,0,0,3,32,20,0,179,7,0,11,0,0,0,0,7,25,12,75,11,42,76,1,0,0,3,2,0,5,206,0,3,17,13,3,6,4,29,7,0,191,9,0,0,0,0,7,0,93,8,21,108,1,11,0,0,0,0,0,21,3,13,179,33,0,0,0,0,0,13,2,34,10,190
2,38,0,209,0,0,0,0,0,0,8,54,97,57,21,3,7,0,2,0,2,35,37,32,60,35,38,3,1,6,61,73,1,54,15,0,45,0,0,0,0,6,25,18,91,19,43,43,2,2,0,14,27,0,28,33,1,25,84,37,1,8,6,111,34,0,43,45,0,1,0,0,17,1,59,17,40,83,4,28,0,1,2,0,4,82,3,26,49,82,0,0,0,0,1,21,15,106,59,47
248,0,0,1,0,0,0,0,0,0,0,174,33,28,6,4,4,0,0,0,0,2,167,30,28,2,18,0,0,2,24,22,0,196,0,0,7,0,0,0,0,3,14,8,104,9,42,68,1,0,0,0,1,0,5,218,0,1,14,10,1,5,3,24,6,0,199,11,0,0,0,0,5,0,89,10,13,121,5,6,0,0,0,0,0,12,4,19,180,34,0,0,0,0,0,7,2,36,9,195
1,39,0,209,0,0,0,0,0,0,11,57,103,49,14,6,8,0,1,0,0,55,30,30,61,37,28,1,1,6,84,66,0,37,17,0,44,1,0,0,0,5,34,14,64,15,55,59,2,1,0,3,15,0,33,23,0,26,114,35,2,10,3,128,34,0,36,36,0,0,0,0,17,0,70,10,31,74,6,41,0,0,1,0,2,89,2,34,44,77,0,0,0,0,1,33,16,107,48,44
248,0,0,1,0,0,0,0,0,0,0,193,31,19,1,4,1,0,0,0,0,4,170,21,30,4,17,0,0,3,25,16,0,202,3,0,3,0,0,0,0,4,15,10,94,7,40,79,0,0,0,0,1,0,1,231,0,2,5,9,3,1,1,28,4,0,208,4,0,0,0,0,2,0,92,2,16,128,4,5,0,0,0,0,1,12,2,21,184,29,0,0,0,0,0,8,2,29,4,206
1,24,0,224,0,0,0,0,0,0,6,43,115,62,15,2,6,0,0,0,0,36,29,36,76,32,35,2,0,3,80,80,0,41,13,0,35,0,0,0,0,5,20,11,84,15,46,65,3,0,0,3,28,0,38,13,1,18,123,25,0,5,8,130,34,0,30,40,0,2,0,0,11,1,81,11,37,67,6,35,0,0,1,0,2,85,1,34,47,79,0,0,0,0,0,23,12,120,58,36
249,0,0,0,0,0,0,0,0,0,0,211,18,15,1,1,3,0,0,0,0,0,195,5,26,2,20,0,0,1,19,14,0,210,3,0,3,0,0,0,0,0,15,8,107,9,34,76,0,0,0,0,0,0,3,239,0,0,2,5,0,2,0,21,1,0,221,4,0,0,0,0,1,0,86,4,17,135,0,6,0,0,0,0,0,7,1,14,201,26,0,0,0,0,0,9,0,29,4,207
0,19,0,230,0,0,0,0,0,0,3,33,119,72,18,1,3,0,0,0,0,42,22,38,71,44,28,2,0,2,97,74,0,35,12,0,31,0,0,0,0,1,30,17,83,11,47,58,2,0,0,1,25,0,31,10,0,19,129,34,0,6,5,127,38,0,23,50,0,0,0,0,9,0,78,11,38,76,8,29,0,0,0,0,1,79,1,42,29,97,0,0,0,0,0,21,13,134,45,36
249,0,0,0,0,0,0,0,0,0,0,213,18,16,1,0,1,0,0,0,0,1,195,9,27,2,15,0,0,0,25,7,0,215,2,0,0,0,0,0,0,3,15,5,112,5,41,68,0,0,0,0,0,0,1,245,0,0,2,1,0,3,1,29,3,0,205,8,0,0,0,0,0,0,89,2,9,145,1,3,0,0,0,0,0,3,0,13,213,20,0,0,0,0,0,2,0,20,1,226
0,25,0,224,0,0,0,0,0,0,2,32,139,61,11,3,1,0,0,0,0,41,28,40,74,37,28,0,0,1,95,65,0,32,9,0,48,0,0,0,0,4,23,13,77,17,41,72,2,0,0,3,20,0,50,4,0,12,125,35,1,5,1,128,43,0,36,35,0,0,0,0,7,0,91,6,38,75,4,28,0,0,0,0,1,82,1,33,30,102,0,0,0,0,0,23,10,157,38,21
20,3,0,4,0,1,0,0,0,2,5,8,8,2,0,3,1,0,2,1,0,3,10,5,5,1,2,2,2,0,4,2,5,10,2,1,3,1,0,2,1,2,3,3,7,1,1,7,4,1,0,1,2,2,3,8,0,3,10,1,1,1,1,4,4,2,10,3,0,4,0,1,2,0,3,4,3,7,4,6,4,0,1,0,1,5,2,2,10,5,0,1,4,0,1,0,2,3,4,15
5,6,2,10,1,2,3,0,1,0,1,6,4,5,3,5,2,1,2,1,1,2,9,2,7,3,1,2,1,2,1,8,2,7,4,0,4,3,1,0,0,3,1,3,9,3,5,5,0,1,1,2,3,2,1,5,2,2,5,7,0,2,3,4,1,1,6,4,2,7,0,1,2,2,4,2,2,9,3,5,0,2,2,1,4,6,3,2,5,5,1,1,3,1,2,3,4,5,6,4
170,13,0,31,2,1,0,0,0,0,21,97,53,9,8,9,12,0,6,2,0,12,95,27,40,8,13,7,13,2,28,19,33,84,10,1,26,8,1,7,0,9,13,18,79,11,19,57,7,4,0,5,5,7,19,77,2,26,68,8,2,7,7,26,29,13,97,16,2,18,0,2,13,2,22,27,16,78,21,36,3,3,6,0,14,49,14,11,79,38,0,3,15,1,5,1,11,22,19,140
26,48,7,105,9,2,12,1,1,6,29,54,41,29,20,22,11,2,6,3,0,49,45,23,50,13,14,15,5,3,23,41,11,65,28,0,28,11,1,9,1,10,15,10,71,30,29,40,3,8,1,13,15,13,18,56,1,26,37,37,2,7,17,37,20,7,43,30,3,51,1,2,13,3,23,20,24,60,24,47,4,14,5,0,21,59,9,20,47,38,0,2,11,1,9,19,24,56,60,35
203,7,0,24,0,1,1,0,1,1,23,121,53,12,2,14,10,0,3,0,0,9,124,22,46,4,23,4,6,0,28,10,31,126,9,0,27,4,0,3,0,11,8,14,121,12,17,49,3,3,0,5,3,6,20,101,0,20,74,9,0,4,6,17,22,3,143,23,1,19,0,2,4,3,14,23,14,120,18,40,3,2,3,0,14,64,11,12,103,26,0,4,5,0,0,0,7,22,20,180
24,59,11,124,3,4,6,0,7,0,21,66,80,24,21,18,6,1,1,0,0,53,47,20,63,12,19,13,10,1,32,52,23,58,29,0,31,8,1,4,1,6,23,20,83,18,29,52,3,3,1,18,14,11,22,63,1,28,49,31,0,6,14,43,26,13,42,29,2,63,0,3,17,3,17,22,23,64,24,65,2,11,4,2,15,61,10,32,50,51,0,3,11,0,9,24,27,73,64,27
232,4,0,12,0,1,0,0,0,0,16,139,65,5,7,8,9,0,0,0,0,4,150,24,48,1,15,5,2,0,14,18,19,162,8,0,26,1,0,1,0,5,5,10,140,11,15,62,0,1,0,3,3,1,19,132,0,15,73,3,0,2,8,22,17,3,167,17,0,13,0,0,6,0,19,18,10,146,12,38,2,1,0,0,7,65,0,7,128,39,0,0,6,0,1,1,8,12,12,209
11,55,4,166,2,5,5,0,1,0,29,63,98,19,15,14,9,0,2,0,0,49,46,16,83,18,22,8,6,1,52,48,23,53,31,0,31,7,0,4,0,8,21,16,82,21,27,68,5,1,0,11,15,11,29,63,0,41,61,18,1,2,9,54,24,6,42,35,0,76,0,2,8,1,19,22,32,70,17,78,0,1,1,0,18,86,3,20,74,46,0,1,5,0,7,21,30,84,76,25
235,3,0,11,0,0,0,0,0,0,7,160,60,9,4,4,5,0,0,0,0,7,161,14,51,0,12,2,2,0,9,12,11,175,10,0,29,2,0,1,0,2,4,2,170,5,9,57,0,0,0,0,0,1,10,159,0,7,71,1,0,0,2,13,18,3,181,19,0,13,0,0,4,1,15,18,10,154,19,28,0,0,1,0,10,66,3,10,123,36,0,0,6,0,1,0,2,17,11,212
12,52,3,176,3,1,0,0,2,0,22,65,98,16,23,9,14,1,1,0,0,49,47,20,95,8,19,7,4,0,49,53,21,45,28,0,50,2,0,1,0,7,30,16,66,9,26,93,0,2,1,10,10,5,29,58,0,28,91,17,0,3,4,62,34,7,40,38,1,60,0,0,5,0,24,33,20,70,11,86,1,1,2,0,8,91,4,21,80,41,0,0,5,0,4,17,22,87,84,30
243,0,0,6,0,0,0,0,0,0,4,174,56,1,8,4,2,0,0,0,0,4,175,14,49,0,7,0,0,0,6,8,11,190,12,0,21,1,0,0,0,2,3,3,188,2,5,46,0,0,0,1,0,1,11,162,0,9,63,2,0,2,0,14,12,1,193,12,0,15,0,0,3,0,7,12,3,181,9,34,0,0,0,0,5,72,3,6,137,26,0,0,0,0,2,1,3,9,14,220
6,39,2,202,0,0,0,0,0,0,16,54,120,21,20,11,7,0,0,0,0,53,45,15,110,7,15,4,0,0,36,52,37,38,31,0,53,2,0,0,0,8,35,10,52,16,25,102,1,0,0,10,10,1,28,56,1,36,93,14,0,2,6,60,31,2,28,43,1,76,0,0,7,0,26,22,28,53,15,98,0,3,1,0,8,95,2,18,77,45,0,0,0,0,2,22,23,97,83,22
244,1,0,4,0,0,0,0,0,0,2,175,56,6,3,4,3,0,0,0,0,4,188,10,42,0,3,1,1,0,3,3,12,203,7,0,21,0,0,0,0,1,1,1,194,3,1,48,0,0,0,0,0,1,6,152,0,10,77,3,0,0,0,9,6,0,207,16,0,11,0,0,4,0,15,15,1,182,7,25,0,0,0,0,5,79,2,6,131,26,0,0,0,0,0,0,0,10,8,231
4,34,2,207,0,2,0,0,0,0,24,57,138,8,15,4,3,0,0,0,0,49,46,14,120,2,12,4,2,0,36,58,23,31,27,0,72,2,0,0,0,6,26,17,50,13,29,108,0,0,0,6,3,0,35,72,0,27,101,5,0,0,3,65,39,5,31,42,0,64,0,0,5,0,24,34,25,49,13,99,0,0,0,0,9,87,0,17,90,46,0,0,4,0,1,11,23,103,96,11
248,0,0,1,0,0,0,0,0,0,4,182,58,2,2,0,1,0,0,0,0,5,184,9,48,0,3,0,0,0,0,4,3,228,4,0,10,0,0,0,0,1,0,2,205,2,3,36,0,0,0,0,0,0,4,180,0,5,60,0,0,0,0,12,9,1,209,16,0,2,0,0,3,0,7,8,3,197,6,25,0,0,0,0,2,73,0,12,143,19,0,0,0,0,0,0,0,6,0,243
1,39,1,208,0,0,0,0,0,0,17,61,142,11,10,0,8,0,0,0,0,46,44,14,130,3,10,2,0,0,30,67,41,17,22,0,72,0,0,0,0,3,29,13,41,8,28,127,0,0,0,3,2,1,29,56,0,30,121,7,0,0,4,74,34,2,26,41,0,68,0,0,3,0,21,28,18,47,15,117,0,0,0,0,8,105,1,15,81,39,0,0,2,0,0,13,13,97,119,5
248,0,0,1,0,0,0,0,0,0,1,194,52,0,1,1,0,0,0,0,0,2,209,5,32,0,1,0,0,0,0,3,8,224,2,0,11,1,0,0,0,0,1,0,215,0,1,32,0,0,0,0,0,0,1,186,0,4,58,0,0,0,0,5,5,0,230,5,0,4,0,0,0,0,9,11,3,205,6,15,0,0,0,0,1,79,1,10,142,16,0,0,0,0,0,0,0,8,0,241
1,31,0,217,0,0,0,0,0,0,11,49,156,16,10,6,1,0,0,0,0,45,29,8,152,1,14,0,0,0,38,52,32,18,18,0,91,0,0,0,0,4,23,8,34,3,34,143,0,0,0,5,3,0,25,47,0,30,133,6,0,1,3,70,44,0,13,52,1,65,0,0,1,0,26,35,18,38,12,119,0,1,0,0,10,116,1,13,74,34,0,0,1,0,0,14,10,116,101,7
249,0,0,0,0,0,0,0,0,0,0,196,53,0,0,0,0,0,0,0,0,0,214,3,29,0,3,0,0,0,1,0,4,229,3,0,12,0,0,0,0,0,0,0,227,0,1,21,0,0,0,0,0,0,4,190,0,2,53,0,0,0,0,4,3,0,230,5,0,7,0,0,0,0,7,2,2,222,4,12,0,0,0,0,0,65,0,4,170,10,0,0,0,0,0,0,0,2,1,246
0,36,0,213,0,0,0,0,0,0,7,50,167,11,9,2,3,0,0,0,0,40,29,11,158,2,7,2,0,0,39,59,27,16,14,0,94,0,0,0,0,3,21,7,22,6,24,166,0,0,0,0,1,0,23,51,0,18,152,4,0,0,2,81,34,1,14,50,0,67,0,0,3,0,23,31,20,24,10,138,0,0,0,0,2,134,0,12,67,34,0,0,0,0,1,13,8,121,104,2
20,1,0,4,0,1,0,1,1,2,5,7,3,8,2,4,0,0,1,0,2,5,10,1,5,3,0,1,1,2,3,7,1,10,3,1,3,0,1,1,2,2,9,4,2,1,5,4,1,0,1,1,5,0,2,11,1,3,4,2,0,1,3,3,3,0,15,3,0,2,0,1,1,1,9,2,2,3,6,5,2,1,1,1,1,1,1,2,16,4,0,1,1,1,2,2,4,1,4,14
3,8,1,11,1,0,0,2,2,2,2,8,3,7,1,2,3,2,2,0,1,5,5,2,4,3,4,2,2,2,7,3,2,6,1,0,7,1,2,1,1,4,3,3,3,2,7,2,3,2,0,5,2,0,2,7,3,3,5,3,0,3,1,4,10,1,4,3,0,4,0,0,2,1,4,3,3,11,2,4,1,0,3,0,2,7,2,4,4,7,0,1,3,2,2,4,1,6,8,3
173,1,0,29,3,0,0,4,0,7,28,96,7,52,18,14,1,1,0,0,8,48,98,5,30,9,6,3,4,6,36,31,11,85,13,0,33,0,5,3,3,14,59,36,11,13,49,27,3,2,0,5,42,0,11,91,12,17,29,10,0,10,13,17,28,1,124,19,0,5,0,1,9,2,70,13,16,44,17,45,6,3,6,5,4,8,3,18,152,12,0,1,8,1,8,16,10,16,26,131
24,45,1,126,3,1,9,3,3,2,33,53,31,56,23,11,5,0,5,0,7,66,44,15,24,33,6,11,7,4,34,44,26,54,13,1,32,4,3,6,7,25,17,15,59,21,47,18,7,1,2,18,29,4,21,54,12,36,31,10,0,21,6,49,52,1,48,22,0,18,0,3,21,4,35,33,18,61,15,27,4,1,5,5,19,58,6,19,26,74,0,3,6,3,10,32,9,38,72,44
212,1,0,19,0,0,0,2,1,3,18,128,2,66,9,13,1,0,1,0,6,48,130,5,26,13,2,2,4,2,27,42,5,115,13,0,35,0,1,0,1,16,58,31,20,15,61,31,3,2,0,5,33,0,5,143,4,16,26,6,0,3,7,15,23,0,168,20,0,2,0,0,6,1,87,14,13,63,11,43,4,1,1,1,6,8,2,9,203,3,0,0,4,2,7,13,10,5,25,172
19,36,0,172,4,0,4,2,0,1,26,56,28,82,32,8,4,0,2,0,2,82,51,9,34,37,9,5,8,1,42,49,17,62,17,0,45,2,1,3,6,23,22,20,61,16,58,25,4,3,1,8,42,0,16,46,7,46,54,18,0,19,6,57,77,1,40,27,0,11,0,0,17,4,36,27,17,86,12,39,2,1,3,1,14,90,4,24,13,86,0,1,7,1,10,28,15,60,80,36
232,0,0,16,0,0,0,0,1,0,23,145,2,64,10,5,0,0,0,0,0,32,171,6,18,14,6,1,1,0,25,36,9,135,5,0,39,0,0,0,3,12,60,33,29,11,73,26,1,1,0,1,37,0,9,163,2,14,20,3,0,0,7,8,24,0,199,10,0,1,0,0,7,0,92,17,13,75,4,41,0,0,0,2,10,2,1,8,223,3,0,0,3,0,5,13,8,4,16,200
13,16,0,215,0,1,3,0,1,0,33,72,25,86,27,3,3,0,0,0,3,105,36,10,46,37,4,2,6,0,35,80,16,60,22,0,32,0,2,2,6,23,33,30,63,15,48,26,3,2,0,11,74,0,16,51,5,30,48,14,0,16,7,66,87,0,34,32,0,7,0,0,16,0,60,36,24,71,6,36,0,0,3,1,11,81,4,17,15,117,0,0,8,0,9,32,10,59,98,33
236,0,0,13,0,0,0,0,0,0,18,155,1,67,5,3,0,0,0,0,1,48,184,1,8,5,0,0,2,0,23,28,3,150,8,0,36,1,0,0,0,10,54,31,40,7,90,17,0,0,0,1,33,0,9,174,3,15,11,3,0,4,3,4,11,0,224,2,0,1,0,0,4,0,104,10,10,88,7,26,1,0,0,1,2,3,0,5,234,3,0,0,0,0,4,10,5,3,8,219
12,22,0,214,0,0,1,0,0,0,27,71,23,88,34,6,0,0,0,0,0,128,51,6,30,28,1,2,3,0,45,69,11,61,9,0,53,0,0,1,1,19,34,24,83,13,63,10,2,0,0,5,62,0,22,39,12,33,59,17,0,22,2,61,114,0,16,28,0,6,0,0,14,1,63,22,15,81,8,45,0,0,0,2,7,81,0,30,10,119,0,0,2,0,6,30,14,58,118,21
245,0,0,4,0,0,0,0,0,0,6,176,0,60,5,2,0,0,0,0,0,50,179,2,11,6,0,1,0,0,19,28,2,162,5,0,33,0,0,0,0,12,48,26,40,16,86,19,2,0,0,2,28,0,3,191,3,15,6,1,0,1,1,3,11,0,228,5,0,0,0,0,2,0,101,12,5,90,2,37,0,0,0,0,1,3,0,4,240,1,0,0,1,0,3,9,3,3,10,220
4,17,0,228,0,0,0,0,0,0,31,55,17,109,33,4,0,0,0,0,0,128,50,5,38,25,1,1,1,0,44,78,13,55,12,0,46,0,1,0,2,18,27,21,86,14,54,25,1,1,0,5,75,0,15,34,8,37,63,12,0,13,3,75,106,0,17,33,0,2,0,0,12,0,60,18,19,98,2,40,0,0,0,0,4,95,0,23,6,121,0,1,4,0,6,37,7,56,120,18
247,0,0,2,0,0,0,0,0,0,10,205,0,31,3,0,0,0,0,0,0,33,205,0,9,2,0,0,0,0,12,18,2,188,4,0,25,0,0,0,0,5,54,25,42,6,100,17,0,0,0,0,29,0,2,202,4,5,7,0,0,1,0,0,14,0,233,1,0,0,0,0,2,0,100,9,3,104,3,28,0,0,0,0,0,1,0,1,247,0,0,0,1,0,2,7,1,2,2,234
2,11,0,236,0,0,0,0,0,0,28,35,15,135,35,1,0,0,0,0,0,155,37,1,29,26,0,0,1,0,48,91,9,43,6,0,52,0,0,0,0,18,25,25,89,12,62,18,0,0,0,1,77,0,22,27,2,38,69,13,0,15,1,59,136,0,14,22,0,2,0,0,13,0,66,10,18,85,3,54,0,0,0,0,4,101,0,20,1,123,0,0,2,0,4,27,5,60,140,11
247,0,0,2,0,0,0,0,0,0,4,203,0,39,3,0,0,0,0,0,0,46,196,0,5,2,0,0,0,0,8,17,1,195,4,0,24,0,0,0,0,5,50,15,44,5,114,15,1,0,0,0,21,0,3,210,1,8,6,0,0,0,0,0,7,0,241,1,0,0,0,0,1,0,102,3,4,116,0,23,0,0,0,0,0,0,0,0,249,0,0,0,0,0,1,1,1,1,4,241
2,5,0,242,0,0,0,0,0,0,23,40,9,159,16,2,0,0,0,0,1,159,44,2,23,20,0,0,0,0,44,88,6,42,14,0,55,0,0,0,0,16,34,20,88,5,60,26,0,0,0,1,93,0,12,31,2,39,63,8,0,9,1,60,137,0,8,32,0,2,0,0,11,0,74,11,7,97,1,48,0,0,0,0,3,111,0,23,0,112,0,0,0,0,3,50,7,58,125,6
248,0,0,1,0,0,0,0,0,0,3,205,0,40,1,0,0,0,0,0,0,36,210,1,2,0,0,0,0,0,11,15,0,205,1,0,17,0,0,0,0,4,46,21,39,3,130,6,0,0,0,0,17,0,1,222,1,6,2,0,0,0,0,0,8,0,241,0,0,0,0,0,1,0,101,2,2,118,0,25,0,0,0,0,0,0,0,0,249,0,0,0,0,0,0,2,0,0,4,243
1,3,0,245,0,0,0,0,0,0,33,42,12,132,30,0,0,0,0,0,0,164,33,0,27,25,0,0,0,0,42,95,7,34,10,0,61,0,0,0,0,8,29,29,105,8,48,22,0,0,0,0,99,0,11,25,0,39,62,13,0,4,0,51,164,0,8,21,0,1,0,0,5,0,82,9,13,100,2,38,0,0,0,0,2,96,0,17,0,134,0,0,0,0,1,37,1,47,157,6
249,0,0,0,0,0,0,0,0,0,1,227,0,20,1,0,0,0,0,0,0,23,221,0,2,3,0,0,0,0,9,18,0,205,1,0,16,0,0,0,0,0,49,17,53,1,123,6,0,0,0,0,17,0,1,227,0,3,1,0,0,0,0,0,4,0,245,0,0,0,0,0,0,0,109,0,2,117,0,21,0,0,0,0,0,0,0,0,249,0,0,0,0,0,0,0,0,0,0,249
0,2,0,247,0,0,0,0,0,0,22,19,5,173,29,1,0,0,0,0,0,175,22,0,30,22,0,0,0,0,42,98,3,39,4,0,63,0,0,0,0,7,41,23,98,3,59,18,0,0,0,0,108,0,12,18,0,39,65,7,0,3,0,56,171,0,4,15,0,0,0,0,7,0,72,10,4,106,2,48,0,0,0,0,1,92,0,18,0,138,0,0,0,0,2,25,5,53,164,0
19,3,0,1,1,0,2,0,2,2,3,6,4,3,4,3,3,1,1,2,1,5,5,1,5,5,1,4,1,2,4,5,5,8,2,1,4,0,1,0,0,2,5,3,5,4,3,5,3,0,0,1,2,0,2,12,0,2,6,5,2,3,2,0,4,0,8,2,3,6,0,0,2,2,6,7,3,8,0,2,1,2,0,0,1,7,1,1,12,5,1,1,1,0,3,6,0,2,8,8
4,12,2,10,0,1,0,0,1,0,0,6,4,6,5,4,2,3,0,0,0,7,5,0,7,2,2,3,3,1,5,7,2,10,2,0,3,0,1,0,2,5,3,2,6,3,4,2,2,1,0,2,3,0,2,5,1,6,5,6,0,2,3,7,3,3,4,5,2,1,0,1,2,0,3,3,3,9,4,5,1,2,2,0,1,7,2,6,3,6,0,0,3,1,0,2,2,13,2,7
160,22,0,27,3,0,2,0,2,1,10,82,22,30,21,17,14,14,1,6,1,36,64,1,48,23,15,24,2,3,18,46,15,105,6,0,26,0,1,0,0,12,25,31,46,26,33,31,12,1,0,2,12,0,10,88,0,17,40,48,7,9,16,8,33,1,85,20,7,31,0,0,6,2,44,46,19,83,4,13,3,3,1,0,0,46,5,5,117,37,0,1,5,5,8,30,4,42,57,65
32,75,20,72,5,1,8,1,2,1,11,47,36,32,34,12,18,12,8,7,3,43,57,3,50,26,9,17,7,2,21,50,19,74,22,0,26,1,4,0,2,21,24,19,55,24,32,29,10,1,0,13,20,0,11,49,3,37,53,31,3,10,13,44,30,1,47,27,10,32,0,0,8,5,52,41,15,61,10,25,2,3,13,2,12,54,5,36,38,52,1,2,9,2,10,23,11,57,32,70
188,21,0,24,3,0,1,0,1,0,6,111,25,23,32,11,15,11,1,3,0,40,90,1,60,23,10,13,0,1,16,40,11,144,9,0,18,0,0,0,0,12,20,26,84,15,35,35,10,1,0,1,13,0,2,120,0,16,39,47,4,5,14,5,49,0,105,23,5,28,0,0,7,0,44,46,10,113,2,16,0,0,1,0,0,46,0,8,146,37,0,2,5,2,7,33,5,41,68,75
35,81,16,97,2,1,5,1,0,0,13,40,45,44,34,12,31,11,4,4,4,49,68,3,53,19,18,19,4,1,27,64,24,65,12,0,43,1,2,0,0,21,26,20,68,25,33,35,9,1,0,8,28,0,17,37,0,45,63,40,1,10,21,47,26,3,51,31,6,42,0,0,5,2,46,52,16,76,7,34,1,1,8,0,2,68,4,29,51,74,0,1,5,2,16,17,14,72,38,73
221,15,0,11,0,0,2,0,0,0,6,140,15,22,42,6,9,7,0,2,0,26,126,0,59,20,8,9,1,0,10,39,6,171,0,0,23,0,0,0,0,12,19,21,106,22,34,31,4,0,0,0,11,0,1,137,0,19,33,48,3,4,6,7,40,0,136,22,5,26,0,0,2,0,40,50,15,131,1,10,0,1,0,0,0,38,1,3,168,38,0,0,2,1,4,27,2,41,67,105
20,106,10,110,2,0,0,1,0,0,11,43,46,47,41,5,45,6,1,4,0,56,68,2,74,24,13,10,1,1,20,76,21,66,11,0,54,0,1,0,0,13,38,21,66,29,43,33,5,1,0,5,24,0,12,50,1,33,83,41,1,7,13,49,29,1,61,35,7,46,0,0,2,1,59,56,17,81,6,27,0,2,5,0,1,81,0,31,51,78,0,1,3,0,7,18,10,81,56,73
232,7,0,10,0,0,0,0,0,0,0,141,17,29,32,5,16,8,0,1,0,25,118,0,75,18,3,10,0,0,6,34,3,190,2,0,14,0,0,0,0,11,20,24,109,21,34,29,1,0,0,0,6,0,1,158,0,10,29,45,0,3,10,16,31,0,152,14,1,22,0,0,0,0,35,42,3,163,0,6,0,0,0,0,0,36,0,2,197,14,0,0,0,0,1,21,1,50,62,114
13,135,5,95,0,0,0,0,1,0,7,42,34,49,54,8,47,2,1,5,0,54,76,1,67,24,13,14,0,0,17,110,17,48,14,0,43,0,0,0,0,16,26,27,67,33,34,46,0,0,0,1,48,0,11,50,0,36,68,35,1,9,12,59,41,0,53,34,5,35,0,0,4,0,68,72,12,64,2,27,0,0,2,0,2,86,1,16,42,100,0,0,3,0,1,20,6,94,51,74
234,5,0,10,0,0,0,0,0,0,0,175,9,12,34,3,9,7,0,0,0,26,146,0,65,8,1,3,0,0,4,20,3,211,0,0,11,0,0,0,0,8,18,14,118,21,35,35,0,0,0,0,5,0,1,169,0,4,30,40,0,1,3,8,39,0,165,16,0,17,0,0,0,0,42,33,3,165,0,6,0,0,0,0,0,28,0,1,199,21,0,0,0,0,2,18,0,40,56,133
12,124,1,112,0,0,0,0,0,0,6,30,47,50,57,6,42,3,2,6,0,52,76,0,90,20,7,4,0,0,24,120,16,32,5,0,52,0,0,0,0,10,34,19,74,36,41,34,1,0,0,0,37,0,9,43,0,41,83,36,0,6,6,53,37,0,52,34,2,59,0,0,2,0,75,72,9,66,1,24,0,0,0,0,0,100,0,18,38,93,0,0,0,0,3,14,4,101,65,62
234,3,0,12,0,0,0,0,0,0,0,176,14,22,27,1,8,1,0,0,0,12,156,0,68,7,2,4,0,0,6,15,0,223,0,0,5,0,0,0,0,5,14,18,136,14,35,26,1,0,0,0,2,0,0,178,0,12,23,34,0,3,1,6,32,0,181,6,0,20,0,0,0,0,41,32,3,170,0,3,0,0,0,0,0,27,0,0,206,16,0,0,0,0,1,13,0,55,44,136
14,127,1,106,1,0,0,0,0,0,1,35,44,39,84,2,43,1,0,0,0,51,72,0,95,23,4,4,0,0,18,121,14,24,5,0,67,0,0,0,0,9,24,27,80,26,45,38,0,0,0,0,37,0,8,33,0,26,98,47,0,2,3,67,33,0,54,35,0,55,0,0,1,0,62,76,11,72,1,26,0,0,0,0,0,117,0,11,34,87,0,0,0,0,1,13,2,95,61,77
247,1,0,1,0,0,0,0,0,0,0,176,14,15,30,0,11,3,0,0,0,7,164,0,70,6,1,1,0,0,1,15,1,231,0,0,1,0,0,0,0,5,12,11,161,7,31,22,0,0,0,0,2,0,0,186,0,8,27,26,0,1,3,6,27,0,188,15,0,9,0,0,0,0,37,22,0,189,0,1,0,0,0,0,0,20,0,0,216,13,0,0,0,0,0,6,1,55,47,140
1,140,0,108,0,0,0,0,0,0,1,47,47,46,66,2,36,2,1,1,0,66,68,0,92,14,4,5,0,0,13,138,18,18,2,0,60,0,0,0,0,12,34,25,63,27,48,40,0,0,0,0,34,0,6,43,0,28,93,45,0,2,3,61,45,0,44,40,2,52,0,0,0,0,75,95,5,53,0,21,0,0,0,0,0,113,0,7,28,101,0,0,0,0,0,17,3,109,51,69
246,2,0,1,0,0,0,0,0,0,0,188,11,15,23,0,8,4,0,0,0,6,180,0,56,6,1,0,0,0,0,11,0,237,0,0,1,0,0,0,0,4,7,14,176,10,15,23,0,0,0,0,3,0,0,189,0,4,24,29,0,0,1,5,24,0,200,11,0,8,0,0,0,0,24,19,2,204,0,0,0,0,0,0,0,16,0,1,222,10,0,0,0,0,0,7,0,41,56,145
3,141,0,105,0,0,0,0,0,0,2,36,46,49,63,2,44,5,0,2,0,60,58,0,110,16,1,4,0,0,9,142,15,12,2,0,69,0,0,0,0,8,30,22,59,30,49,50,1,0,0,0,39,0,3,31,0,34,92,50,0,3,2,60,57,0,35,44,0,48,0,0,0,0,85,88,6,44,0,26,0,0,0,0,0,106,0,13,24,106,0,0,0,0,0,13,0,118,47,71
249,0,0,0,0,0,0,0,0,0,0,190,7,22,27,0,3,0,0,0,0,5,181,0,59,3,0,1,0,0,1,10,0,237,0,0,1,0,0,0,0,0,8,12,193,9,11,16,0,0,0,0,4,0,0,190,0,1,23,31,0,0,2,1,20,0,212,8,0,6,0,0,0,0,16,15,1,217,0,0,0,0,0,0,0,14,0,0,230,5,0,0,0,0,0,1,0,56,40,152
0,146,0,103,0,0,0,0,0,0,0,41,37,49,74,1,45,2,0,0,0,50,60,0,124,6,3,6,0,0,11,155,8,11,5,0,59,0,0,0,0,9,33,29,37,35,61,45,0,0,0,0,28,0,5,29,0,25,97,65,0,2,0,85,52,0,24,36,0,50,0,0,0,0,94,91,2,29,0,33,0,0,0,0,0,108,0,6,19,116,0,0,0,0,0,8,0,100,60,81
21,3,1,1,0,0,2,1,0,1,3,7,3,9,3,0,3,1,0,1,0,8,8,2,3,2,1,5,0,1,4,4,3,9,1,2,3,3,1,0,0,4,2,0,4,5,4,6,4,1,0,2,7,1,1,8,1,4,4,2,2,2,1,4,2,0,12,3,2,2,0,0,2,2,5,3,5,4,3,6,5,1,0,0,1,4,2,2,14,1,0,2,1,0,2,1,4,4,8,8
3,8,4,12,0,0,0,0,2,1,0,9,3,4,2,6,4,0,2,0,0,6,2,2,4,8,3,1,1,3,3,4,0,7,5,1,6,1,2,1,0,3,2,1,7,3,3,8,1,2,1,3,3,1,1,10,2,2,5,2,2,5,1,5,4,2,5,3,0,3,0,0,1,1,3,1,5,11,4,4,0,1,0,1,2,5,3,3,3,12,0,0,0,1,5,2,8,2,5,7
165,10,6,24,0,1,6,3,1,1,23,72,30,36,28,1,25,1,0,1,0,50,89,4,16,17,14,22,0,5,20,23,8,106,13,1,21,20,3,2,0,23,18,5,37,34,20,66,9,5,0,3,35,0,13,94,5,17,44,6,8,14,0,29,12,0,132,9,6,7,0,0,8,5,33,5,33,72,19,42,8,3,0,3,6,30,11,14,134,8,0,1,2,0,20,9,36,31,38,80
16,68,23,96,0,1,6,4,2,1,13,77,22,35,26,15,26,0,1,2,0,55,48,10,19,46,9,21,5,4,25,48,7,54,22,2,37,8,9,5,0,13,25,12,43,26,30,44,16,8,0,15,39,4,19,67,5,27,34,7,7,32,3,53,40,3,45,23,0,11,0,1,14,6,31,17,22,71,22,33,2,7,6,7,10,55,4,18,36,72,0,2,5,2,24,16,30,26,63,49
202,6,3,20,0,1,4,1,1,0,7,107,33,37,39,0,14,0,1,0,0,64,118,3,14,22,0,16,1,0,17,25,6,139,12,2,15,10,6,6,0,17,15,0,45,42,22,88,8,1,0,2,32,0,8,142,1,13,38,2,3,8,1,26,9,0,182,6,1,2,0,0,5,0,25,1,27,108,12,60,2,3,0,0,3,18,4,11,191,6,0,0,1,0,18,6,21,29,54,109
18,61,18,137,0,1,1,2,0,0,20,74,21,45,27,13,36,1,1,0,0,60,73,5,24,49,6,10,5,6,29,57,9,46,23,2,56,12,2,2,0,8,25,13,47,44,33,44,15,9,0,14,37,1,18,66,0,37,54,11,4,27,0,66,51,3,38,37,2,10,0,1,8,8,35,14,31,63,24,54,1,1,3,3,10,68,1,21,23,107,0,1,0,1,24,15,44,38,71,44
223,4,3,18,0,0,1,0,0,0,7,128,34,29,33,3,15,0,0,0,0,49,155,3,12,20,3,7,0,0,7,27,3,166,24,1,14,7,0,0,0,12,12,2,42,46,20,108,6,1,0,0,24,0,3,173,2,14,30,3,2,2,0,27,11,0,206,1,0,0,0,0,4,0,29,0,25,141,11,39,4,1,0,1,2,18,1,7,211,4,0,0,0,0,17,6,23,23,57,123
16,69,14,147,0,0,3,0,0,0,20,68,37,43,37,14,30,0,0,0,0,77,68,3,33,53,8,7,0,0,27,67,5,45,23,1,66,12,3,0,0,6,17,7,54,45,41,53,24,2,0,18,51,0,9,53,2,39,67,10,1,23,0,88,52,0,32,45,0,8,0,1,4,5,28,13,36,64,18,80,0,2,2,5,7,75,3,28,22,105,0,1,1,0,11,20,33,48,68,67
236,4,0,8,0,0,1,0,0,0,6,161,15,27,26,2,12,0,0,0,0,41,180,0,7,12,2,7,0,0,7,13,0,194,12,0,13,8,2,0,0,19,10,3,46,48,19,103,1,0,0,0,25,0,4,187,0,8,24,1,0,1,0,24,3,0,220,1,0,0,0,0,1,1,26,0,29,145,9,38,1,1,0,0,2,23,0,1,219,2,0,0,0,0,8,7,23,31,43,137
9,65,4,168,0,1,2,0,0,0,17,53,62,55,31,6,25,0,0,0,0,66,54,2,34,67,10,14,2,0,21,79,4,29,35,0,65,13,1,2,0,11,15,3,55,55,41,52,9,8,0,12,39,0,11,54,0,56,70,7,2,17,3,112,48,0,22,41,0,4,0,0,4,3,34,11,39,70,10,78,1,2,0,1,3,95,1,25,23,98,0,0,1,0,18,9,29,49,91,52
243,0,0,6,0,0,0,0,0,0,5,158,13,26,36,3,8,0,0,0,0,35,201,0,1,10,1,1,0,0,4,11,1,211,8,0,10,4,0,0,0,10,12,2,57,47,16,105,0,0,0,0,22,0,0,209,0,6,12,0,0,1,0,17,2,0,229,0,0,0,0,0,1,0,18,0,26,161,2,41,0,0,0,1,2,13,0,0,233,0,0,0,0,0,7,2,13,30,43,154
5,62,3,178,0,0,1,0,0,0,11,60,67,54,32,4,21,0,0,0,0,95,40,1,32,60,9,12,0,0,32,71,4,28,26,0,78,10,0,0,0,9,26,3,55,52,39,56,5,4,0,5,57,0,6,36,0,49,92,4,1,12,0,123,57,1,20,32,0,3,0,0,1,1,37,6,33,69,10,92,0,1,0,0,8,109,0,20,12,99,0,0,0,0,10,8,37,56,87,51
242,0,0,7,0,0,0,0,0,0,1,184,7,28,20,0,9,0,0,0,0,36,192,0,3,8,2,8,0,0,1,7,1,220,13,0,5,2,0,0,0,10,10,0,68,44,10,107,0,0,0,0,8,0,1,215,0,4,21,0,0,0,0,9,0,0,240,0,0,0,0,0,0,0,14,0,24,176,1,34,0,0,0,0,3,6,0,0,240,0,0,0,0,0,10,2,18,22,57,140
5,58,0,185,0,0,1,0,0,0,13,48,79,59,34,3,13,0,0,0,0,91,51,0,31,59,3,13,0,1,23,81,3,14,26,0,90,11,1,0,0,9,18,1,65,52,41,50,8,5,0,2,70,0,7,28,0,52,90,0,0,16,1,139,64,1,7,20,0,1,0,0,2,1,50,5,32,51,13,95,0,0,0,0,3,117,0,16,5,108,0,0,0,0,13,4,29,43,91,69
243,1,0,5,0,0,0,0,0,0,2,198,3,20,19,0,7,0,0,0,0,34,199,0,6,5,2,3,0,0,0,9,0,226,8,0,4,2,0,0,0,5,10,0,56,47,17,114,0,0,0,0,6,0,0,225,0,7,11,0,0,1,0,11,0,0,237,0,0,0,0,0,0,0,14,0,12,194,0,29,0,0,0,0,0,4,0,0,244,1,0,0,0,0,5,2,9,30,46,157
5,44,0,200,0,0,0,0,0,0,9,38,95,55,34,1,17,0,0,0,0,107,47,0,22,58,0,14,0,1,21,74,0,18,32,0,102,1,1,0,0,4,19,2,71,55,32,57,7,2,0,4,78,0,5,23,0,46,92,1,0,17,0,134,52,0,12,33,0,1,0,0,2,0,34,1,40,49,6,117,0,0,0,0,0,129,0,12,5,103,0,0,0,0,7,6,25,58,91,62
248,0,0,1,0,0,0,0,0,0,0,206,4,19,16,1,3,0,0,0,0,27,219,0,0,2,0,1,0,0,0,6,0,227,5,0,11,0,0,0,0,8,8,1,62,49,12,109,0,0,0,0,6,0,1,225,0,6,11,0,0,0,0,4,0,0,245,0,0,0,0,0,0,0,7,0,11,208,0,23,0,0,0,0,0,4,0,0,245,0,0,0,0,0,6,0,11,22,37,173
1,47,0,201,0,0,0,0,0,0,9,36,99,49,43,0,13,0,0,0,0,117,28,0,29,58,2,15,0,0,26,90,2,18,33,0,79,1,0,0,0,6,15,1,67,57,35,64,2,2,0,0,61,0,3,24,0,51,110,0,0,14,0,152,57,0,4,22,0,0,0,0,0,1,36,5,43,33,5,126,0,0,0,0,1,124,0,4,4,116,0,0,0,0,6,3,25,56,103,56
249,0,0,0,0,0,0,0,0,0,0,222,4,9,10,0,4,0,0,0,0,25,222,0,0,1,0,1,0,0,0,8,0,229,6,0,6,0,0,0,0,5,1,0,58,46,11,128,0,0,0,0,3,0,1,232,0,1,12,0,0,0,0,4,0,0,245,0,0,0,0,0,0,0,6,0,11,206,0,26,0,0,0,0,0,2,0,0,247,0,0,0,0,0,2,0,6,9,50,182
0,37,0,212,0,0,0,0,0,0,5,21,90,62,59,1,11,0,0,0,0,117,27,0,34,64,2,5,0,0,10,93,1,17,27,0,100,1,0,0,0,4,17,1,84,51,31,57,4,0,0,0,71,0,1,17,0,38,122,0,0,9,0,163,57,0,4,13,0,3,0,0,0,1,36,0,36,37,2,137,0,0,0,0,0,139,0,1,2,107,0,0,0,0,7,2,15,57,114,54
19,2,0,5,0,3,0,0,0,1,2,9,2,6,3,3,3,0,1,1,0,3,12,1,4,4,1,1,2,2,8,3,1,9,2,0,4,0,0,3,0,0,5,2,6,4,5,3,3,2,2,0,2,0,4,12,0,2,7,1,3,1,1,7,4,0,7,3,1,3,1,1,3,2,5,3,2,7,2,4,0,0,1,0,2,7,1,2,12,5,1,1,0,0,4,3,2,2,6,11
7,11,2,5,1,0,3,0,0,1,2,7,6,7,0,1,3,0,1,3,0,5,3,0,6,4,4,3,3,2,2,8,1,9,4,0,2,2,2,0,0,3,4,1,6,0,3,7,3,3,2,3,1,1,1,9,0,4,5,4,0,1,1,1,7,1,10,3,2,4,2,0,2,3,2,5,2,7,3,4,0,1,2,0,2,8,0,5,6,6,0,2,2,1,0,8,3,5,5,4
194,3,0,12,0,2,2,0,0,4,9,85,30,39,19,13,19,0,1,2,0,10,108,3,24,32,10,7,13,10,37,25,3,112,16,0,19,2,2,1,0,1,12,14,86,22,26,32,11,13,5,5,6,1,18,111,0,12,54,5,8,7,8,55,36,0,65,21,5,12,4,0,4,18,32,23,21,88,8,19,0,0,2,0,7,47,2,15,111,33,12,4,3,1,15,33,8,23,36,82
18,87,8,95,3,1,4,0,0,1,17,47,40,45,27,15,18,4,2,2,0,44,29,5,49,37,7,21,19,6,30,56,7,64,25,0,22,6,0,7,0,6,30,14,61,11,30,42,13,10,7,21,14,2,13,60,0,17,73,10,8,13,8,33,39,3,71,21,4,17,5,1,21,16,31,31,18,43,25,26,0,1,2,0,5,73,6,25,58,47,1,16,9,5,13,43,14,32,44,40
235,1,0,2,0,0,0,0,0,0,5,123,37,29,20,6,16,0,0,2,0,11,149,1,21,32,1,11,8,4,31,26,0,160,8,0,9,0,0,4,0,0,22,9,110,19,30,41,4,3,1,3,5,0,10,132,0,12,75,0,4,6,7,66,32,0,98,16,2,7,4,0,5,14,24,22,16,122,13,18,0,0,1,0,3,58,0,12,136,28,5,4,4,1,10,32,4,22,49,107
3,94,5,133,0,3,0,0,0,0,14,48,48,57,39,17,12,1,1,1,0,33,32,1,55,66,5,20,17,9,38,63,2,62,25,0,42,3,0,3,0,5,28,14,80,19,24,50,9,9,4,15,20,0,10,80,0,19,85,5,3,26,4,47,44,1,69,24,7,13,4,3,7,15,44,38,24,38,31,34,0,0,2,0,4,74,2,27,58,71,4,6,4,1,9,48,11,38,61,56
244,0,0,5,0,0,0,0,0,0,1,151,25,28,26,4,13,0,0,1,0,13,172,0,33,18,1,4,5,3,21,9,0,209,4,0,6,0,0,0,0,0,12,3,150,13,22,43,1,5,0,5,0,0,10,156,0,10,68,0,3,10,0,62,42,0,101,27,1,3,0,0,6,10,32,19,15,139,7,21,0,0,0,0,0,52,1,7,160,29,3,5,1,1,11,28,6,20,42,132
5,79,0,162,1,0,1,0,0,1,14,51,70,57,30,12,11,0,1,3,0,38,42,1,54,71,5,17,17,4,49,85,1,33,31,0,47,2,0,1,0,5,24,8,61,16,50,67,9,9,8,12,9,0,12,77,0,9,120,2,3,14,4,68,45,0,85,24,2,4,2,0,15,14,48,45,30,39,22,34,1,0,1,0,1,100,1,24,56,65,1,5,7,0,12,49,6,52,63,54
248,1,0,0,0,0,0,0,0,0,0,165,32,18,18,3,12,1,0,0,0,8,175,0,28,28,2,4,3,1,15,10,0,218,3,0,3,0,0,0,0,0,9,0,179,7,21,31,1,1,0,3,2,0,2,189,0,4,49,0,2,6,0,78,36,0,111,12,0,4,3,0,5,11,27,12,12,163,10,6,0,0,0,0,0,44,0,5,183,17,0,4,2,0,9,42,1,15,53,123
1,76,2,169,0,0,1,0,0,0,10,44,76,55,48,5,10,0,0,1,0,39,36,1,54,84,8,18,8,1,71,66,1,23,44,0,40,3,0,1,0,4,38,11,51,26,44,70,2,3,2,7,10,0,10,55,0,15,150,0,3,14,1,56,45,0,88,28,1,13,2,0,4,9,64,40,25,40,30,35,0,0,0,0,0,97,0,27,48,77,2,2,3,0,7,66,8,36,71,54
249,0,0,0,0,0,0,0,0,0,0,187,18,17,20,1,6,0,0,0,0,2,192,0,24,25,0,5,1,0,8,5,0,234,2,0,0,0,0,0,0,0,4,1,194,6,20,20,1,3,0,2,1,0,3,187,0,4,52,0,1,3,0,73,36,0,126,10,0,0,0,0,1,5,29,10,16,162,15,11,0,0,0,0,0,39,0,7,189,14,0,2,1,0,5,39,1,17,52,132
0,80,0,169,0,0,0,0,0,0,15,30,82,54,46,4,17,0,0,1,0,46,32,1,70,78,6,8,8,0,65,88,0,14,35,0,45,2,0,0,0,1,41,13,44,16,53,78,2,1,2,5,7,0,11,57,0,9,158,0,3,20,2,66,41,0,85,22,0,10,0,1,3,9,50,51,29,49,23,34,0,0,0,0,1,113,0,25,40,70,0,0,0,1,10,62,6,34,77,59
249,0,0,0,0,0,0,0,0,0,0,189,22,13,18,0,7,0,0,0,0,1,190,0,36,14,0,3,4,1,7,5,0,235,2,0,0,0,0,0,0,0,4,0,208,4,12,21,0,0,0,0,0,0,0,200,0,2,47,0,0,4,0,66,41,0,131,6,0,1,1,0,0,7,19,9,8,183,6,16,0,0,0,0,0,35,0,5,194,15,0,1,1,0,4,32,1,18,51,141
0,73,0,176,0,0,0,0,0,0,15,41,85,56,39,3,9,0,0,1,0,37,36,0,58,96,4,11,6,1,65,83,0,13,37,0,50,1,0,0,0,1,24,10,35,17,68,93,0,1,1,3,6,0,5,48,0,6,180,0,1,9,0,69,51,0,87,26,0,6,0,0,4,9,78,42,34,32,20,30,0,0,0,0,0,104,0,16,41,88,0,0,1,0,16,76,1,32,70,53
249,0,0,0,0,0,0,0,0,0,0,199,17,20,11,0,2,0,0,0,0,1,209,0,17,19,0,2,1,0,7,5,0,237,0,0,0,0,0,0,0,0,4,0,216,1,8,20,0,0,0,0,0,0,2,201,0,1,45,0,0,0,0,65,40,0,137,6,0,1,0,0,0,4,22,7,12,174,9,21,0,0,0,0,0,27,0,4,212,6,0,0,1,0,4,34,0,18,43,149
0,70,1,178,0,0,0,0,0,0,7,37,97,58,42,3,5,0,0,0,0,31,27,0,77,106,0,5,3,0,65,69,0,11,55,0,49,0,0,0,0,1,43,8,28,10,57,102,0,0,0,1,5,0,6,46,0,5,186,0,0,6,0,73,54,0,89,24,1,2,0,0,2,6,62,46,29,48,22,34,0,0,0,0,0,115,0,10,31,93,0,1,1,0,3,84,2,38,71,49
249,0,0,0,0,0,0,0,0,0,0,207,18,10,12,0,2,0,0,0,0,1,215,0,18,14,0,0,0,1,2,0,0,247,0,0,0,0,0,0,0,0,2,0,238,1,4,4,0,0,0,0,0,0,0,221,0,1,27,0,0,0,0,54,34,0,158,3,0,0,0,0,1,3,15,7,7,195,6,15,0,0,0,0,0,22,0,1,219,7,0,0,0,0,3,33,0,8,48,157
0,59,0,190,0,0,0,0,0,0,10,23,108,62,37,1,8,0,0,0,0,24,20,0,64,130,0,7,4,0,75,75,0,2,49,0,48,0,0,0,0,0,29,8,10,10,73,119,0,0,1,3,2,0,1,27,0,5,210,0,1,4,0,69,78,0,68,25,0,4,0,0,1,8,83,42,23,33,15,44,0,0,0,0,0,128,0,12,24,85,0,1,2,0,3,76,1,37,79,50
249,0,0,0,0,0,0,0,0,0,0,208,19,8,11,0,3,0,0,0,0,0,229,0,14,5,0,1,0,0,1,2,0,246,0,0,0,0,0,0,0,0,1,0,230,2,6,10,0,0,0,0,0,0,0,218,0,0,31,0,0,0,0,55,37,0,155,1,0,1,0,0,0,1,19,4,5,212,1,7,0,0,0,0,0,17,0,1,220,11,0,0,0,0,1,34,2,8,38,166
0,55,0,194,0,0,0,0,0,0,9,25,112,53,43,1,6,0,0,0,0,23,13,0,65,137,1,7,3,0,92,79,0,3,45,0,30,0,0,0,0,0,33,8,18,9,75,106,0,0,1,1,0,0,4,31,0,1,211,0,0,2,1,93,57,0,81,13,0,2,0,0,1,4,88,47,28,29,11,41,0,0,0,0,0,127,0,9,26,87,0,0,0,0,0,87,1,37,79,45
20,1,0,4,0,3,0,0,2,0,3,9,5,6,0,3,1,1,1,1,1,5,8,6,3,1,2,1,1,2,5,0,8,10,3,2,2,0,0,0,0,8,6,0,5,3,1,3,2,2,1,2,3,2,1,5,3,4,6,3,2,4,2,3,2,0,9,3,0,5,0,0,3,1,5,7,4,2,2,6,0,2,1,1,1,3,2,4,9,7,0,0,3,1,0,4,2,6,5,9
2,8,1,13,3,0,1,1,0,1,1,11,3,6,5,0,2,1,1,0,2,8,4,1,6,1,2,5,1,0,1,6,3,7,3,2,5,2,0,1,0,4,3,5,3,5,2,2,4,2,1,1,2,0,6,6,0,3,3,8,1,1,2,3,6,0,7,8,1,1,0,1,1,2,4,3,4,11,2,2,1,1,1,1,2,7,2,4,8,3,0,1,1,1,4,9,1,4,4,5
169,12,0,29,1,5,0,0,1,0,13,106,40,43,7,3,1,2,1,1,3,52,68,25,22,11,12,15,4,5,26,12,51,86,15,6,17,3,0,1,1,42,37,13,44,25,7,14,15,19,0,7,26,1,18,78,2,22,39,24,4,10,14,16,16,0,108,23,0,26,0,0,16,3,36,44,19,60,5,34,0,2,2,4,2,30,6,21,99,51,0,1,6,4,7,29,9,29,50,82
23,59,1,115,5,3,7,2,1,1,14,58,35,53,21,9,18,5,3,1,3,47,43,21,46,16,17,14,7,3,25,54,28,54,16,8,27,1,2,2,2,28,37,25,48,15,13,29,9,11,2,5,19,5,26,46,7,27,35,45,10,17,3,41,48,2,49,33,0,14,0,1,25,6,36,42,17,53,10,27,1,6,2,4,7,53,12,19,69,44,0,1,3,2,10,68,17,51,26,39
197,11,0,27,0,2,0,0,1,0,11,128,49,37,5,3,4,0,1,0,0,63,89,34,22,5,11,9,1,4,29,14,61,106,9,1,18,0,0,0,0,45,43,13,80,12,2,19,12,12,0,6,23,3,15,80,3,27,60,21,2,11,6,11,25,0,145,14,0,24,0,0,7,0,47,60,10,66,3,45,0,0,1,1,1,30,7,17,141,40,0,0,1,0,1,34,9,41,48,104
26,72,0,131,1,2,5,0,1,0,19,60,47,65,27,7,8,4,1,0,7,61,51,20,37,13,29,14,5,1,13,64,32,60,19,5,42,2,1,0,1,18,36,26,57,21,23,38,4,14,2,10,18,4,25,50,5,38,30,56,4,11,7,48,47,0,65,43,0,13,0,0,33,0,40,42,12,75,7,29,0,3,0,3,1,57,8,47,57,62,0,1,1,5,5,75,10,53,44,44
221,6,0,21,0,0,1,0,0,0,3,169,35,36,2,0,2,1,1,0,1,63,113,24,16,4,13,13,1,1,21,9,44,151,8,1,15,0,0,0,0,43,41,14,94,14,5,23,7,8,0,7,29,0,12,97,1,26,59,18,0,4,4,5,24,0,185,13,0,14,0,1,20,0,45,51,18,81,2,31,0,1,0,0,1,27,6,17,150,47,0,0,2,1,3,28,4,44,50,117
23,66,0,157,1,0,1,0,1,0,20,59,54,72,34,1,9,0,0,0,2,80,59,23,35,11,18,16,2,3,35,62,38,49,17,6,42,0,0,0,0,22,47,25,64,16,23,34,8,10,0,3,13,1,22,71,4,35,38,62,2,13,19,51,62,0,39,54,0,9,0,1,23,2,55,50,4,76,5,33,0,4,0,0,1,85,3,35,60,61,0,0,1,0,5,72,12,53,58,48
229,2,0,18,0,0,0,0,0,0,1,190,29,29,0,0,0,0,0,0,0,77,107,21,22,6,10,5,1,0,10,6,52,165,9,2,5,0,0,0,0,28,47,12,109,19,5,25,2,2,0,1,20,0,16,120,2,20,45,25,1,1,2,4,19,0,202,12,0,8,0,0,11,0,35,53,9,105,4,32,0,0,0,0,0,26,2,11,163,47,0,0,1,0,0,26,2,44,47,129
19,73,0,157,0,0,0,0,0,0,19,49,60,92,24,1,4,0,0,0,2,93,70,19,35,5,7,11,3,4,30,54,65,44,14,0,42,0,0,0,0,35,42,21,64,22,14,35,8,8,0,3,22,0,22,63,1,45,42,51,1,11,4,57,76,0,30,58,0,12,0,0,14,1,51,41,23,70,6,43,0,3,0,0,0,78,4,35,60,69,0,0,0,1,1,88,5,46,56,52
237,0,0,12,0,0,0,0,0,0,1,183,30,33,2,0,0,0,0,0,0,79,114,16,18,1,13,7,0,1,7,5,54,170,8,0,5,0,0,0,0,35,36,7,119,21,6,16,3,6,0,0,14,0,13,133,1,21,47,20,0,1,0,5,13,0,220,9,0,1,0,0,9,0,34,54,4,120,1,27,0,0,0,0,0,19,1,16,174,39,0,0,1,0,0,37,2,36,47,126
12,61,0,176,0,0,0,0,0,0,19,57,58,83,29,2,1,0,0,0,0,91,79,19,29,5,16,10,0,0,23,59,73,38,21,0,35,0,0,0,0,25,52,26,61,23,19,33,4,6,1,0,19,1,24,57,1,43,53,50,0,14,6,60,88,0,20,51,0,10,0,0,8,0,62,43,9,76,5,46,0,0,0,0,1,79,0,32,53,84,0,0,0,0,2,72,6,47,67,55
243,0,0,6,0,0,0,0,0,0,0,198,23,26,2,0,0,0,0,0,0,83,123,18,12,1,10,2,0,0,1,5,46,190,5,0,2,0,0,0,0,39,36,8,133,12,1,14,3,3,0,1,10,0,7,139,0,20,54,18,0,1,1,0,13,0,223,7,0,4,0,0,5,0,33,55,5,123,0,28,0,0,0,0,0,20,1,12,182,34,0,0,0,0,0,28,1,34,50,136
6,53,0,190,0,0,0,0,0,0,13,44,65,104,21,1,1,0,0,0,0,97,78,17,36,5,10,5,1,0,27,85,56,33,16,0,32,0,0,0,0,27,58,22,47,18,15,48,6,8,0,1,9,0,20,72,0,44,57,46,0,7,2,67,88,0,19,60,0,6,0,0,10,0,55,60,4,71,2,47,0,0,0,0,0,79,4,41,56,69,0,0,0,0,0,80,5,43,65,56
245,0,0,4,0,0,0,0,0,0,0,216,11,22,0,0,0,0,0,0,0,90,122,14,16,0,4,3,0,0,2,1,53,185,6,1,1,0,0,0,0,30,40,9,145,8,4,11,2,0,0,0,10,0,10,141,0,22,50,16,0,1,0,0,8,0,234,4,0,2,0,0,4,0,20,50,1,146,0,28,0,0,0,0,0,14,0,9,191,35,0,0,0,0,0,25,0,33,32,159
4,51,0,194,0,0,0,0,0,0,10,31,75,114,19,0,0,0,0,0,0,108,76,21,28,2,12,2,0,0,26,72,68,42,12,1,28,0,0,0,0,28,54,13,62,21,17,37,6,11,0,1,12,0,19,64,0,46,65,42,0,6,2,60,120,0,13,43,0,5,0,0,5,0,57,64,8,68,4,43,0,0,0,0,0,100,1,33,51,64,0,0,0,0,1,73,0,51,67,57
245,0,0,4,0,0,0,0,0,0,0,219,12,18,0,0,0,0,0,0,0,83,131,11,14,1,6,3,0,0,3,3,38,201,3,0,1,0,0,0,0,34,23,4,162,8,2,14,2,0,0,0,4,0,5,165,0,12,49,14,0,0,0,0,2,0,242,4,0,1,0,0,1,0,32,41,1,145,1,28,0,0,0,0,0,12,0,6,211,20,0,0,0,0,0,18,0,27,31,173
4,45,0,200,0,0,0,0,0,0,10,29,73,118,19,0,0,0,0,0,0,124,88,16,13,0,6,2,0,0,23,72,74,40,8,0,32,0,0,0,0,23,67,18,59,14,18,43,1,6,0,0,7,0,27,50,0,52,65,48,0,11,0,55,109,0,5,64,0,5,0,0,6,0,54,64,3,70,0,52,0,0,0,0,0,88,0,34,34,93,0,0,0,0,0,84,0,55,66,44
248,0,0,1,0,0,0,0,0,0,0,226,10,13,0,0,0,0,0,0,0,79,149,4,13,0,2,2,0,0,1,3,25,217,2,0,1,0,0,0,0,22,26,2,182,5,2,10,0,0,0,0,0,0,4,175,0,13,49,8,0,0,0,1,4,0,244,0,0,0,0,0,0,0,31,50,1,138,1,28,0,0,0,0,0,9,0,3,211,26,0,0,0,0,0,24,1,34,28,162
1,50,0,198,0,0,0,0,0,0,3,21,76,138,11,0,0,0,0,0,0,122,78,10,26,2,8,3,0,0,27,68,85,22,9,0,38,0,0,0,0,23,70,23,41,12,20,51,1,8,0,0,11,0,21,58,0,48,66,45,0,3,0,51,119,0,5,63,0,8,0,0,7,0,67,41,4,82,0,48,0,0,0,0,0,87,0,40,34,88,0,0,0,0,1,81,0,43,70,54
21,0,0,5,1,0,0,0,1,2,2,12,4,8,1,1,1,0,0,1,0,2,13,1,3,1,4,3,1,2,2,7,4,4,6,1,4,0,1,1,1,5,5,1,7,2,1,4,3,1,1,2,4,1,0,6,0,6,8,2,2,3,1,3,4,0,10,4,1,2,3,1,4,2,3,2,2,7,2,4,1,1,2,1,1,5,1,2,11,5,2,0,0,1,2,3,0,7,4,11
4,11,1,8,1,0,1,2,2,0,5,3,5,7,8,0,0,1,1,0,0,8,1,3,5,1,2,3,5,2,0,4,2,13,1,0,4,4,1,1,1,0,2,4,5,4,5,4,2,3,0,2,1,1,4,8,1,3,3,7,0,3,3,3,4,1,4,3,4,5,0,1,1,2,7,3,3,7,3,3,0,1,3,0,2,6,2,5,5,6,0,1,3,1,2,2,4,10,2,5
192,0,0,21,1,0,1,0,1,1,15,103,38,38,15,0,3,1,1,3,0,18,93,4,42,5,25,16,5,9,10,40,18,85,17,6,31,5,4,1,2,22,27,13,73,18,25,20,12,5,2,5,15,2,12,71,2,40,46,22,3,13,19,20,22,0,87,33,0,20,8,3,5,11,37,11,15,78,11,38,1,4,10,7,2,44,7,10,98,34,1,0,5,1,8,13,0,69,14,106
13,71,5,100,4,1,14,3,3,3,11,45,43,51,47,3,12,3,1,1,0,63,43,12,36,17,17,14,9,6,10,46,19,62,24,7,35,8,4,2,2,21,19,21,55,19,32,30,13,5,4,14,16,1,21,51,7,37,42,24,3,9,24,30,27,1,58,34,11,20,3,4,11,15,36,19,16,55,21,37,2,9,6,5,3,52,8,31,48,53,1,3,5,8,14,16,8,82,30,50
214,0,0,24,0,0,0,0,0,0,6,108,41,53,27,0,2,0,0,1,0,25,122,5,41,9,16,13,5,2,9,38,15,116,11,7,31,9,2,0,0,27,21,13,120,19,9,20,6,3,0,3,17,0,12,101,2,47,47,9,1,6,19,15,22,0,124,35,3,13,5,5,5,21,35,8,15,99,7,38,0,0,6,2,2,54,2,12,131,29,0,1,1,1,7,11,0,88,13,116
14,71,5,133,3,0,10,1,0,1,11,62,51,48,53,4,7,1,1,0,0,82,42,4,42,11,32,18,3,4,7,55,21,70,20,5,46,6,5,3,2,23,28,20,48,13,45,43,12,4,2,9,22,1,27,56,3,55,41,22,4,13,19,38,41,4,55,37,8,19,7,6,8,10,55,13,11,56,13,59,2,3,10,1,2,62,4,22,61,71,1,2,2,3,13,15,5,87,33,77
230,0,0,19,0,0,0,0,0,0,1,144,39,48,17,0,0,0,0,0,0,33,145,2,33,4,11,16,1,4,1,41,12,153,8,0,29,4,1,0,0,19,15,11,162,9,7,18,7,1,0,2,13,1,9,125,1,36,45,17,0,6,10,16,15,0,171,27,0,4,0,1,3,8,44,6,11,117,6,53,0,0,8,0,1,55,1,8,153,23,0,0,0,0,2,6,0,102,8,131
13,73,2,155,1,0,5,0,0,0,7,58,57,71,48,0,8,0,0,0,0,91,49,5,43,22,21,11,4,3,11,72,12,62,18,3,60,9,2,0,0,24,23,20,49,22,45,55,10,1,1,4,24,0,37,47,1,50,62,23,0,13,23,55,40,1,52,46,5,14,1,3,9,4,52,15,20,67,15,63,0,2,10,0,6,67,3,25,57,79,0,1,0,1,10,17,4,107,30,79
238,0,0,10,0,0,1,0,0,0,1,154,41,36,17,0,0,0,0,0,0,23,156,3,31,5,20,9,1,1,3,32,10,169,11,0,23,1,0,0,1,16,14,11,173,3,9,17,5,0,0,2,8,0,10,119,0,50,52,8,0,3,7,8,14,0,196,16,0,5,0,0,2,11,43,4,13,136,6,34,0,0,1,1,2,50,0,7,160,28,0,0,0,0,1,10,0,84,12,142
9,66,0,171,1,0,1,1,0,0,1,68,53,83,40,0,3,1,0,0,0,109,37,3,53,12,20,11,2,2,4,84,18,51,21,1,66,2,2,0,0,24,20,21,56,20,36,63,9,0,0,4,14,0,29,68,0,50,58,26,0,8,26,52,30,0,39,73,2,19,0,1,8,6,59,14,12,59,12,78,0,3,3,0,3,77,0,27,64,72,0,0,0,1,6,7,1,132,18,84
238,0,0,11,0,0,0,0,0,0,1,172,28,39,8,0,1,0,0,0,0,20,166,2,38,4,9,8,2,0,0,35,5,183,10,0,16,0,0,0,0,11,7,12,200,7,2,9,1,0,0,0,8,0,5,138,1,40,53,4,0,1,8,5,3,0,206,24,1,1,0,0,2,7,36,0,5,135,7,57,0,0,1,0,0,59,0,4,169,16,0,0,0,0,0,4,0,94,2,149
10,53,0,185,0,0,1,0,0,0,5,58,62,84,38,0,2,0,0,0,0,116,36,6,48,13,18,11,1,0,6,85,23,53,18,0,61,3,0,0,0,28,26,23,32,13,50,73,3,1,0,2,13,0,26,56,0,57,78,17,0,7,20,59,56,0,36,59,1,11,0,1,2,6,72,7,10,63,12,76,0,0,5,0,1,90,0,20,58,75,0,0,1,1,5,5,1,126,22,88
248,0,0,1,0,0,0,0,0,0,0,196,13,36,4,0,0,0,0,0,0,19,182,0,27,3,11,7,0,0,0,25,5,186,6,0,26,1,0,0,0,8,2,5,218,4,0,12,0,0,0,0,7,0,3,147,0,38,50,4,0,1,9,5,7,0,210,13,0,4,0,0,2,4,34,0,3,154,3,49,0,0,1,0,0,51,0,4,181,12,0,0,0,0,1,1,0,90,2,155
1,39,0,209,0,0,0,0,0,0,1,42,67,93,44,0,2,0,0,0,0,139,31,2,46,10,14,7,0,0,1,90,18,58,19,1,61,1,0,0,0,41,21,18,25,18,47,75,4,0,0,2,13,0,26,59,1,71,64,13,0,3,20,58,45,0,31,83,3,6,1,0,1,5,58,7,4,59,10,104,0,0,3,0,0,107,0,15,58,66,0,0,0,0,3,5,0,136,21,84
246,0,0,3,0,0,0,0,0,0,0,197,13,29,10,0,0,0,0,0,0,13,184,0,40,0,7,3,2,0,0,14,0,216,3,0,16,0,0,0,0,9,2,4,225,3,1,5,0,0,0,0,4,0,3,164,0,30,45,3,0,0,3,3,5,0,224,13,0,1,0,0,0,2,37,0,5,145,1,59,0,0,0,0,0,40,0,0,202,7,0,0,0,0,0,2,0,90,1,156
3,40,0,206,0,0,0,0,0,0,2,38,69,95,45,0,0,0,0,0,0,130,34,1,47,15,18,4,0,0,4,106,12,27,20,0,79,1,0,0,0,38,21,20,21,27,48,71,3,0,0,1,10,0,18,48,0,81,80,11,0,2,23,52,57,0,20,82,0,13,1,0,1,3,55,9,9,70,12,89,0,0,1,0,0,124,0,9,44,71,0,0,0,0,3,2,0,144,13,87
248,0,0,1,0,0,0,0,0,0,0,202,12,30,5,0,0,0,0,0,0,9,203,0,25,1,8,3,0,0,1,20,5,207,2,0,14,0,0,0,0,4,3,0,238,0,0,3,1,0,0,0,4,0,2,170,0,39,32,2,0,0,4,2,4,0,225,14,0,0,0,0,0,1,26,3,3,158,3,55,0,0,0,0,0,39,0,2,198,10,0,0,0,0,0,1,0,89,1,158
1,25,0,223,0,0,0,0,0,0,2,40,66,98,43,0,0,0,0,0,0,149,25,0,54,9,10,2,0,0,3,106,9,34,15,0,82,0,0,0,0,48,16,17,10,18,56,81,3,0,0,0,8,0,27,52,0,74,82,6,0,5,20,56,48,0,22,93,0,5,0,0,0,4,62,4,7,64,1,107,0,0,0,0,0,133,0,9,45,62,0,0,0,0,0,0,0,151,8,90
248,0,0,1,0,0,0,0,0,0,0,220,8,16,5,0,0,0,0,0,0,10,199,1,30,2,4,3,0,0,0,16,1,218,0,0,14,0,0,0,0,4,0,0,242,0,0,3,0,0,0,0,5,0,2,172,0,38,30,2,0,0,1,0,0,0,244,4,0,0,0,0,0,1,37,0,5,167,2,37,0,0,0,0,0,37,0,1,206,5,0,0,0,0,0,0,0,88,1,160
1,34,0,214,0,0,0,0,0,0,0,22,77,98,52,0,0,0,0,0,0,154,31,0,48,4,12,0,0,0,1,130,6,26,17,0,69,0,0,0,0,35,13,21,6,16,72,85,1,0,0,0,2,0,24,45,0,78,97,3,0,2,18,65,51,0,4,105,0,4,0,0,0,0,54,1,2,63,6,123,0,0,0,0,0,135,0,5,38,71,0,0,0,0,0,1,0,156,3,89
19,3,1,2,1,1,1,0,0,2,1,6,5,8,2,1,3,2,1,1,1,1,12,5,1,3,2,2,2,1,5,3,0,9,2,0,8,1,2,0,1,5,6,4,4,3,2,2,1,2,0,3,0,0,2,12,0,6,4,3,1,2,1,2,4,1,9,2,1,7,0,0,3,3,3,4,4,8,1,4,4,1,1,1,2,3,0,2,12,4,0,0,2,0,4,3,0,5,3,13
1,13,2,10,0,2,2,0,0,0,2,7,4,5,4,2,3,0,2,1,2,8,2,1,3,8,1,2,1,2,2,6,4,9,2,1,3,0,0,3,1,5,5,0,5,6,2,3,0,3,1,1,2,0,1,10,0,4,5,6,0,2,3,4,4,3,3,7,0,4,0,0,1,5,5,5,3,7,0,4,1,0,2,0,2,9,1,2,5,8,0,1,2,0,0,4,3,7,6,7
156,35,6,12,0,0,4,0,0,4,9,68,24,68,25,1,15,4,2,1,4,11,95,25,12,46,9,4,8,3,41,27,1,87,12,4,33,8,4,0,4,33,50,20,39,31,11,21,2,6,0,3,0,0,7,143,0,23,26,15,3,8,13,14,22,5,76,33,7,36,0,2,12,11,39,28,28,61,3,33,8,1,6,3,10,29,1,7,121,31,0,0,1,0,3,22,2,36,32,121
23,76,27,69,1,10,8,0,0,3,11,66,36,24,20,15,30,6,9,0,7,46,35,20,31,36,11,11,16,4,23,42,17,62,20,6,33,6,4,4,1,29,40,17,50,18,30,17,7,8,2,10,14,0,22,37,0,37,59,36,3,4,16,38,35,16,49,30,4,22,0,4,12,22,32,25,23,55,5,39,5,4,8,10,21,54,3,18,31,63,0,2,2,0,8,32,15,59,54,45
186,27,1,23,0,1,0,0,0,0,11,82,32,65,24,5,16,1,2,0,4,10,123,23,15,47,7,6,3,0,48,25,3,109,17,1,34,0,1,0,3,29,59,12,68,24,19,20,0,4,0,0,1,0,13,176,0,20,13,15,0,4,7,23,30,4,103,31,1,35,0,0,3,12,39,35,22,91,0,36,6,0,3,4,12,30,1,6,147,29,0,0,1,0,3,23,0,34,25,152
23,104,18,83,0,3,6,0,1,0,16,83,35,34,19,9,27,10,4,1,4,54,36,27,29,53,10,10,13,2,28,52,13,67,14,4,52,2,2,4,6,41,50,14,39,26,30,23,4,5,0,14,16,0,29,28,0,53,75,23,1,1,23,27,34,5,61,48,7,31,0,1,19,15,47,33,19,57,1,46,2,2,2,7,13,67,8,12,44,81,0,1,2,0,5,28,9,75,72,46
218,20,0,8,0,0,3,0,0,0,2,113,39,64,14,2,14,0,1,0,1,9,152,21,16,41,3,2,4,0,43,16,1,148,4,1,35,1,0,0,3,22,88,3,68,27,8,27,0,3,0,0,0,0,7,201,0,18,10,13,0,2,11,18,18,3,123,29,1,44,0,1,8,6,42,35,20,93,2,42,1,0,1,4,10,25,0,4,167,37,0,0,0,0,2,22,0,37,30,158
13,124,27,82,0,1,2,0,0,0,11,78,38,49,34,10,22,2,4,1,0,57,47,10,48,64,7,4,12,0,39,55,9,60,17,1,66,0,0,2,1,51,44,14,51,31,30,22,1,4,0,6,12,0,35,30,0,41,101,24,0,1,26,34,48,8,53,54,4,21,0,2,10,17,54,27,28,76,0,35,2,1,3,3,16,75,0,22,33,94,0,0,0,0,4,32,7,70,74,62
228,15,0,4,0,0,2,0,0,0,6,129,28,63,9,1,12,1,0,0,0,8,168,9,16,42,2,1,3,0,30,18,0,160,5,0,36,0,0,0,0,35,79,7,71,29,13,13,0,2,0,0,0,0,4,213,0,16,9,7,0,0,9,6,21,3,149,35,0,26,0,0,4,5,38,34,26,109,1,32,0,0,0,3,5,34,0,3,181,23,0,0,0,0,3,10,1,30,16,189
12,139,15,78,0,0,5,0,0,0,10,77,43,55,32,4,28,0,0,0,2,43,50,19,51,73,5,2,4,0,47,55,6,54,16,2,67,2,0,0,0,35,58,22,54,25,27,24,0,4,0,4,17,0,30,30,0,48,95,25,0,2,14,27,60,6,55,56,0,29,0,0,4,16,54,31,32,69,2,41,1,0,1,2,10,80,1,13,38,103,0,0,0,0,2,28,4,74,98,43
233,14,0,2,0,0,0,0,0,0,1,154,22,56,10,1,5,0,0,0,0,9,183,11,12,31,2,0,1,0,40,5,0,175,2,0,27,0,0,0,0,27,83,6,78,30,8,16,0,1,0,0,0,0,1,229,0,12,5,2,0,1,8,4,20,2,166,26,0,22,0,0,7,4,41,26,16,124,0,31,0,0,1,0,5,20,0,0,201,22,0,0,0,0,0,8,0,23,14,204
10,149,10,79,0,1,0,0,0,0,8,65,55,70,27,1,22,0,1,0,2,45,47,16,49,81,4,1,4,0,46,51,3,55,9,1,83,1,0,0,0,41,53,6,56,26,43,22,0,2,0,2,13,0,32,14,0,41,116,31,0,1,28,28,42,4,47,65,1,33,0,0,2,13,72,35,31,58,1,37,1,0,0,1,4,84,0,12,31,116,0,0,0,0,1,35,3,79,96,35
238,9,0,2,0,0,0,0,0,0,1,161,28,50,4,0,5,0,0,0,0,5,192,7,11,30,2,0,2,0,31,8,0,177,2,0,30,1,0,0,0,22,90,6,73,29,13,16,0,0,0,0,0,0,0,241,0,2,3,3,0,0,7,5,7,1,181,29,0,19,0,0,3,4,37,24,15,136,0,30,0,0,0,0,6,14,0,0,213,16,0,0,0,0,0,4,0,14,15,216
8,161,9,71,0,0,0,0,0,0,3,67,40,86,29,2,22,0,0,0,2,54,42,12,55,80,1,2,1,0,55,41,1,53,19,0,79,1,0,0,0,36,65,6,69,24,30,19,0,0,0,0,22,0,29,7,0,49,117,25,0,0,17,36,57,4,39,75,0,21,0,0,4,4,70,33,35,54,0,49,0,0,0,1,3,82,0,5,26,132,0,0,0,0,0,26,2,88,105,28
241,6,0,2,0,0,0,0,0,0,2,153,17,66,8,0,3,0,0,0,0,4,188,8,8,41,0,0,0,0,32,8,0,178,4,0,27,0,0,0,0,16,103,3,86,21,13,7,0,0,0,0,0,0,1,240,0,3,2,3,0,0,5,2,15,0,186,30,0,11,0,0,3,2,41,19,13,151,0,20,0,0,0,0,2,19,0,2,212,14,0,0,0,0,0,5,0,15,18,211
8,167,6,68,0,0,0,0,0,0,4,72,52,71,31,0,18,0,1,0,0,50,43,15,55,78,4,2,2,0,57,46,0,62,8,0,76,0,0,0,0,36,56,6,80,22,32,16,0,1,0,1,18,0,29,9,0,50,113,29,0,0,20,21,65,0,42,69,0,32,0,0,3,1,76,45,24,51,0,49,0,0,0,0,4,82,0,7,26,130,0,0,0,0,0,22,3,76,115,33
247,2,0,0,0,0,0,0,0,0,0,173,16,52,6,0,2,0,0,0,0,1,205,2,12,29,0,0,0,0,26,1,0,195,2,0,25,0,0,0,0,16,92,2,99,22,10,8,0,0,0,0,0,0,0,242,0,4,1,2,0,0,2,0,10,0,210,23,0,4,0,0,1,2,39,22,16,139,0,30,0,0,0,0,1,14,0,0,225,9,0,0,0,0,0,0,0,7,5,237
1,174,3,71,0,0,0,0,0,0,4,58,45,94,30,1,17,0,0,0,0,49,34,18,70,77,1,0,0,0,62,53,0,45,13,0,76,0,0,0,0,34,68,9,69,18,34,17,0,0,0,0,14,0,27,6,0,48,121,33,0,0,13,21,65,0,23,91,0,36,0,0,2,0,67,40,20,72,0,48,0,0,0,1,1,93,0,8,20,126,0,0,0,0,0,26,0,82,130,11
247,2,0,0,0,0,0,0,0,0,0,173,11,56,7,0,2,0,0,0,0,2,214,5,5,23,0,0,0,0,24,2,0,205,0,0,18,0,0,0,0,11,105,1,95,14,10,13,0,0,0,0,0,0,1,244,0,3,0,1,0,0,2,0,7,0,200,30,0,10,0,0,1,2,40,17,8,162,0,19,0,0,0,0,1,6,0,0,234,8,0,0,0,0,0,0,0,4,4,241
2,172,3,72,0,0,0,0,0,0,0,64,51,95,25,1,13,0,0,0,0,30,31,14,66,108,0,0,0,0,72,52,0,40,2,0,83,0,0,0,0,29,68,4,80,22,29,17,0,0,0,0,11,0,21,4,0,39,148,26,0,0,10,18,67,1,39,86,0,28,0,0,1,3,81,35,25,52,0,52,0,0,0,0,1,87,0,7,13,141,0,0,0,0,0,26,1,90,124,8
17,4,0,5,0,1,1,1,0,1,2,8,5,5,1,1,3,0,0,5,1,4,10,5,1,2,2,2,2,1,4,7,3,8,2,0,3,1,0,2,2,4,4,0,5,4,1,4,3,3,1,2,1,1,6,6,3,3,2,5,3,2,2,3,3,1,8,4,1,3,0,0,3,2,1,7,3,5,4,5,2,0,0,2,1,5,1,1,14,4,1,0,1,1,3,7,1,1,8,7
5,6,1,8,0,3,1,2,3,1,0,5,1,6,4,4,6,1,3,0,0,11,4,3,5,4,2,1,0,0,2,8,1,10,2,0,3,2,2,0,2,5,2,3,3,2,2,3,2,6,0,2,2,0,3,8,0,3,9,3,0,4,1,2,4,1,8,3,3,4,1,1,2,0,5,2,4,10,2,3,1,1,1,1,2,8,2,1,4,9,0,2,1,0,2,5,4,4,4,8
156,16,0,33,0,1,2,2,2,5,4,95,36,23,14,7,17,1,2,18,7,48,84,28,14,16,10,7,2,1,15,56,6,91,12,0,23,5,4,5,5,34,25,11,48,23,13,29,13,16,2,6,0,1,45,69,12,15,37,30,7,13,1,16,16,1,119,19,6,19,0,0,7,3,18,32,12,72,28,45,1,1,0,5,4,33,6,10,127,30,0,3,4,0,7,49,12,13,63,66
25,70,2,94,4,2,8,3,5,4,6,51,29,42,23,11,37,3,9,6,9,63,35,20,20,41,14,5,5,5,29,45,4,67,17,0,32,8,7,8,3,25,29,6,51,17,27,26,13,20,1,10,13,2,26,48,12,25,46,34,4,23,3,40,37,2,55,29,6,18,2,1,4,1,33,37,16,71,24,28,3,3,1,4,11,81,8,10,30,66,1,3,11,1,16,50,13,26,38,58
185,19,0,31,1,0,0,0,2,0,0,138,32,19,6,10,22,1,1,9,1,55,111,27,16,15,5,6,0,2,15,56,2,126,16,0,16,3,1,3,3,35,20,6,81,25,18,31,9,10,1,4,0,0,39,94,6,16,42,36,0,10,2,11,13,0,166,21,4,11,0,0,4,0,13,29,8,118,24,42,0,0,0,6,5,34,0,6,155,32,1,0,2,0,8,55,7,8,69,88
30,74,0,124,2,0,3,1,1,3,5,39,47,58,19,20,33,1,7,9,8,73,44,16,21,48,13,7,6,2,30,60,4,72,23,0,41,5,1,2,8,20,31,9,52,24,33,34,8,19,2,9,14,2,38,58,8,26,55,26,7,26,4,51,45,0,47,36,8,14,0,0,5,1,38,36,20,76,21,41,2,0,1,0,9,87,2,18,43,76,0,0,5,1,11,51,12,22,66,70
211,14,0,24,0,0,0,0,0,0,1,164,32,16,13,2,14,0,5,2,2,67,131,18,9,12,7,3,0,0,9,58,1,155,5,0,14,4,3,0,0,41,25,3,87,22,29,29,6,7,0,3,0,0,42,104,3,14,50,33,0,7,1,5,7,0,209,5,2,13,0,0,0,0,11,33,3,123,24,55,0,0,0,1,1,35,0,4,188,20,0,0,1,0,4,58,9,7,81,89
23,77,0,144,0,0,4,1,0,0,2,42,53,64,21,10,41,0,6,10,4,90,47,23,26,40,12,2,3,2,23,81,1,59,24,0,52,3,1,5,2,32,45,6,54,21,34,24,6,25,0,5,9,1,30,62,5,35,70,32,2,26,2,58,52,1,30,54,5,19,0,0,2,1,25,41,25,88,22,45,0,0,0,5,7,114,2,9,36,76,0,0,5,0,5,56,10,28,68,77
217,11,0,21,0,0,0,0,0,0,0,185,24,8,9,0,17,0,3,3,1,69,125,24,15,7,6,1,1,0,3,57,0,169,4,0,13,2,0,1,2,28,23,4,105,19,27,26,9,6,0,1,0,0,51,111,4,13,43,26,0,3,0,3,1,0,234,5,0,3,0,0,0,0,9,22,1,148,16,53,0,0,0,0,1,24,1,1,198,24,0,1,1,0,5,46,1,13,75,107
23,72,0,153,0,0,0,1,0,0,3,36,64,61,35,17,27,0,3,3,4,102,68,12,19,32,8,2,2,0,33,86,1,54,29,0,41,4,0,1,2,28,50,10,48,28,35,24,13,11,0,4,4,1,50,56,4,19,75,36,1,27,1,72,76,0,11,40,5,16,0,0,2,0,28,33,17,66,30,73,0,0,0,2,3,114,0,4,37,89,0,1,2,0,7,54,5,28,81,71
216,11,0,22,0,0,0,0,0,0,0,184,26,12,5,1,17,0,1,3,0,72,148,12,7,7,3,0,0,0,2,46,0,183,2,0,15,1,0,0,1,39,18,2,117,14,30,24,2,2,0,0,0,0,47,112,2,9,55,24,0,0,1,0,1,0,234,9,0,4,0,0,0,0,3,21,0,175,12,38,0,0,0,0,1,26,0,0,206,16,0,0,0,0,1,40,0,4,78,126
25,64,0,159,0,0,0,0,0,1,6,44,66,63,28,10,28,0,2,2,0,110,66,17,11,34,6,5,0,0,21,95,0,52,33,0,45,3,0,0,2,27,52,10,45,24,35,35,9,10,0,1,6,0,37,71,2,26,74,32,0,16,1,68,80,0,12,52,2,18,0,0,1,0,26,40,23,61,25,73,0,0,0,1,1,113,1,7,26,100,0,1,3,0,6,62,6,15,94,62
233,6,0,10,0,0,0,0,0,0,0,209,22,3,9,0,6,0,0,0,0,56,157,18,5,9,3,1,0,0,3,50,0,189,1,0,6,0,0,0,1,41,22,2,127,15,18,18,1,4,0,0,0,0,42,127,1,7,43,29,0,0,0,0,2,0,244,3,0,0,0,0,0,0,3,17,1,187,8,33,0,0,0,0,0,24,0,0,213,12,0,0,0,0,2,39,1,4,80,123
12,64,0,173,0,0,0,0,0,0,0,27,68,58,32,18,42,1,2,1,1,133,55,11,11,29,8,1,0,0,15,110,0,49,23,0,50,2,0,0,3,33,51,9,40,30,35,30,6,12,0,3,1,0,46,64,2,14,86,33,1,15,0,72,81,0,5,58,1,16,0,0,2,0,40,38,17,51,18,83,0,0,0,0,1,129,0,0,27,92,0,0,0,0,0,61,6,13,96,73
231,3,0,15,0,0,0,0,0,0,0,215,17,6,5,0,5,0,0,1,0,68,163,6,3,6,3,0,0,0,1,40,0,204,0,0,4,0,0,0,0,35,21,1,144,8,23,15,1,1,0,0,0,0,26,133,0,9,58,23,0,0,0,0,1,0,247,0,0,1,0,0,0,0,0,12,0,199,7,31,0,0,0,0,0,17,0,0,225,7,0,0,0,0,1,34,0,2,91,121
14,52,0,183,0,0,0,0,0,0,1,25,98,54,26,13,30,1,1,0,0,127,59,11,11,40,1,0,0,0,11,114,0,39,23,0,59,2,0,1,1,47,43,10,23,36,38,43,3,5,0,2,1,0,50,65,0,15,77,39,0,14,0,83,78,0,2,56,3,13,0,0,0,0,33,48,16,42,22,88,0,0,0,1,1,126,0,2,21,98,0,0,0,0,1,63,4,6,91,84
238,2,0,9,0,0,0,0,0,0,0,224,13,3,2,0,7,0,0,0,0,71,165,7,2,4,0,0,0,0,2,40,0,206,0,0,1,0,0,0,0,24,31,1,147,12,19,15,0,0,0,0,0,0,33,163,1,3,32,17,0,0,0,0,1,0,248,0,0,0,0,0,0,0,3,10,0,208,4,24,0,0,0,0,0,13,0,0,232,4,0,0,0,0,1,27,0,2,93,126
9,47,0,193,0,0,0,0,0,0,0,21,97,52,26,11,38,0,1,3,0,130,65,12,14,24,4,0,0,0,12,125,0,36,24,0,51,1,0,0,0,32,55,9,26,33,41,39,7,7,0,0,1,0,48,46,3,19,90,42,0,11,0,90,89,0,1,49,0,9,0,0,0,0,42,48,13,38,23,85,0,0,0,0,0,132,0,0,13,104,0,0,0,0,1,55,5,9,94,85
242,0,0,7,0,0,0,0,0,0,0,236,6,1,3,0,3,0,0,0,0,70,166,9,1,2,1,0,0,0,0,28,0,218,0,0,3,0,0,0,0,33,30,0,133,19,17,14,1,2,0,0,0,0,27,144,0,5,53,20,0,0,0,0,0,0,248,1,0,0,0,0,0,0,1,11,0,215,0,22,0,0,0,0,0,15,0,0,227,7,0,0,0,0,0,35,0,0,84,130
7,39,0,203,0,0,0,0,0,0,0,8,111,68,18,6,35,0,2,1,0,145,66,11,5,19,3,0,0,0,7,135,0,30,33,0,44,0,0,0,0,43,66,4,22,33,39,34,5,3,0,0,2,0,55,72,1,10,70,39,0,12,0,75,96,0,1,57,0,8,0,0,2,0,32,47,11,32,27,98,0,0,0,0,0,129,0,1,20,99,0,0,0,0,0,44,2,9,116,78
19,4,0,4,1,1,0,1,0,0,6,7,3,5,2,2,1,1,3,0,0,2,11,1,6,2,2,3,1,2,2,3,2,11,3,2,2,1,0,4,1,2,5,3,4,2,2,7,1,3,2,3,3,0,2,8,1,1,6,4,0,2,1,5,3,2,8,2,2,5,0,3,1,2,3,2,2,7,4,6,0,0,1,2,1,5,2,3,12,4,0,0,0,0,2,4,2,10,2,10
4,4,6,14,0,0,0,0,2,0,1,10,3,4,1,3,5,2,0,1,0,2,6,4,6,6,1,2,2,1,1,7,4,7,1,0,4,4,0,2,1,2,3,2,9,3,3,3,2,2,1,2,5,3,3,4,1,4,5,2,1,3,1,4,4,3,8,4,0,2,0,1,2,1,4,2,4,8,5,3,0,1,0,1,1,5,3,3,7,9,1,2,1,1,3,4,4,4,2,8
170,16,1,30,0,0,0,0,0,0,31,80,29,32,18,12,12,1,2,0,0,4,101,5,51,14,19,14,3,6,4,24,13,131,8,1,17,10,0,9,3,24,35,13,62,14,11,37,9,9,3,9,22,2,11,87,3,19,42,19,0,3,9,32,19,18,88,24,6,18,0,8,9,9,26,17,19,67,31,31,0,0,1,9,0,23,2,13,137,32,0,0,2,0,12,35,1,73,14,80
25,51,16,116,2,2,2,1,2,0,18,74,30,31,24,14,14,9,3,0,0,16,52,20,62,28,13,13,3,10,15,75,21,43,14,2,31,10,0,6,4,14,35,18,34,19,38,25,14,16,3,16,29,1,20,62,4,19,35,28,2,10,13,29,30,14,45,38,10,26,0,8,15,5,41,22,23,40,24,39,0,4,3,3,9,55,12,32,36,63,0,0,5,1,28,32,10,56,29,56
202,9,0,27,0,0,0,0,0,0,30,125,32,24,13,10,2,2,0,0,0,1,128,6,66,13,11,8,5,0,4,21,10,163,14,1,13,6,0,6,0,17,45,13,76,14,20,41,6,6,3,4,24,0,3,129,0,20,36,19,0,3,12,26,14,12,123,34,0,14,0,4,6,4,32,14,12,91,33,42,0,0,0,4,0,24,2,6,171,31,0,0,0,0,3,25,4,106,12,88
19,61,15,140,1,0,2,0,0,0,25,73,52,41,29,10,6,1,1,0,0,13,58,16,81,42,13,9,2,4,9,92,17,39,23,2,41,9,0,6,3,13,31,12,58,18,55,36,7,5,1,8,38,2,30,61,1,24,38,35,0,12,7,39,27,17,42,61,10,23,0,10,13,6,34,29,32,55,25,34,0,0,1,4,2,73,6,39,42,71,0,0,0,0,28,57,5,50,20,78
218,9,0,22,0,0,0,0,0,0,22,148,34,20,16,2,5,2,0,0,0,0,151,3,62,16,3,12,1,1,0,11,3,215,7,0,9,2,0,2,0,14,57,12,92,8,20,40,3,3,2,4,17,0,5,152,0,17,40,12,0,3,7,18,16,8,148,35,5,9,0,4,6,7,33,15,11,114,24,35,0,0,0,3,0,13,1,11,203,18,0,0,0,0,3,16,1,104,10,115
19,57,4,169,0,0,0,0,0,0,31,52,63,52,28,11,12,0,0,0,0,14,59,27,71,58,5,15,0,0,6,124,15,26,15,0,57,6,0,0,1,14,63,9,51,19,44,30,10,8,1,13,40,0,26,68,2,24,46,29,0,5,9,38,28,16,43,68,11,31,0,8,17,4,32,31,34,53,29,41,0,1,1,1,6,96,2,28,37,77,0,0,2,0,30,45,3,67,36,66
234,4,0,11,0,0,0,0,0,0,17,166,28,15,14,2,7,0,0,0,0,1,189,3,45,4,5,2,0,0,0,12,2,223,4,1,5,2,0,0,1,17,54,6,110,8,23,20,4,6,0,0,10,0,2,174,0,11,42,10,0,1,7,15,19,6,153,26,1,21,0,4,13,0,19,16,14,125,22,36,0,0,0,0,0,7,0,2,223,17,0,0,0,0,2,22,0,89,7,129
11,44,3,191,0,0,0,0,0,0,33,55,59,58,34,4,6,0,0,0,0,11,44,19,106,44,4,19,1,1,9,141,7,21,19,0,47,4,0,1,2,18,72,11,38,16,48,31,10,3,0,2,42,0,26,48,0,30,74,27,0,6,6,36,43,17,49,73,3,16,0,9,8,3,51,30,25,48,33,42,0,0,0,1,1,94,4,20,23,106,0,0,0,0,13,59,0,73,35,69
239,4,0,6,0,0,0,0,0,0,21,169,31,16,11,0,1,0,0,0,0,0,187,1,48,7,1,5,0,0,0,10,1,228,5,0,5,0,0,0,0,7,58,6,110,8,29,27,2,2,0,1,9,0,1,196,0,6,29,7,0,0,5,12,14,6,173,29,0,10,0,0,6,0,24,11,9,134,21,44,0,0,0,0,0,5,0,1,231,12,0,0,0,0,0,15,0,87,5,142
8,33,2,206,0,0,0,0,0,0,25,65,67,53,35,1,3,0,0,0,0,13,54,13,107,49,4,9,0,0,4,138,11,20,15,0,58,3,0,0,0,17,53,8,48,17,44,51,4,7,0,2,42,0,22,42,0,32,84,25,0,2,5,42,39,11,50,79,5,16,0,2,7,5,52,25,22,67,21,48,0,0,0,1,2,101,2,18,15,110,0,0,0,0,10,57,1,72,40,69
244,0,0,5,0,0,0,0,0,0,11,197,16,13,12,0,0,0,0,0,0,0,197,1,43,6,1,1,0,0,0,6,0,240,1,0,2,0,0,0,0,3,66,4,111,4,33,27,0,1,0,0,5,0,1,211,0,4,24,4,0,0,1,9,10,2,194,27,0,6,0,2,2,1,29,5,4,156,15,35,0,0,0,0,0,8,0,1,233,7,0,0,0,0,0,16,0,88,5,140
5,34,2,208,0,0,0,0,0,0,36,40,83,53,36,0,1,0,0,0,0,10,44,10,123,44,4,14,0,0,1,165,7,8,12,1,52,2,0,1,0,16,58,8,58,12,63,26,5,3,0,2,51,0,23,32,0,19,99,23,0,0,2,44,50,8,37,82,4,22,0,5,8,3,54,28,20,47,19,65,0,0,0,2,0,84,1,21,15,126,0,0,0,0,8,53,2,69,34,83
243,2,0,4,0,0,0,0,0,0,9,207,11,15,7,0,0,0,0,0,0,0,204,0,43,2,0,0,0,0,0,0,1,246,0,0,1,1,0,0,0,5,67,5,121,4,21,23,2,1,0,0,5,0,1,217,0,3,19,4,0,0,4,8,6,4,188,34,0,5,0,0,1,0,22,10,7,167,9,33,0,0,0,0,0,3,0,1,240,5,0,0,0,0,0,9,0,86,0,154
5,34,1,209,0,0,0,0,0,0,37,35,97,37,39,2,2,0,0,0,0,12,41,5,130,48,2,11,0,0,0,169,8,3,14,0,54,1,0,0,0,17,55,12,48,11,73,31,2,0,0,0,48,0,20,30,0,37,100,14,0,0,5,33,45,11,38,99,1,17,0,1,6,0,56,24,25,51,25,61,0,0,0,0,0,85,0,25,8,131,0,0,0,0,9,71,0,69,28,72
246,0,0,3,0,0,0,0,0,0,8,218,12,9,2,0,0,0,0,0,0,0,203,0,45,0,0,1,0,0,0,0,0,248,1,0,0,0,0,0,0,4,58,1,130,3,34,19,0,0,0,0,4,0,0,217,0,2,23,3,0,0,0,5,12,0,206,25,0,1,0,0,2,0,20,4,5,182,12,24,0,0,0,0,0,0,0,0,245,4,0,0,0,0,1,22,0,71,5,150
3,27,0,219,0,0,0,0,0,0,26,27,97,62,36,1,0,0,0,0,0,5,40,13,142,43,1,5,0,0,1,164,4,1,18,0,59,2,0,0,0,11,73,6,64,10,53,30,0,2,0,1,43,0,26,28,0,28,105,18,0,0,1,51,49,9,33,94,0,12,0,0,5,0,76,20,20,42,17,69,0,0,0,0,0,93,0,18,4,134,0,0,0,0,7,64,0,83,21,74
247,0,0,2,0,0,0,0,0,0,2,229,5,8,5,0,0,0,0,0,0,0,218,0,30,1,0,0,0,0,0,0,0,249,0,0,0,0,0,0,0,2,71,3,122,1,27,22,0,1,0,0,1,0,0,230,0,0,16,2,0,0,0,4,4,1,214,21,0,5,0,0,3,1,20,10,2,168,10,35,0,0,0,0,0,1,0,0,246,2,0,0,0,0,0,9,0,82,3,155
2,20,0,227,0,0,0,0,0,0,38,17,105,61,27,0,1,0,0,0,0,6,28,9,151,53,0,2,0,0,0,195,2,0,10,0,41,0,0,1,0,12,69,7,53,9,71,27,0,1,0,0,53,0,23,16,0,24,119,14,0,0,2,33,48,5,28,121,0,12,0,2,3,0,84,14,18,52,14,62,0,0,0,0,0,97,0,11,3,138,0,0,0,0,2,66,0,90,13,78
22,1,0,1,0,1,1,1,0,3,2,5,3,8,3,1,4,1,1,2,1,5,12,3,3,1,1,4,0,0,5,1,8,6,2,0,4,0,0,4,0,4,3,4,7,2,2,3,4,1,1,2,4,0,1,11,3,3,3,2,0,4,1,4,7,2,8,3,0,1,0,1,0,1,6,2,3,10,1,6,3,0,1,0,3,2,1,6,10,4,1,0,0,0,0,4,1,5,5,14
2,6,2,14,1,0,3,1,1,0,3,7,4,5,2,1,3,2,3,0,1,8,4,1,4,4,1,1,6,0,0,10,1,6,0,1,7,2,1,2,1,3,5,1,4,3,3,4,2,4,1,3,3,1,3,6,2,1,5,5,0,2,3,6,4,2,3,5,2,3,1,1,4,2,3,5,1,7,2,4,1,0,1,0,3,8,3,4,5,5,0,0,1,1,0,3,5,7,5,8
188,5,2,9,0,1,4,0,0,8,11,66,21,69,15,2,21,8,3,1,6,38,100,10,26,11,6,14,6,0,36,17,39,73,3,0,31,1,2,15,1,16,27,21,82,13,12,19,19,7,3,8,23,2,10,95,11,14,38,13,0,16,6,23,45,10,84,23,0,10,0,1,2,8,40,22,16,77,3,48,3,0,6,1,11,21,3,36,98,38,3,0,1,0,1,14,4,34,20,140
12,36,10,128,1,3,22,2,0,3,14,71,33,46,23,5,17,2,4,2,6,85,44,12,27,20,8,9,5,1,16,57,20,47,7,3,46,13,0,8,1,22,33,17,34,22,15,33,26,14,4,15,37,4,15,53,8,15,39,27,0,24,24,31,36,8,36,37,3,18,2,1,9,6,35,28,12,76,10,38,3,0,4,9,26,44,3,38,45,45,0,0,3,4,3,27,11,64,51,54
227,1,0,4,0,2,3,0,0,1,4,101,17,79,18,1,16,2,0,0,6,50,137,5,19,6,5,8,1,1,26,22,39,85,0,0,57,1,0,8,0,17,33,15,100,14,9,26,16,8,2,8,15,1,9,144,8,8,31,12,0,18,8,16,57,7,112,14,0,6,0,0,2,5,45,17,5,110,3,51,0,0,0,2,12,17,1,38,136,32,0,0,0,0,0,10,1,29,21,177
6,33,4,178,0,0,16,0,0,1,15,68,44,57,18,1,26,5,4,0,2,106,54,5,32,21,4,8,6,0,15,55,28,65,9,2,51,6,0,7,0,13,39,14,51,28,14,41,31,7,3,10,47,1,15,53,3,24,61,21,0,20,37,25,55,2,30,53,1,15,0,0,5,9,33,39,10,83,7,52,5,1,3,2,22,57,3,47,43,55,0,0,3,0,1,32,6,83,60,53
242,0,0,4,0,0,3,0,0,0,1,105,16,95,11,1,18,1,1,0,1,52,152,5,20,9,4,4,2,0,21,16,34,125,0,0,46,3,0,4,0,6,30,10,119,23,8,30,18,5,0,4,26,0,7,162,5,9,31,5,0,12,6,26,50,6,124,21,0,4,0,0,0,4,38,11,10,151,3,32,0,0,1,0,7,14,0,35,175,17,0,0,0,0,0,7,2,20,15,205
2,22,3,215,0,0,6,1,0,0,7,86,50,57,25,3,18,1,1,1,5,128,49,5,32,15,1,5,9,0,15,69,44,68,8,0,36,4,0,5,0,17,37,23,52,19,13,47,33,8,3,5,34,0,18,52,7,19,82,29,0,15,27,34,54,7,42,62,0,8,0,0,4,2,49,43,6,58,7,80,0,0,2,4,17,58,3,44,41,80,0,0,1,0,0,33,3,107,69,36
244,0,0,3,0,0,2,0,0,0,0,134,13,75,11,1,14,1,0,0,0,62,149,3,23,5,0,6,1,0,19,15,39,123,1,0,45,1,0,6,0,11,20,16,140,13,3,23,20,3,0,3,13,0,6,185,3,5,26,8,0,10,4,11,53,1,148,16,0,6,0,0,0,0,35,10,3,159,0,42,0,0,0,0,3,8,1,38,179,20,0,0,0,0,0,3,1,16,13,216
4,24,4,215,0,0,2,0,0,0,6,79,61,63,24,2,13,1,0,0,1,124,57,7,35,15,5,3,2,0,24,58,29,70,3,1,57,5,0,2,0,25,53,13,45,17,15,48,29,4,0,7,65,2,22,39,6,20,73,15,0,6,27,40,55,6,46,55,0,14,0,0,4,1,37,47,8,67,4,81,0,0,0,4,9,54,2,47,39,94,0,0,0,0,0,30,3,101,84,31
248,0,0,1,0,0,0,0,0,0,0,132,16,88,6,0,6,0,1,0,0,64,163,1,17,4,0,0,0,0,20,18,29,132,0,0,49,0,0,1,0,8,24,11,157,10,6,19,13,1,0,2,13,0,2,214,3,2,11,2,0,9,4,8,59,1,154,14,0,0,0,0,0,0,27,4,0,185,0,33,0,0,0,1,2,8,0,30,192,16,0,0,0,0,0,1,0,14,5,229
1,21,2,224,0,0,1,0,0,0,7,80,57,60,30,0,10,3,2,0,1,133,60,4,30,18,0,3,0,0,20,52,40,66,3,0,64,1,0,3,0,19,54,25,40,16,13,55,24,3,1,3,57,0,19,26,5,18,105,15,0,8,30,39,67,0,37,58,0,10,0,0,5,0,43,46,8,51,1,95,0,1,0,0,11,51,0,48,41,97,0,0,0,0,0,30,0,99,101,19
249,0,0,0,0,0,0,0,0,0,0,152,15,70,3,0,9,0,0,0,0,66,166,0,16,1,0,0,0,0,20,10,25,154,0,0,40,0,0,0,0,8,20,5,169,7,5,24,11,0,0,2,3,0,4,214,2,5,16,3,0,3,4,6,61,0,162,11,0,2,0,0,0,0,30,5,0,182,0,32,0,0,0,0,1,0,0,22,202,24,0,0,0,0,0,0,0,6,7,236
0,11,1,237,0,0,0,0,0,0,5,76,57,79,24,1,6,1,0,0,0,146,57,1,31,11,0,3,0,0,20,53,37,62,2,0,72,2,0,1,0,11,47,26,50,11,13,65,25,1,0,0,74,0,19,24,1,13,96,22,0,3,37,27,73,0,48,55,0,6,0,0,3,1,45,50,6,57,3,84,0,0,0,0,13,59,1,43,32,101,0,0,0,0,0,32,1,96,107,13
249,0,0,0,0,0,0,0,0,0,0,169,8,67,2,0,3,0,0,0,0,53,184,0,9,2,0,1,0,0,18,14,24,150,0,0,43,0,0,0,0,6,19,0,195,4,1,14,10,0,0,0,7,0,0,233,0,0,7,2,0,4,5,7,60,0,168,5,0,0,0,0,0,0,14,5,3,209,0,18,0,0,0,0,0,1,0,22,211,15,0,0,0,0,0,0,0,7,2,240
0,13,0,236,0,0,0,0,0,0,5,66,59,89,23,0,7,0,0,0,0,160,44,1,36,8,0,0,0,0,17,52,32,76,1,0,71,0,0,0,0,21,49,24,33,17,12,82,11,0,0,3,68,0,25,15,2,20,96,20,0,9,33,17,82,0,40,65,0,3,0,0,0,0,48,59,3,36,1,102,0,0,0,0,13,47,0,49,24,116,0,0,0,0,0,33,0,109,99,8
249,0,0,0,0,0,0,0,0,0,0,183,6,53,2,0,5,0,0,0,0,48,191,0,9,1,0,0,0,0,8,8,14,181,0,0,38,0,0,0,0,1,9,2,209,7,1,10,10,0,0,0,6,0,1,233,0,0,8,1,0,1,4,6,59,0,175,4,0,0,0,0,0,0,20,1,0,208,0,20,0,0,0,0,0,2,0,22,210,15,0,0,0,0,0,0,0,2,2,245
0,6,0,243,0,0,0,0,0,0,2,55,53,104,26,0,9,0,0,0,0,172,40,1,29,6,0,1,0,0,9,52,45,53,1,0,89,0,0,0,0,23,54,19,24,12,14,81,21,1,0,4,58,0,17,13,2,25,108,22,0,7,26,27,80,0,40,67,0,2,0,0,2,0,67,52,1,40,0,87,0,0,0,0,9,43,0,37,30,130,0,0,0,0,0,36,1,101,107,4
249,0,0,0,0,0,0,0,0,0,0,190,5,51,1,0,2,0,0,0,0,59,188,0,2,0,0,0,0,0,5,6,14,185,0,0,37,2,0,0,0,2,10,2,198,4,2,24,7,0,0,0,4,0,0,236,0,0,8,1,0,0,3,4,40,0,198,4,0,0,0,0,0,0,14,3,0,224,0,8,0,0,0,0,1,0,0,7,234,7,0,0,0,0,0,1,0,0,0,248
0,0,0,249,0,0,0,0,0,0,2,47,60,111,23,0,6,0,0,0,0,163,58,0,24,4,0,0,0,0,18,62,43,46,1,0,78,1,0,0,0,22,55,23,29,13,4,82,21,0,0,0,66,0,25,13,1,19,99,26,0,2,13,35,98,0,35,63,0,3,0,0,0,0,57,40,1,25,1,125,0,0,0,0,7,60,0,45,10,127,0,0,0,0,0,25,1,117,105,1
19,3,1,4,0,0,2,0,0,1,1,14,2,2,3,4,3,0,0,1,1,7,10,2,4,3,0,2,0,1,5,7,2,11,2,0,1,1,1,0,1,4,3,4,4,4,1,4,3,2,0,1,3,1,2,8,0,4,9,2,4,4,1,5,2,2,5,2,1,4,0,1,1,2,3,4,0,11,4,4,3,0,1,0,0,3,1,2,16,4,0,0,0,0,2,4,0,6,5,13
3,5,4,11,1,1,1,1,3,0,1,4,3,10,5,2,1,2,2,0,0,3,6,1,10,4,3,0,3,0,4,4,3,4,2,0,6,1,1,5,0,2,4,4,7,1,4,2,2,4,0,1,1,1,5,7,2,4,5,4,0,5,3,5,3,1,9,1,0,3,0,1,2,0,3,3,6,3,3,9,1,1,1,2,2,10,0,2,6,5,1,0,2,1,3,3,2,10,5,3
164,21,1,25,0,1,4,0,0,1,4,131,16,12,21,20,12,0,1,0,4,33,101,7,38,21,0,4,6,3,31,28,10,117,9,0,7,3,3,9,0,18,16,32,48,18,15,40,18,12,0,1,16,0,16,67,4,20,74,19,15,37,7,34,19,2,68,11,4,20,0,3,4,6,25,15,14,67,35,48,2,0,3,6,2,29,8,6,142,19,0,0,0,0,8,13,0,55,23,118
27,58,17,99,2,3,8,0,3,0,12,42,40,52,32,17,12,1,6,3,3,55,37,5,52,26,11,18,3,7,30,56,15,41,12,1,44,7,4,7,3,16,16,19,59,23,34,27,14,6,0,4,21,2,26,56,8,32,37,31,14,33,9,48,29,4,50,4,13,13,0,11,4,5,29,22,23,57,24,42,1,3,1,4,4,92,7,28,37,40,0,0,1,4,26,15,6,55,63,47
194,14,2,26,0,0,2,0,0,0,3,177,12,8,22,14,2,0,0,0,3,28,135,1,39,19,3,4,1,5,34,23,8,149,10,0,6,2,2,4,0,13,12,27,73,27,22,42,12,10,0,0,7,0,14,84,1,18,100,14,8,47,4,42,26,1,87,10,2,11,0,0,3,4,22,18,13,98,20,60,0,0,0,3,0,31,2,6,186,10,0,0,0,0,10,6,0,49,17,156
36,54,15,126,2,0,4,0,1,0,6,45,36,59,58,24,7,2,1,0,4,71,37,2,73,23,5,12,6,5,39,62,16,50,17,0,47,1,4,2,0,13,17,21,69,18,30,49,11,10,0,0,18,2,26,78,3,31,54,26,10,34,18,61,43,2,42,12,6,10,0,6,0,5,36,23,15,61,32,60,0,0,2,1,4,110,5,19,35,62,0,0,0,2,17,20,5,79,79,36
233,4,0,12,0,0,0,0,0,0,0,207,1,6,25,6,4,0,0,0,1,25,153,0,42,20,3,2,0,3,31,23,6,175,3,0,8,0,0,3,1,3,8,26,101,24,22,46,9,9,0,0,14,0,9,91,0,15,109,11,10,44,1,42,29,0,109,4,2,8,0,0,2,3,13,7,6,127,33,58,0,0,0,0,0,21,1,4,218,5,0,0,0,0,7,5,0,52,18,167
13,70,9,155,0,0,2,0,0,0,10,28,58,54,66,26,5,0,2,0,1,84,52,4,60,35,3,8,2,0,51,65,12,35,17,0,60,6,2,1,0,13,20,16,56,23,33,69,13,6,0,2,18,0,16,81,2,31,66,33,2,31,9,87,39,0,46,9,6,20,0,1,1,1,32,27,21,67,25,74,0,0,0,0,1,146,2,21,19,60,0,0,0,0,14,13,0,99,77,46
240,3,0,6,0,0,0,0,0,0,0,224,2,1,18,2,2,0,0,0,0,28,169,0,36,12,0,0,3,1,32,25,6,177,3,0,5,0,0,1,0,8,6,32,106,18,18,52,8,1,0,0,11,0,11,96,0,18,101,12,6,31,5,45,26,0,124,5,1,6,0,0,0,0,23,12,2,132,24,56,0,0,0,0,0,17,0,6,218,8,0,0,0,0,5,5,0,49,13,177
7,63,6,171,0,1,1,0,0,0,4,20,51,59,86,22,7,0,0,0,1,86,45,0,74,28,2,7,1,5,55,62,5,54,14,0,58,0,0,1,0,11,15,22,71,26,30,60,9,5,0,0,25,0,17,89,1,22,71,24,7,34,6,82,52,0,45,9,2,12,0,1,0,1,29,20,14,73,23,88,0,0,0,0,2,152,0,13,23,59,0,0,0,0,8,11,1,104,74,51
241,2,0,6,0,0,0,0,0,0,0,233,2,2,11,1,0,0,0,0,0,24,177,0,39,9,0,0,0,0,35,14,6,192,1,0,1,0,0,0,0,5,3,21,129,22,21,38,7,3,0,0,8,0,12,104,0,10,104,11,0,33,2,54,27,0,127,0,0,6,0,0,1,0,15,10,5,138,21,59,0,0,0,0,0,20,0,2,219,8,0,0,0,0,2,2,0,47,18,180
6,62,6,175,0,0,0,0,0,0,7,14,53,54,105,14,2,0,0,0,0,72,39,1,97,30,2,8,0,0,50,64,16,40,17,0,60,0,0,2,0,15,20,19,63,21,22,79,8,2,0,0,8,0,19,90,1,36,74,21,11,27,8,78,50,0,51,9,3,12,0,1,0,1,30,20,18,63,23,93,0,0,0,1,0,160,0,13,26,49,0,0,0,0,6,8,1,105,76,53
244,0,0,5,0,0,0,0,0,0,0,240,2,1,5,0,1,0,0,0,0,10,194,0,34,11,0,0,0,0,33,9,2,201,1,0,3,0,0,0,0,4,4,15,154,11,18,37,1,5,0,0,10,0,3,121,0,7,92,16,2,24,2,51,26,0,137,3,0,4,0,0,0,0,14,8,2,150,22,53,0,0,0,0,0,16,0,3,228,2,0,0,0,0,0,2,0,48,16,183
4,68,3,174,0,0,0,0,0,0,3,7,60,42,124,11,2,0,0,0,0,91,30,0,99,25,1,3,0,0,70,73,2,44,12,0,48,0,0,0,0,10,17,21,57,23,29,87,5,0,0,0,18,0,15,92,0,27,80,17,4,34,4,86,50,0,56,7,0,8,0,0,0,0,36,18,10,68,16,101,0,0,0,0,0,173,0,5,18,53,0,0,0,0,2,14,0,110,69,54
246,0,0,3,0,0,0,0,0,0,0,246,1,0,1,1,0,0,0,0,0,16,199,0,30,4,0,0,0,0,21,14,1,212,0,0,1,0,0,0,0,3,2,16,161,14,19,33,1,0,0,0,1,0,5,132,0,11,93,7,0,37,1,46,24,0,140,1,0,0,0,0,0,0,9,8,0,152,7,73,0,0,0,0,0,13,0,1,234,1,0,0,0,0,0,0,0,22,9,218
3,74,1,171,0,0,0,0,0,0,3,2,71,51,109,12,1,0,0,0,0,96,35,0,99,18,0,0,1,0,71,71,8,30,11,0,58,0,0,0,0,10,13,33,57,15,23,93,4,1,0,0,11,0,14,89,0,13,103,19,2,27,1,98,67,0,45,5,0,4,0,0,0,0,42,8,9,77,20,93,0,0,0,0,0,176,0,7,15,51,0,0,0,0,2,5,0,144,68,30
249,0,0,0,0,0,0,0,0,0,0,241,0,0,7,1,0,0,0,0,0,8,216,0,21,4,0,0,0,0,18,7,4,219,0,0,1,0,0,0,0,1,1,10,175,8,21,33,0,0,0,0,4,0,8,139,0,6,84,8,0,31,0,45,30,0,140,1,0,2,0,0,0,0,15,2,2,149,15,66,0,0,0,0,0,8,0,1,240,0,0,0,0,0,0,0,0,29,7,213
0,66,1,182,0,0,0,0,0,0,2,8,60,50,126,3,0,0,0,0,0,93,25,0,114,15,0,2,0,0,72,83,2,25,8,0,59,0,0,0,0,10,13,36,51,17,29,91,1,1,0,0,12,0,12,77,1,29,103,15,2,30,4,90,56,0,53,8,0,6,0,0,0,0,32,5,9,74,14,115,0,0,0,0,0,197,0,3,9,40,0,0,0,0,1,3,0,129,83,33
249,0,0,0,0,0,0,0,0,0,0,249,0,0,0,0,0,0,0,0,0,5,224,0,20,0,0,0,0,0,21,5,0,223,0,0,0,0,0,0,0,1,1,7,190,7,11,32,0,0,0,0,3,0,0,135,0,7,101,3,0,25,0,46,25,0,153,0,0,0,0,0,0,0,5,1,3,178,6,56,0,0,0,0,0,2,0,0,247,0,0,0,0,0,0,0,0,19,4,226
0,62,0,187,0,0,0,0,0,0,2,0,51,31,163,2,0,0,0,0,0,84,19,0,125,19,0,2,0,0,79,83,1,22,15,0,49,0,0,0,0,2,13,18,41,18,39,114,2,2,0,0,7,0,8,94,0,14,117,9,0,28,0,120,56,0,43,1,0,1,0,0,0,0,35,7,13,56,19,119,0,0,0,0,0,203,0,4,2,40,0,0,0,0,0,4,0,155,69,21
19,2,2,5,0,1,0,0,1,0,7,3,4,7,1,4,4,0,0,0,2,1,9,4,4,2,1,3,2,2,4,5,0,12,2,0,1,2,0,4,0,1,2,5,7,1,2,8,3,1,2,1,1,0,3,7,2,3,7,4,1,4,0,3,1,2,10,3,1,5,0,0,1,0,6,7,3,5,2,6,2,1,2,0,2,4,1,0,14,4,0,1,1,0,1,3,3,5,7,9
2,9,2,10,1,1,1,1,1,2,2,9,6,5,2,1,4,1,0,0,1,8,3,2,5,4,1,3,2,1,5,2,6,4,4,1,5,1,1,1,1,5,3,2,1,3,6,4,4,1,1,3,5,1,3,9,0,4,3,1,1,3,3,5,3,2,5,3,4,1,0,2,0,0,3,4,3,15,2,1,1,2,0,0,1,9,1,7,3,6,0,0,2,2,6,3,2,5,5,5
150,15,3,41,0,4,0,1,2,1,41,63,24,60,6,15,8,0,0,0,7,12,92,16,24,22,4,18,11,11,43,35,3,90,7,0,17,6,5,11,2,11,25,30,61,1,20,41,22,4,8,6,15,1,21,101,2,22,29,12,5,15,3,17,12,13,99,27,6,20,0,0,3,0,28,41,13,93,10,29,6,5,2,0,6,41,3,17,120,17,0,7,1,0,17,18,17,31,53,73
28,57,8,105,2,5,7,0,4,1,36,63,25,42,18,8,23,2,0,0,10,43,36,14,36,28,10,17,16,7,32,33,13,55,15,4,45,8,5,7,4,21,30,28,34,12,18,40,21,9,5,9,21,2,22,63,6,46,31,12,1,28,3,46,26,11,45,26,14,17,0,1,11,1,31,38,26,76,9,24,6,7,3,0,17,64,2,22,47,49,0,4,2,3,19,21,13,40,60,55
189,3,2,40,0,3,0,0,1,0,46,96,17,53,5,7,14,0,0,0,2,5,123,7,33,30,1,25,5,7,42,33,4,115,5,1,28,3,2,5,2,8,24,34,70,1,22,54,21,2,4,6,6,0,14,158,1,21,19,9,0,23,0,13,14,6,133,29,6,14,0,0,0,0,24,39,10,129,8,28,1,3,1,0,5,41,0,11,167,9,0,4,0,0,16,9,8,29,70,102
20,60,8,136,3,2,9,0,0,0,39,69,38,54,10,7,21,0,0,0,3,53,51,10,36,46,9,14,7,9,36,51,13,69,7,0,45,5,3,9,1,17,41,30,51,7,32,40,9,10,5,9,28,3,26,46,3,60,38,20,2,27,3,58,35,8,43,38,9,15,0,1,2,0,39,48,24,84,6,34,0,7,6,0,20,92,2,19,32,60,0,5,0,4,14,24,17,34,87,53
222,5,0,22,0,0,0,0,0,0,45,108,17,60,7,5,7,0,0,0,0,13,158,3,26,27,0,14,6,2,31,22,1,152,0,0,38,0,1,4,0,8,29,24,96,4,25,48,15,0,1,0,9,0,12,204,0,9,12,2,0,19,2,7,11,5,158,28,2,17,0,0,0,0,13,34,6,175,2,19,3,1,0,0,3,53,0,9,179,1,0,1,0,0,17,12,7,26,88,98
17,52,2,170,2,1,4,0,1,0,51,72,29,59,24,6,8,0,0,0,2,67,35,6,50,42,3,20,7,17,45,44,9,73,15,0,53,3,1,6,0,19,28,38,60,5,31,49,14,5,3,12,47,1,33,31,7,59,37,19,0,34,2,65,41,8,47,29,7,16,0,0,0,0,53,63,25,59,7,42,1,2,4,0,11,114,0,19,45,53,0,3,0,0,12,27,10,48,77,72
215,4,1,29,0,0,0,0,0,0,32,133,13,65,1,1,4,0,0,0,2,7,162,6,28,27,1,11,4,1,30,17,1,169,2,0,28,0,0,2,0,5,31,32,98,3,23,44,13,0,0,1,10,0,12,213,0,7,5,1,0,10,0,4,11,6,180,23,5,10,0,0,0,0,10,28,3,191,0,17,0,1,0,0,0,46,0,3,197,2,0,0,0,0,8,8,11,26,83,113
22,48,1,176,0,1,1,0,0,0,56,58,41,67,10,5,11,1,0,0,0,66,48,10,57,47,1,10,7,3,46,45,3,63,18,1,67,1,3,2,0,16,30,39,45,5,31,67,14,2,0,9,42,0,31,25,0,83,41,18,0,24,2,95,26,8,38,38,3,15,0,0,4,0,58,65,26,55,2,39,0,4,0,0,8,121,0,25,38,53,0,2,0,0,11,21,8,51,76,80
217,0,0,32,0,0,0,0,0,0,37,139,8,60,2,1,2,0,0,0,0,3,185,3,24,21,0,8,3,2,20,20,1,186,0,0,22,0,0,0,0,8,27,39,111,1,17,38,7,1,0,1,3,0,11,226,0,2,5,1,0,7,0,2,9,4,198,26,0,3,0,0,0,0,6,20,0,214,0,9,0,0,0,0,2,36,0,2,209,0,0,0,0,0,6,15,6,22,73,127
23,44,2,178,0,0,2,0,0,0,66,56,34,70,13,1,9,0,0,0,0,70,39,11,50,62,2,7,4,4,51,50,4,53,8,0,82,1,0,0,0,18,27,39,55,6,32,62,10,0,0,6,37,0,35,21,0,92,42,16,0,26,2,81,40,5,32,42,2,19,0,0,2,0,74,63,24,32,4,50,0,0,0,0,7,131,1,15,34,61,0,0,1,0,10,13,7,44,111,63
226,3,0,20,0,0,0,0,0,0,37,142,8,58,1,2,1,0,0,0,0,4,196,1,21,19,0,6,1,1,18,15,0,201,0,0,15,0,0,0,0,6,25,38,117,0,13,48,2,0,0,0,1,0,6,231,0,4,6,1,0,4,0,3,2,1,213,17,3,6,0,0,0,0,1,15,2,227,0,4,0,0,0,0,1,22,0,1,223,2,0,0,0,0,2,5,2,18,83,139
18,34,1,196,0,0,0,0,0,0,64,61,44,61,13,1,5,0,0,0,0,68,32,7,73,57,2,4,2,4,46,63,2,46,8,0,84,0,0,0,0,15,33,31,67,1,35,56,11,0,0,0,45,0,35,17,0,90,52,10,0,22,5,86,52,4,21,45,0,14,0,0,2,0,72,77,20,20,2,56,0,0,0,0,4,159,0,12,24,50,0,1,0,0,6,16,6,44,105,71
240,0,0,9,0,0,0,0,0,0,33,150,9,57,0,0,0,0,0,0,0,6,202,2,8,26,0,5,0,0,15,17,0,201,3,0,13,0,0,0,0,4,26,34,122,0,20,42,1,0,0,0,3,0,4,234,0,7,1,0,0,3,0,0,2,1,225,18,0,0,0,0,0,0,2,13,0,230,0,4,0,0,0,0,1,20,0,1,227,0,0,0,0,0,4,4,0,11,88,142
8,21,0,220,0,0,0,0,0,0,43,71,46,77,7,3,2,0,0,0,0,68,38,2,67,68,0,6,0,0,56,51,3,45,9,0,85,0,0,0,0,12,36,35,53,4,27,77,4,1,0,1,47,0,41,13,1,95,42,9,0,22,0,98,51,3,13,49,2,11,0,0,1,0,70,79,16,19,0,64,0,0,0,0,2,171,0,10,20,46,0,0,0,0,11,12,2,44,108,72
239,1,0,9,0,0,0,0,0,0,22,175,1,49,0,0,2,0,0,0,0,2,217,2,11,14,0,3,0,0,13,10,0,217,0,0,9,0,0,0,0,3,15,37,131,0,19,43,1,0,0,0,0,0,2,246,0,0,1,0,0,2,0,0,8,1,230,8,0,0,0,0,0,0,3,4,0,239,0,3,0,0,0,0,0,12,0,1,236,0,0,0,0,0,0,2,0,9,77,161
9,36,0,204,0,0,0,0,0,0,55,51,39,97,6,0,1,0,0,0,0,78,17,10,67,73,0,3,1,0,54,60,2,30,5,0,98,0,0,0,0,9,29,46,54,3,36,66,6,0,0,1,39,0,46,3,0,114,41,5,0,28,1,78,58,9,13,50,0,12,0,0,0,0,80,75,18,10,0,66,0,0,0,0,1,183,0,11,12,42,0,0,0,0,7,10,3,38,124,67
245,0,0,4,0,0,0,0,0,0,16,174,6,53,0,0,0,0,0,0,0,2,219,0,11,14,0,2,0,1,7,2,0,234,0,0,6,0,0,0,0,2,15,40,155,0,9,28,0,0,0,0,0,0,0,249,0,0,0,0,0,1,0,1,0,0,237,8,0,2,0,0,0,0,0,10,0,238,0,1,0,0,0,0,0,14,0,0,235,0,0,0,0,0,2,3,0,14,93,137
4,22,0,223,0,0,0,0,0,0,45,65,46,87,6,0,0,0,0,0,0,80,26,2,60,81,0,0,0,0,54,71,0,15,3,0,106,0,0,0,0,4,29,41,55,2,35,78,5,0,0,0,43,0,44,0,0,114,40,8,0,30,0,95,52,3,10,50,0,9,0,0,0,0,90,76,15,11,0,57,0,0,0,0,0,198,0,6,14,31,0,0,0,0,8,7,2,32,112,88
23,0,1,2,0,0,2,0,1,1,2,7,2,10,2,1,2,1,0,3,1,5,8,1,5,4,0,3,1,2,1,4,4,11,2,0,4,3,0,1,0,3,1,9,5,5,3,3,1,0,1,2,6,0,1,9,1,2,5,3,2,0,3,8,3,2,8,3,0,1,1,0,0,2,3,6,0,9,3,6,1,1,1,0,0,3,1,5,12,6,0,0,1,2,0,2,5,4,7,9
2,7,3,13,0,1,1,1,2,0,3,6,7,5,4,0,2,2,1,0,0,0,2,4,7,3,2,9,1,2,1,5,4,6,2,0,6,3,2,1,1,4,3,1,6,1,2,6,3,3,1,4,5,1,3,7,1,1,4,3,2,3,4,4,4,0,3,5,2,3,0,1,0,2,1,5,7,4,4,6,0,1,3,0,5,4,4,0,4,9,0,2,1,2,2,5,3,4,3,8
191,1,2,14,1,1,6,0,1,0,9,73,18,66,24,2,10,8,0,7,2,22,72,10,37,25,3,37,2,7,6,18,20,119,7,0,25,16,3,3,0,22,12,60,45,8,24,32,10,4,1,6,43,0,4,108,4,15,23,13,3,3,14,50,26,7,86,23,2,3,1,0,3,5,9,37,10,83,20,49,1,3,3,0,7,24,1,33,100,45,0,1,0,5,2,16,26,23,53,91
10,39,7,137,7,2,5,1,9,0,10,51,34,54,28,4,19,8,2,7,1,23,41,12,41,29,8,32,14,16,15,51,18,36,28,1,43,15,6,4,2,20,28,27,58,10,19,36,9,8,5,19,47,3,8,53,3,15,46,18,5,23,16,39,31,6,48,36,5,8,1,6,4,6,25,27,26,54,23,45,0,3,8,0,23,55,6,25,27,70,0,4,0,6,11,22,23,46,46,59
228,0,0,10,0,0,0,0,0,0,4,83,27,81,24,0,9,7,0,3,0,18,82,12,42,27,2,47,1,7,2,16,25,148,12,0,23,7,2,3,0,17,10,52,74,7,23,43,8,4,0,13,57,0,1,120,2,7,25,13,0,3,6,59,30,2,106,29,0,3,0,1,0,2,12,43,10,105,13,52,0,1,2,0,14,29,0,34,116,42,0,0,1,2,4,16,20,30,61,104
7,45,6,164,7,5,1,0,3,0,15,74,39,60,25,0,16,5,1,3,0,29,44,5,56,32,7,39,10,16,22,55,9,55,25,0,56,8,4,4,2,31,29,35,51,7,20,46,13,4,3,10,47,0,5,80,2,14,53,24,5,15,19,46,37,5,66,35,1,9,1,1,7,4,28,33,27,63,25,49,0,0,6,0,12,45,2,30,52,91,0,3,0,4,5,21,13,43,67,82
242,0,0,7,0,0,0,0,0,0,4,88,31,92,23,0,7,3,0,1,0,14,103,4,42,25,2,51,1,7,1,11,20,191,12,0,8,6,0,0,0,27,14,48,90,3,22,38,6,1,0,3,43,0,1,170,0,5,21,6,0,1,8,44,27,0,143,25,0,1,0,0,0,3,4,28,8,153,12,41,0,0,3,0,6,18,0,25,141,56,0,0,0,1,1,10,19,26,64,128
6,38,3,198,2,0,2,0,0,0,6,70,43,70,39,0,13,5,1,2,0,23,36,12,75,34,5,43,7,14,19,76,8,28,20,0,82,14,1,1,1,36,22,40,66,10,18,47,6,3,2,13,73,0,6,68,0,13,64,10,0,11,13,67,46,3,62,44,0,3,0,1,4,2,28,37,23,54,29,71,0,2,5,0,9,53,0,32,50,98,0,1,0,4,0,23,12,57,75,77
249,0,0,0,0,0,0,0,0,0,2,106,21,85,29,0,3,3,0,0,0,14,111,2,41,18,2,55,2,4,1,6,12,197,11,0,19,3,0,0,0,16,13,68,103,2,18,24,5,0,0,0,30,0,0,203,0,7,7,2,0,4,0,55,19,0,146,25,0,0,0,0,0,0,3,26,3,149,13,55,0,0,0,0,5,11,0,26,162,45,0,0,0,0,0,3,20,19,74,133
0,32,0,216,1,0,0,0,0,0,7,71,42,72,40,0,13,3,0,1,0,13,46,7,92,32,4,35,1,19,24,65,10,25,25,0,84,13,1,2,0,33,26,48,81,3,22,34,2,0,0,11,111,0,2,37,1,8,65,14,0,10,12,75,42,2,66,40,0,2,0,1,2,5,27,32,19,68,26,69,0,0,4,0,9,43,0,23,38,132,0,0,0,1,1,22,14,40,81,90
247,0,0,2,0,0,0,0,0,0,0,121,18,95,13,0,1,1,0,0,0,9,116,1,50,16,1,52,0,4,0,1,10,217,5,0,15,1,0,0,0,13,13,58,115,2,17,27,4,0,0,0,33,0,0,203,0,5,4,4,0,0,5,43,20,1,163,17,0,0,0,0,0,0,3,22,3,168,5,48,0,0,1,0,4,19,0,20,152,53,0,0,0,0,1,2,10,17,64,155
2,22,3,222,0,0,0,0,0,0,4,79,39,80,41,0,3,3,0,0,0,16,55,4,93,29,2,37,2,11,18,66,11,17,27,0,102,8,0,0,0,35,37,44,59,4,30,35,3,2,0,5,113,0,2,40,0,10,64,15,0,13,7,87,33,0,59,49,0,1,0,0,1,1,33,36,18,58,18,84,0,0,2,0,2,42,0,20,61,122,0,0,0,0,0,23,9,51,93,73
249,0,0,0,0,0,0,0,0,0,1,129,14,88,15,0,0,1,0,1,0,6,128,2,48,13,2,46,0,4,0,4,4,217,7,0,13,4,0,0,0,14,10,56,122,2,14,31,0,0,0,1,28,0,0,209,0,5,5,1,0,0,2,48,15,0,176,8,0,0,0,0,0,0,1,15,1,187,1,44,0,0,0,0,2,16,0,18,170,43,0,0,0,0,0,3,6,15,63,162
0,18,0,231,0,0,0,0,0,0,2,79,43,87,33,0,4,1,0,0,0,10,48,5,107,25,2,38,1,13,13,71,9,24,30,0,97,5,0,0,0,33,35,44,68,2,28,38,1,0,0,3,126,0,2,36,0,10,63,9,0,3,5,89,47,1,58,45,0,1,0,0,0,1,26,36,31,44,24,87,0,0,1,0,6,36,0,25,44,137,0,0,0,0,1,6,7,41,120,74
249,0,0,0,0,0,0,0,0,0,0,126,13,97,13,0,0,0,0,0,0,7,126,2,57,13,0,41,0,3,0,2,2,233,4,0,7,1,0,0,0,10,18,63,108,1,16,33,0,0,0,0,17,0,0,230,0,0,2,0,0,2,0,42,17,0,180,8,0,0,0,0,0,0,0,17,2,190,3,37,0,0,0,0,3,7,0,12,186,41,0,0,0,0,0,1,2,8,56,182
0,15,0,234,0,0,0,0,0,0,1,91,36,79,36,0,4,2,0,0,0,17,58,1,98,23,2,44,0,6,10,55,9,12,26,0,131,6,0,0,0,19,31,38,91,3,23,42,2,0,0,3,144,0,0,19,0,6,75,2,0,5,2,90,48,0,53,51,0,0,0,0,0,1,18,33,22,48,13,114,0,0,0,0,3,41,0,19,42,144,0,0,0,0,1,13,4,57,114,60
249,0,0,0,0,0,0,0,0,0,0,141,10,81,17,0,0,0,0,0,0,1,143,0,50,7,0,47,0,1,0,1,0,239,2,0,7,0,0,0,0,12,10,53,142,0,13,19,0,0,0,0,17,0,0,229,0,0,2,1,0,0,0,28,13,0,200,8,0,0,0,0,0,0,0,8,0,201,4,36,0,0,0,0,0,11,0,15,181,42,0,0,0,0,0,0,4,8,48,189
0,6,0,243,0,0,0,0,0,0,0,71,38,105,31,0,3,1,0,0,0,13,53,0,121,25,2,30,0,5,11,58,12,10,26,0,127,5,0,0,0,14,24,53,77,0,31,50,0,0,0,3,148,0,0,20,0,9,66,3,0,2,5,103,54,0,35,50,0,0,0,0,0,0,18,33,16,44,14,124,0,0,0,0,4,40,0,21,40,144,0,0,0,0,0,5,9,52,129,54
249,0,0,0,0,0,0,0,0,0,0,125,8,101,15,0,0,0,0,0,0,1,138,1,43,16,0,49,1,0,0,1,2,241,0,0,5,0,0,0,0,9,5,60,151,0,8,16,0,0,0,0,9,0,0,240,0,0,0,0,0,0,0,28,10,0,206,5,0,0,0,0,0,0,0,10,0,205,1,33,0,0,0,0,2,6,0,17,191,33,0,0,0,0,0,0,1,7,45,196
0,4,0,245,0,0,0,0,0,0,1,95,33,89,28,0,3,0,0,0,0,7,51,0,129,18,2,35,0,7,10,57,6,7,31,0,137,1,0,0,0,20,44,36,75,1,33,40,0,0,0,2,156,0,1,9,0,7,69,5,0,1,0,116,45,0,36,51,0,0,0,0,0,0,19,40,20,33,11,126,0,0,0,0,1,38,0,18,38,154,0,0,0,0,0,3,1,48,147,50
19,1,1,6,0,0,1,1,1,0,2,9,9,4,2,0,3,0,0,1,1,3,7,2,2,3,4,1,4,3,3,8,4,9,0,0,5,0,1,0,4,1,4,3,4,2,5,4,2,1,1,3,4,0,4,7,1,3,6,1,1,0,3,2,3,0,10,3,3,5,0,1,0,0,4,6,5,8,3,3,0,1,1,0,3,5,4,0,10,6,1,0,0,2,0,3,1,3,5,15
3,7,3,8,1,0,3,0,3,2,3,7,3,5,3,2,3,2,1,1,0,3,3,1,7,2,4,5,2,3,3,4,2,11,3,0,4,0,0,3,0,3,2,3,5,1,4,3,7,2,0,2,4,1,5,7,3,4,1,3,2,6,0,5,6,1,5,1,0,4,1,3,1,2,5,4,1,9,1,3,0,0,4,1,1,5,0,4,9,6,0,0,1,1,1,7,5,5,4,6
151,9,0,39,0,1,1,6,9,1,13,96,63,21,10,0,9,2,2,1,6,22,54,12,29,35,21,9,14,15,27,33,15,101,7,0,30,0,4,0,10,15,21,38,47,6,27,23,22,8,1,16,28,1,37,59,16,31,25,3,8,8,17,19,22,3,103,15,7,15,0,12,2,1,39,34,21,72,16,20,0,0,0,0,7,26,12,7,121,44,4,0,2,3,0,12,2,16,32,146
23,63,4,78,9,7,13,1,14,5,8,65,51,43,21,11,14,2,1,1,3,27,46,18,41,23,14,4,22,19,30,64,15,57,14,0,29,0,4,4,8,11,16,21,62,17,21,33,18,10,2,24,26,5,41,46,6,30,27,10,4,26,12,31,47,6,44,23,7,17,1,9,9,5,47,31,24,43,13,35,0,0,10,2,9,39,12,27,53,65,2,2,0,3,5,33,17,50,62,43
185,8,0,37,0,1,1,1,5,0,5,133,71,15,5,0,9,0,0,0,4,27,62,10,34,41,28,2,16,14,23,36,13,137,4,0,23,0,1,1,2,6,27,30,88,14,25,30,13,3,0,16,38,2,39,75,16,26,25,1,2,6,8,10,34,1,159,8,3,7,0,6,1,2,45,35,23,94,12,20,0,0,0,0,5,16,4,6,142,65,2,0,0,0,2,9,1,9,27,188
23,64,2,117,5,1,10,2,14,0,19,69,60,60,13,7,8,0,0,2,2,33,48,16,46,32,22,2,18,19,44,85,13,58,6,0,31,0,0,1,5,17,20,26,64,9,29,42,13,13,0,22,18,1,50,54,9,38,35,11,3,19,12,49,59,5,37,24,7,23,1,3,5,6,55,32,47,52,10,27,0,0,3,1,9,50,13,27,72,63,0,1,1,2,2,40,12,60,86,34
208,4,0,33,1,0,0,1,1,1,1,147,69,22,7,0,3,0,0,0,2,22,69,7,44,46,29,7,8,15,22,22,6,172,4,0,23,0,0,0,0,3,17,38,101,11,41,32,6,0,0,8,34,0,44,107,5,27,23,1,2,7,10,7,23,0,188,6,2,4,0,3,0,0,49,38,26,112,2,19,0,0,0,0,0,15,5,0,188,41,0,0,0,0,0,9,0,4,13,223
22,77,0,134,2,1,6,1,6,0,12,82,78,52,20,0,5,0,0,0,1,26,63,11,53,39,21,5,21,9,42,104,12,53,9,0,29,0,0,0,1,20,14,18,72,11,36,56,13,8,1,28,21,0,56,58,12,40,28,5,3,21,11,50,81,0,32,36,3,12,0,1,3,1,56,32,44,60,11,41,0,0,1,1,4,62,4,23,51,103,0,0,0,2,1,35,4,45,140,22
204,7,0,37,0,0,0,0,1,0,2,163,71,8,4,0,1,0,0,0,0,17,86,14,40,47,27,3,6,9,21,18,5,191,3,0,11,0,0,0,2,11,7,34,119,12,32,28,3,1,0,9,32,0,49,109,2,25,22,1,0,4,9,3,30,0,191,8,0,4,0,1,1,1,46,33,12,130,5,20,0,0,0,0,0,7,2,0,200,40,0,0,0,1,0,6,0,1,15,226
30,55,2,151,1,1,5,1,3,0,11,76,92,52,9,1,8,0,0,0,1,33,45,13,59,31,18,5,28,16,44,95,11,39,8,0,51,0,1,0,3,16,15,33,57,13,37,58,15,2,0,16,21,0,52,64,14,45,36,1,2,17,14,39,98,2,24,37,3,13,0,4,4,0,61,33,45,53,9,40,0,0,1,0,3,46,6,22,44,127,0,0,1,0,1,46,10,57,113,21
218,0,0,30,0,0,0,0,1,0,1,183,53,9,1,0,2,0,0,0,0,19,84,6,49,40,24,2,11,14,12,21,5,200,0,0,11,0,0,0,1,9,15,35,123,7,30,24,4,1,0,8,18,0,46,127,5,36,9,0,0,2,4,5,24,0,207,3,1,3,0,0,0,0,48,20,12,144,5,20,0,0,0,0,0,3,2,1,210,33,0,0,0,0,0,1,0,2,10,236
27,59,0,158,0,1,2,0,2,0,9,61,101,62,12,0,4,0,0,0,0,33,61,12,56,33,13,3,20,18,34,125,6,34,5,0,44,0,0,1,2,22,13,30,61,15,32,58,11,5,0,12,29,1,58,54,8,38,47,2,0,5,9,41,130,1,30,22,2,9,0,3,3,0,56,41,56,53,2,35,0,0,0,0,1,48,3,20,37,140,0,0,0,1,1,32,4,53,145,13
226,2,0,20,0,0,0,0,1,0,0,173,68,7,1,0,0,0,0,0,0,11,100,9,57,38,19,0,5,10,10,15,0,213,0,0,11,0,0,0,1,12,5,33,136,7,24,30,1,0,0,8,22,0,53,132,2,22,10,0,0,1,3,3,26,0,213,2,0,1,0,0,0,0,44,21,12,152,0,20,0,0,0,0,0,2,0,0,209,38,0,0,0,0,0,0,0,0,4,245
19,44,0,185,0,0,1,0,0,0,8,74,99,59,6,0,3,0,0,0,1,38,62,10,47,36,24,1,14,16,42,134,3,28,4,0,38,0,0,0,3,12,16,32,62,10,38,66,10,0,0,10,29,0,62,57,2,50,38,1,0,8,10,40,126,0,27,27,2,9,0,1,1,0,57,51,43,64,2,30,0,0,0,0,2,53,3,12,39,140,0,0,0,0,0,43,5,59,138,4
222,0,0,27,0,0,0,0,0,0,0,190,53,4,2,0,0,0,0,0,0,11,112,3,55,44,17,0,2,5,5,14,2,220,0,0,8,0,0,0,0,9,7,38,148,4,15,24,4,0,0,5,16,0,36,153,2,25,12,0,0,0,0,2,27,0,219,1,0,0,0,0,0,0,42,25,15,149,1,17,0,0,0,0,0,0,0,0,226,23,0,0,0,0,0,1,0,0,4,244
26,43,0,180,0,0,0,0,0,0,1,59,115,67,7,0,0,0,0,0,0,37,56,12,67,41,11,2,17,6,51,124,2,24,5,0,43,0,0,0,1,8,16,32,60,15,29,79,9,0,0,13,24,0,69,51,1,46,43,2,0,9,5,47,120,0,27,35,0,6,0,0,0,0,67,31,55,60,5,31,0,0,0,0,0,43,3,16,22,165,0,0,0,0,0,33,6,40,165,5
235,1,0,13,0,0,0,0,0,0,0,182,66,1,0,0,0,0,0,0,0,9,116,3,58,38,19,0,2,4,4,7,0,236,0,0,2,0,0,0,0,6,4,29,155,2,12,38,3,0,0,4,13,0,49,158,2,19,4,0,0,1,0,0,8,0,238,2,0,0,0,0,0,0,32,33,14,160,3,7,0,0,0,0,0,0,0,0,233,16,0,0,0,0,0,1,0,1,3,244
13,39,0,196,0,0,1,0,0,0,3,65,113,61,7,0,0,0,0,0,0,35,63,8,68,35,18,0,15,7,33,153,3,12,3,0,45,0,0,0,1,9,14,34,57,8,27,91,7,1,0,14,31,0,66,54,3,48,33,0,0,9,3,40,157,0,7,28,1,4,0,0,0,0,77,30,60,50,4,28,0,0,0,0,0,32,0,12,16,189,0,0,0,0,0,40,2,51,151,5
241,0,0,8,0,0,0,0,0,0,0,199,50,0,0,0,0,0,0,0,0,14,128,2,57,30,12,0,1,5,3,8,0,236,0,0,2,0,0,0,0,2,3,24,180,5,12,22,1,0,0,2,17,0,45,162,0,20,3,0,0,0,0,0,8,0,241,0,0,0,0,0,0,0,34,15,15,179,0,6,0,0,0,0,0,0,0,0,234,15,0,0,0,0,0,0,0,0,2,247
8,31,0,210,0,0,0,0,0,0,2,49,123,67,8,0,0,0,0,0,0,21,65,4,78,49,15,0,15,2,35,157,2,11,1,0,43,0,0,0,1,15,5,36,39,13,30,109,0,1,0,8,20,0,76,51,1,55,38,0,0,6,0,36,168,0,8,25,0,6,0,0,1,0,79,47,48,38,1,35,0,0,0,0,0,33,0,14,15,187,0,0,0,0,0,34,0,41,172,2
